,EU
2016-04-05,100.0
2016-04-06,99.96916803568944
2016-04-07,99.9988143220168
2016-04-08,99.96804565613162
2016-04-11,99.87423436753305
2016-04-12,99.88926999702237
2016-04-13,100.16456370141442
2016-04-14,100.16456370141442
2016-04-15,100.16456370141442
2016-04-18,100.13239902936138
2016-04-19,100.01312670442881
2016-04-20,100.12305223633129
2016-04-21,100.13278352134596
2016-04-22,99.78207856361267
2016-04-25,99.89546092481383
2016-04-26,100.06240127057895
2016-04-27,100.02961717759004
2016-04-28,100.33551193848913
2016-04-29,100.41409939083718
2016-05-02,100.41409939083718
2016-05-03,100.41409939083718
2016-05-04,100.41409939083718
2016-05-05,100.41409939083718
2016-05-06,100.37924672304072
2016-05-09,100.5365464471696
2016-05-10,100.55334289454258
2016-05-11,100.51552162879076
2016-05-12,100.61203448766172
2016-05-13,100.51822411074616
2016-05-16,100.45673521483344
2016-05-17,100.47253680065913
2016-05-18,100.47253680065913
2016-05-19,100.43278601016654
2016-05-20,100.61648566246862
2016-05-23,100.91688141507944
2016-05-24,101.14871543467581
2016-05-25,100.97164048124445
2016-05-26,101.20554341064107
2016-05-27,101.20554341064107
2016-05-30,101.16462789249397
2016-05-31,101.46344899264467
2016-06-01,101.51578802131897
2016-06-02,101.60727480697223
2016-06-03,101.45695092441372
2016-06-06,101.41543749907893
2016-06-07,101.46105819565246
2016-06-08,101.35837954269644
2016-06-09,101.31029192466772
2016-06-10,101.422463109701
2016-06-13,101.29311051959566
2016-06-14,101.2591301428588
2016-06-15,101.13648012293544
2016-06-16,100.9289160229008
2016-06-17,100.36353872360048
2016-06-20,100.09169049139442
2016-06-21,100.6155234074591
2016-06-22,100.55239580666189
2016-06-23,99.94036582191461
2016-06-24,101.27195582630866
2016-06-27,100.94373459971145
2016-06-28,100.80045640681605
2016-06-29,100.99315507802125
2016-06-30,101.06284964229431
2016-07-01,101.06284964229431
2016-07-04,101.06284964229431
2016-07-05,101.06284964229431
2016-07-06,101.06284964229431
2016-07-07,101.06284964229431
2016-07-08,101.02323842378529
2016-07-11,101.20716893381858
2016-07-12,101.1685042743839
2016-07-13,101.91884137762868
2016-07-14,102.12744812480581
2016-07-15,102.15411474372014
2016-07-18,102.11802081978736
2016-07-19,102.07512353581134
2016-07-20,102.26074672097407
2016-07-21,102.3096730303774
2016-07-22,102.27334148211267
2016-07-25,102.3344410184704
2016-07-26,102.46851569073829
2016-07-27,102.43142212927513
2016-07-28,102.75823746993989
2016-07-29,102.74011349625324
2016-08-01,102.55468475467708
2016-08-02,102.7082280967265
2016-08-03,102.67201287272991
2016-08-04,102.92292921846828
2016-08-05,102.93371865252645
2016-08-08,103.08962256698035
2016-08-09,103.02173692391017
2016-08-10,103.10213399305323
2016-08-11,103.06640347517062
2016-08-12,103.11555673332413
2016-08-15,103.09889695849247
2016-08-16,103.32420147723921
2016-08-17,103.41890148501078
2016-08-18,103.6210197201485
2016-08-19,103.6210197201485
2016-08-22,103.5847508378581
2016-08-23,103.22056306760123
2016-08-24,103.23148297551631
2016-08-25,103.30752217996964
2016-08-26,103.23975897905353
2016-08-29,103.23027136347582
2016-08-30,102.97435227999215
2016-08-31,103.1951772618078
2016-09-01,103.12719481512545
2016-09-02,102.98503784054127
2016-09-05,103.28261286413066
2016-09-06,103.46342703246707
2016-09-07,103.46342703246707
2016-09-08,103.46342703246707
2016-09-09,103.42871046837993
2016-09-12,103.74829756071166
2016-09-13,103.74829756071166
2016-09-14,103.74829756071166
2016-09-15,103.74829756071166
2016-09-16,103.71270132632868
2016-09-19,104.01918204488325
2016-09-20,103.98310131054917
2016-09-21,104.1685328451747
2016-09-22,104.41577375236244
2016-09-23,104.41577375236244
2016-09-26,104.41577375236244
2016-09-27,104.41577375236244
2016-09-28,104.41577375236244
2016-09-29,104.41577375236244
2016-09-30,104.37558541386325
2016-10-03,104.72866969129761
2016-10-04,104.689140689371
2016-10-05,104.87226852191984
2016-10-06,104.9430719223167
2016-10-07,104.90109856322995
2016-10-10,105.10227268924768
2016-10-11,105.05654938836346
2016-10-12,105.54323599377678
2016-10-13,106.07323552715384
2016-10-14,106.03052305870516
2016-10-17,105.79262175830972
2016-10-18,106.11091507586832
2016-10-19,106.16744080066229
2016-10-20,106.16744080066229
2016-10-21,106.12438607160671
2016-10-24,106.23833678598041
2016-10-25,105.9563443736807
2016-10-26,105.79424386997758
2016-10-27,105.97412414464775
2016-10-28,105.97412414464775
2016-10-31,105.93006324370823
2016-11-01,105.81419184026923
2016-11-02,105.9097048182329
2016-11-03,105.9097048182329
2016-11-04,105.86508222940161
2016-11-07,106.01863351805223
2016-11-08,105.97425893998593
2016-11-09,106.07371529397558
2016-11-10,106.55938744733471
2016-11-11,106.51646715773435
2016-11-14,106.28828966155181
2016-11-15,106.24826397288447
2016-11-16,105.99617929032459
2016-11-17,106.3009278560997
2016-11-18,106.3009278560997
2016-11-21,106.3009278560997
2016-11-22,106.25908514693717
2016-11-23,106.36224636586363
2016-11-24,106.32273912150738
2016-11-25,106.76649620008365
2016-11-28,106.72749864426746
2016-11-29,106.36018026943947
2016-11-30,106.15810604512457
2016-12-01,106.39445235947669
2016-12-02,106.54976662740745
2016-12-05,106.4070076177359
2016-12-06,106.97371731913412
2016-12-07,106.97371731913412
2016-12-08,106.97371731913412
2016-12-09,106.93801645320539
2016-12-12,107.31956865363057
2016-12-13,107.31956865363057
2016-12-14,107.31956865363057
2016-12-15,107.31956865363057
2016-12-16,107.31956865363057
2016-12-19,107.28373953739367
2016-12-20,107.4959006235446
2016-12-21,107.46002481634387
2016-12-22,107.46655811073327
2016-12-23,107.43070288250426
2016-12-27,106.77687513055758
2016-12-28,107.40400927962594
2016-12-29,107.37062795126143
2016-12-30,107.60950880477063
2017-01-02,107.58258005954798
2017-01-03,107.70151165186054
2017-01-04,107.66766284761728
2017-01-05,107.25744335587748
2017-01-06,107.32490169667753
2017-01-09,107.12860455665361
2017-01-10,107.12744776506781
2017-01-11,107.1464246301964
2017-01-12,107.3816574708977
2017-01-13,107.49742011742482
2017-01-16,107.60376095689683
2017-01-17,107.31111201153848
2017-01-18,107.02434698772252
2017-01-19,107.01075699160876
2017-01-20,107.0227238749897
2017-01-23,107.16167827875394
2017-01-24,107.09883807601999
2017-01-25,106.64698359738927
2017-01-26,106.42281627789598
2017-01-27,106.42494115256729
2017-01-30,106.40290641090273
2017-01-31,106.45013046127163
2017-02-01,106.58263498701692
2017-02-02,106.58263498701692
2017-02-03,106.54857538848171
2017-02-06,107.01877560004576
2017-02-07,107.11984665234948
2017-02-08,107.11984665234948
2017-02-09,107.11984665234948
2017-02-10,107.11984665234948
2017-02-13,107.11984665234948
2017-02-14,107.08543172214901
2017-02-15,106.96687141015275
2017-02-16,106.9322439999766
2017-02-17,106.9017746179304
2017-02-20,106.99756013685126
2017-02-21,107.07212715835578
2017-02-22,107.07212715835578
2017-02-23,107.03424681289209
2017-02-24,107.23193140645586
2017-02-27,107.26743115600412
2017-02-28,107.58064131154845
2017-03-01,107.72122749646482
2017-03-02,108.14929834193276
2017-03-03,107.65191153784389
2017-03-06,107.62992220476988
2017-03-07,107.81044149585111
2017-03-08,107.51886232828312
2017-03-09,106.65941875550631
2017-03-10,105.56635623884002
2017-03-13,105.78238001485147
2017-03-14,106.1441129294973
2017-03-15,106.21513705425852
2017-03-16,106.10311167624936
2017-03-17,106.26738981624706
2017-03-20,106.23414643900236
2017-03-21,106.03222272141548
2017-03-22,106.16310211173293
2017-03-23,106.08251449564474
2017-03-24,105.85379115193196
2017-03-27,106.00316946557338
2017-03-28,106.08663921279648
2017-03-29,106.77841651510785
2017-03-30,106.66699167827069
2017-03-31,106.5860886300763
2017-04-03,106.4494910374298
2017-04-04,106.42252166625397
2017-04-05,106.28682749163647
2017-04-06,106.32648524690549
2017-04-07,106.27728106799887
2017-04-10,106.13899168118446
2017-04-11,106.28666447797981
2017-04-12,106.25638845992724
2017-04-13,106.03830298307
2017-04-18,106.14546433353797
2017-04-19,106.36832776769248
2017-04-20,106.50906235206112
2017-04-21,106.79802795489121
2017-04-24,106.76342260609744
2017-04-25,106.47550773695957
2017-04-26,106.46718972970308
2017-04-27,106.94056260126297
2017-04-28,107.1130559673153
2017-05-02,107.08006197478326
2017-05-03,106.93830223046893
2017-05-04,107.3182148256409
2017-05-05,107.02336078572326
2017-05-08,107.20464072879807
2017-05-09,107.31398545771422
2017-05-10,107.24317495592129
2017-05-11,107.25436107533078
2017-05-12,107.11498466026596
2017-05-15,107.3874572074057
2017-05-16,107.35419842050253
2017-05-17,107.75231552249842
2017-05-18,107.81608002970104
2017-05-19,107.81608002970104
2017-05-22,107.7835421374944
2017-05-23,107.84200344565352
2017-05-24,107.84200344565352
2017-05-25,107.84200344565352
2017-05-26,107.84200344565352
2017-05-29,107.80928398084934
2017-05-30,107.72411175246765
2017-05-31,107.5296113850366
2017-06-01,107.68249259305158
2017-06-02,107.68249259305158
2017-06-05,107.68249259305158
2017-06-06,107.64863345664435
2017-06-07,107.82379284281485
2017-06-08,107.72046941754405
2017-06-09,107.68404424229149
2017-06-12,107.81374801514949
2017-06-13,107.81374801514949
2017-06-14,107.81374801514949
2017-06-15,107.7721042230125
2017-06-16,107.97519294852445
2017-06-19,107.97519294852445
2017-06-20,107.93346903257898
2017-06-21,108.30742927307114
2017-06-22,108.26610631706212
2017-06-23,108.38284781226699
2017-06-26,108.35724566225431
2017-06-27,107.49133355748735
2017-06-28,107.6310952412529
2017-06-29,107.32510391206762
2017-06-30,107.37713254455277
2017-07-03,107.62211758363418
2017-07-04,107.6989168039964
2017-07-05,107.67333112648971
2017-07-06,107.63432387587204
2017-07-07,107.74372750903073
2017-07-10,107.70478766154756
2017-07-11,107.83653977750048
2017-07-12,107.64967018466042
2017-07-13,107.62923022104877
2017-07-14,107.31039684554926
2017-07-17,107.41050262200777
2017-07-18,107.45739370341228
2017-07-19,107.64839868462228
2017-07-20,107.72332607355241
2017-07-21,108.21354582016636
2017-07-24,108.21354582016636
2017-07-25,108.17447856952825
2017-07-26,108.22177302887373
2017-07-27,108.22177302887373
2017-07-28,108.17944955510424
2017-07-31,108.47316426134608
2017-08-01,108.15489161602872
2017-08-02,108.07396198086177
2017-08-03,108.17309303940503
2017-08-04,108.02768914028977
2017-08-07,108.04709967622502
2017-08-08,107.86714746399701
2017-08-09,107.91215771418116
2017-08-10,107.85869997493194
2017-08-11,107.81222971440145
2017-08-14,107.8956233877384
2017-08-15,107.8956233877384
2017-08-16,107.8956233877384
2017-08-17,107.8956233877384
2017-08-18,107.84934970831364
2017-08-21,108.11368149963046
2017-08-22,108.11368149963046
2017-08-23,108.06841955075362
2017-08-24,108.11278152021477
2017-08-25,107.99691292251022
2017-08-28,107.74738038509537
2017-08-29,107.5935209099615
2017-08-30,107.814967389051
2017-08-31,107.88696564644458
2017-09-01,107.88696564644458
2017-09-04,107.84112073735874
2017-09-05,108.07673816850041
2017-09-06,108.17056110705524
2017-09-07,108.14668195381718
2017-09-08,108.14668195381718
2017-09-11,108.10102777582917
2017-09-12,107.86366902496098
2017-09-13,107.8729961904904
2017-09-14,107.82601458893386
2017-09-15,107.4743979261967
2017-09-18,107.27043768777304
2017-09-19,107.54857098580055
2017-09-20,107.40135506499928
2017-09-21,106.9556273962162
2017-09-22,106.8890313599969
2017-09-25,107.34616879684866
2017-09-26,107.3283045332726
2017-09-27,107.09529340209497
2017-09-28,107.13300445262479
2017-09-29,107.13300445262479
2017-10-02,107.13300445262479
2017-10-03,107.07457006787946
2017-10-04,107.05154570891216
2017-10-05,107.1401167373652
2017-10-06,106.9631642392841
2017-10-09,106.90493833183845
2017-10-10,107.16084209226176
2017-10-11,106.863955889161
2017-10-12,107.24760841320857
2017-10-13,107.49550250716379
2017-10-16,107.62182981700445
2017-10-17,107.53923047566782
2017-10-18,107.53923047566782
2017-10-19,107.47796171545775
2017-10-20,107.20036513960767
2017-10-23,107.13915498048843
2017-10-24,106.77663377296398
2017-10-25,106.71539814672235
2017-10-26,107.51257826480996
2017-10-27,107.80264954811096
2017-10-30,107.79202457243807
2017-10-31,107.70355203559885
2017-11-01,107.60069928349962
2017-11-02,107.54125514807448
2017-11-03,107.51345010809845
2017-11-06,107.45379342612034
2017-11-07,107.49506362733783
2017-11-08,107.42888798445
2017-11-09,107.51504173194853
2017-11-10,107.16553640682143
2017-11-13,107.10789652072665
2017-11-14,107.26861585176735
2017-11-15,107.26861585176735
2017-11-16,107.20867532940575
2017-11-17,107.20330761302235
2017-11-20,107.0806168821235
2017-11-21,107.28615789272185
2017-11-22,107.66599571899673
2017-11-23,107.91764182484664
2017-11-24,107.84224963706448
2017-11-27,108.18878540695248
2017-11-28,108.0169923081652
2017-11-29,107.71488977443452
2017-11-30,107.6801289128119
2017-12-01,107.75546840480355
2017-12-04,107.67419458983092
2017-12-05,107.61178628304972
2017-12-06,107.64147286157369
2017-12-07,107.62156422032187
2017-12-08,108.18773831535944
2017-12-11,108.18773831535944
2017-12-12,108.18773831535944
2017-12-13,108.18773831535944
2017-12-14,108.18773831535944
2017-12-15,108.18773831535944
2017-12-18,108.12335681540328
2017-12-19,107.50802729920612
2017-12-20,107.11556469117171
2017-12-21,106.31694328312
2017-12-22,106.22011227111534
2017-12-27,105.72087933043488
2017-12-28,105.75646542706735
2017-12-29,105.72117577194497
2018-01-02,106.32018236378215
2018-01-03,106.86178640073922
2018-01-04,106.86178640073922
2018-01-05,106.80653033870313
2018-01-08,106.8652942337578
2018-01-09,106.80966661159393
2018-01-10,106.53034710500229
2018-01-11,106.53034710500229
2018-01-12,106.4794508367745
2018-01-15,106.37971218884668
2018-01-16,106.3284339143721
2018-01-17,106.67570806253126
2018-01-18,106.76770478925157
2018-01-19,106.59252959298506
2018-01-22,106.68126577733037
2018-01-23,106.75080152739882
2018-01-24,106.92393535268532
2018-01-25,108.38445346567802
2018-01-26,107.65593004040188
2018-01-29,107.7238191480032
2018-01-30,107.46147252930835
2018-01-31,107.68414559401987
2018-02-01,107.39284191276977
2018-02-02,107.32930924761676
2018-02-05,106.83683558345987
2018-02-06,106.81420428519857
2018-02-07,106.91266449635046
2018-02-08,106.87236437747241
2018-02-09,106.79759139344529
2018-02-12,106.84569021036114
2018-02-13,106.61504591568604
2018-02-14,106.59945480421229
2018-02-15,106.82060257305817
2018-02-16,106.53701060528522
2018-02-19,106.52648706851475
2018-02-20,106.46220976714883
2018-02-21,106.56075395350683
2018-02-22,106.56075395350683
2018-02-23,106.56075395350683
2018-02-26,106.56075395350683
2018-02-27,106.56075395350683
2018-02-28,106.56075395350683
2018-03-01,106.52406204007625
2018-03-02,106.68809455391393
2018-03-05,106.58769384411175
2018-03-06,106.55210312632377
2018-03-07,106.64339538793415
2018-03-08,106.56923979922605
2018-03-09,106.62376753288719
2018-03-12,106.58795375900493
2018-03-13,106.59465083102452
2018-03-14,106.55892680301665
2018-03-15,106.5219143923332
2018-03-16,106.58586125874085
2018-03-19,106.55017389827496
2018-03-20,106.4398997052713
2018-03-21,106.62759092580141
2018-03-22,106.25577785813086
2018-03-23,106.33889108630387
2018-03-26,106.30278470112029
2018-03-27,106.76265680647083
2018-03-28,106.7265062755021
2018-03-29,106.51922048113474
2018-04-03,106.53547814936924
2018-04-04,106.49918562805128
2018-04-05,106.61622947232696
2018-04-06,106.61622947232696
2018-04-09,106.61622947232696
2018-04-10,106.57989743134615
2018-04-11,106.55983616783249
2018-04-12,106.52142176165644
2018-04-13,106.52835734830725
2018-04-16,106.52835734830725
2018-04-17,106.48915602302691
2018-04-18,106.65572930948525
2018-04-19,107.14203539971237
2018-04-20,107.10405058205139
2018-04-23,107.14495803355888
2018-04-24,107.04379986232144
2018-04-25,107.35591650870239
2018-04-26,107.31048841735094
2018-04-27,107.18540544294525
2018-04-30,107.55417952525137
2018-05-02,107.55417952525137
2018-05-03,107.5048710709546
2018-05-04,107.38321004304355
2018-05-07,107.38112878253226
2018-05-08,107.32910365075494
2018-05-09,107.40499312045868
2018-05-10,107.40499312045868
2018-05-11,107.3535627799681
2018-05-14,106.86272726787732
2018-05-15,106.81287308621918
2018-05-16,106.25034953246615
2018-05-17,106.5889025152406
2018-05-18,106.91007389644149
2018-05-21,107.18181373649558
2018-05-22,107.13392502010987
2018-05-23,106.48783606588907
2018-05-24,106.43088455185456
2018-05-25,105.71906577383933
2018-05-28,105.24665834991123
2018-05-29,103.95594022390388
2018-05-30,104.6040834202214
2018-05-31,105.2156391227316
2018-06-01,105.66175619916356
2018-06-04,105.62895570358913
2018-06-05,105.69640226854247
2018-06-06,105.1873519534522
2018-06-07,105.11851555186172
2018-06-08,105.08733508878451
2018-06-11,105.5093583882846
2018-06-12,105.7368888650074
2018-06-13,105.7368888650074
2018-06-14,105.70692853224335
2018-06-15,106.17303371843447
2018-06-18,106.57598226230216
2018-06-19,106.57598226230216
2018-06-20,106.57598226230216
2018-06-21,106.57598226230216
2018-06-22,106.57598226230216
2018-06-25,106.57598226230216
2018-06-26,106.54670792398117
2018-06-27,106.47610839235588
2018-06-28,106.59133750786216
2018-06-29,106.69502840860481
2018-07-02,106.44903766910714
2018-07-03,106.69529270726896
2018-07-04,106.66597343741999
2018-07-05,106.55873391292884
2018-07-06,106.56717892978278
2018-07-09,106.68727888735772
2018-07-10,106.4938353893796
2018-07-11,106.55329885438105
2018-07-12,106.50424563196448
2018-07-13,106.69012293493765
2018-07-16,106.5809049030626
2018-07-17,106.65209439135708
2018-07-18,106.61521043049869
2018-07-19,106.64253546848693
2018-07-20,106.54163963583802
2018-07-23,106.45454432813206
2018-07-24,106.42462360473823
2018-07-25,106.3743961400147
2018-07-26,106.3445666232679
2018-07-27,106.43944948977449
2018-07-30,106.43944948977449
2018-07-31,106.40942589641827
2018-08-01,106.53313291505752
2018-08-02,106.38960283236199
2018-08-03,106.25341150892353
2018-08-06,106.14877873285458
2018-08-07,106.08075594305126
2018-08-08,105.96850348665086
2018-08-09,105.83548024436044
2018-08-10,105.60530638610308
2018-08-13,105.58492259694306
2018-08-14,105.5678535114097
2018-08-15,105.49254070297782
2018-08-16,105.684357085325
2018-08-17,105.53303569740409
2018-08-20,105.64551088769267
2018-08-21,105.64551088769267
2018-08-22,105.64551088769267
2018-08-23,105.64551088769267
2018-08-24,105.60919641984623
2018-08-27,105.59236754171204
2018-08-28,105.72064008038431
2018-08-29,105.67896982011553
2018-08-30,105.86254542847351
2018-08-31,105.9728355293047
2018-09-03,105.93426523703326
2018-09-04,105.77914654411191
2018-09-05,105.49834486861151
2018-09-06,105.55561494954728
2018-09-07,105.33109011920597
2018-09-10,105.61592870867422
2018-09-11,105.61592870867422
2018-09-12,105.55935053853402
2018-09-13,105.1983248301221
2018-09-14,105.40504725692807
2018-09-17,105.40504725692807
2018-09-18,105.34435816234623
2018-09-19,105.39187580212777
2018-09-20,105.33866464539601
2018-09-21,105.27726051576325
2018-09-24,106.49447005572593
2018-09-25,106.49447005572593
2018-09-26,106.49447005572593
2018-09-27,106.44242398128065
2018-09-28,107.1923498904301
2018-10-01,107.1428893147387
2018-10-02,107.59686884888808
2018-10-03,107.54922922676451
2018-10-04,108.29206175882324
2018-10-05,108.27544448720398
2018-10-08,108.00892936921478
2018-10-09,107.9635606283935
2018-10-10,108.16065767691403
2018-10-11,108.13062470129027
2018-10-12,108.08530099754148
2018-10-15,107.80992636383888
2018-10-16,107.62466875943568
2018-10-17,107.3699433225458
2018-10-18,107.31881557620886
2018-10-19,108.11700091237914
2018-10-22,108.07707521029614
2018-10-23,108.11580244260502
2018-10-24,107.67458566972303
2018-10-25,107.92384255072287
2018-10-26,107.88575008260936
2018-10-29,108.04275459111705
2018-10-30,107.9795961988947
2018-10-31,108.11831133382725
2018-11-01,108.19480219503339
2018-11-02,107.84110146748228
2018-11-05,108.14516040216928
2018-11-06,108.141938898817
2018-11-07,108.2019969464985
2018-11-08,108.32631374914139
2018-11-09,108.13206876819166
2018-11-12,107.88661773200926
2018-11-13,107.84868215098106
2018-11-14,107.67993427008777
2018-11-15,107.64245018717928
2018-11-16,107.59926867696356
2018-11-19,107.56738895737652
2018-11-20,107.53002445498734
2018-11-21,107.59610914525648
2018-11-22,107.59610914525648
2018-11-23,107.55850918289478
2018-11-26,107.44475253701862
2018-11-27,107.66132050017347
2018-11-28,107.6156373536411
2018-11-29,107.95856117285139
2018-11-30,108.00737757276573
2018-12-03,108.00737757276573
2018-12-04,107.96978687129537
2018-12-05,108.19893465028396
2018-12-06,108.19893465028396
2018-12-07,108.1612664142954
2018-12-10,108.1142333631832
2018-12-11,107.99735041032554
2018-12-12,108.29557600059584
2018-12-13,108.13994103276687
2018-12-14,107.78945118247323
2018-12-17,107.92592407832127
2018-12-18,107.9713869691929
2018-12-19,107.9713869691929
2018-12-20,107.93123880061404
2018-12-21,107.52672551809918
2018-12-27,107.27290111187749
2018-12-28,107.05612288606578
2019-01-02,106.65991677469522
2019-01-03,106.63484205322771
2019-01-04,106.98645839912137
2019-01-07,107.04309472877182
2019-01-08,107.04309472877182
2019-01-09,107.04309472877182
2019-01-10,107.04309472877182
2019-01-11,106.99890292381049
2019-01-14,107.33331512081277
2019-01-15,107.33331512081277
2019-01-16,107.33331512081277
2019-01-17,107.29018711198839
2019-01-18,107.83817164559713
2019-01-21,107.95028609649195
2019-01-22,108.03777585223725
2019-01-23,108.02048418557806
2019-01-24,108.10697297021163
2019-01-25,107.47902985366046
2019-01-28,107.6140438230325
2019-01-29,107.82047143183031
2019-01-30,107.48413751932733
2019-01-31,107.8105763410526
2019-02-01,107.68101893782456
2019-02-04,107.51295509445076
2019-02-05,107.45022514068646
2019-02-06,107.38285104485055
2019-02-07,107.88608073780999
2019-02-08,107.95647970427152
2019-02-11,107.96296314659388
2019-02-12,107.85142438219837
2019-02-13,107.64754596681834
2019-02-14,107.2701801781123
2019-02-15,107.1889803231409
2019-02-18,107.4812746386637
2019-02-19,107.39435155249708
2019-02-20,107.60473272541806
2019-02-21,107.0623753184177
2019-02-22,107.39872727729507
2019-02-25,107.29632679449648
2019-02-26,107.46250712222188
2019-02-27,107.02096354751146
2019-02-28,107.04261783365531
2019-03-01,107.04644961901634
2019-03-04,107.02394957244779
2019-03-05,107.01917147084252
2019-03-06,107.26689563844064
2019-03-07,107.62171805146261
2019-03-08,106.8670194801012
2019-03-11,106.86336786434556
2019-03-12,106.83863676962015
2019-03-13,107.00804815867839
2019-03-14,106.78228784067979
2019-03-15,106.95270381980582
2019-03-18,106.94696238004559
2019-03-19,106.84801827162846
2019-03-20,106.87793375087693
2019-03-21,106.83395455276828
2019-03-22,106.50897748997087
2019-03-25,106.37290131556405
2019-03-26,106.21248858572744
2019-03-27,106.21248858572744
2019-03-28,106.17267825980339
2019-03-29,106.4607888359738
2019-04-01,106.4607888359738
2019-04-02,106.4607888359738
2019-04-03,106.4607888359738
2019-04-04,106.42012961650144
2019-04-05,106.17543423816444
2019-04-08,106.27909837146159
2019-04-09,106.1248088255026
2019-04-10,105.77816558386057
2019-04-11,105.9362968695601
2019-04-12,106.15017086045472
2019-04-15,106.17392768452376
2019-04-16,106.17392768452376
2019-04-17,106.13034987398689
2019-04-18,105.87760916633738
2019-04-23,105.87760916633738
2019-04-24,105.83458000722221
2019-04-25,105.84030800310687
2019-04-26,105.84030800310687
2019-04-29,105.79548299761147
2019-04-30,105.96829632810147
2019-05-02,105.83772826855578
2019-05-03,105.79179462202595
2019-05-06,105.71625418722984
2019-05-07,105.71625418722984
2019-05-08,105.67130500361745
2019-05-09,105.75183282792393
2019-05-10,105.90338122474476
2019-05-13,105.90338122474476
2019-05-14,105.85769648284649
2019-05-15,105.90160968472935
2019-05-16,105.8556839946037
2019-05-17,105.71705423920234
2019-05-20,105.87071388095555
2019-05-21,105.82751289836325
2019-05-22,105.82751289836325
2019-05-23,105.78093684659278
2019-05-24,105.5910270479092
2019-05-27,105.32354021501509
2019-05-28,105.5111988307906
2019-05-29,105.57374172109625
2019-05-30,105.6758178395962
2019-05-31,105.50624968028764
2019-06-03,105.37496882224953
2019-06-04,105.32622309656658
2019-06-05,106.21758136268014
2019-06-06,106.69754789414428
2019-06-07,106.69522874347362
2019-06-10,106.0969104915292
2019-06-11,106.23368537357341
2019-06-12,106.18855296073197
2019-06-13,106.42762951736637
2019-06-14,106.3826905453488
2019-06-17,106.27533869092036
2019-06-18,105.48669076770648
2019-06-19,106.04066756219332
2019-06-20,106.05730804695854
2019-06-21,106.22823125297711
2019-06-24,106.27321619474743
2019-06-25,106.33804879086739
2019-06-26,106.2967594171057
2019-06-27,106.13599529707527
2019-06-28,105.89973354099425
2019-07-01,105.85361910178226
2019-07-02,105.73547324399513
2019-07-03,105.10942597890127
2019-07-04,104.82024554024014
2019-07-05,104.96260063871745
2019-07-08,104.58669926405754
2019-07-09,104.66134343451876
2019-07-10,104.65533219254333
2019-07-11,104.65533219254333
2019-07-12,104.61239811122134
2019-07-15,104.72352168175082
2019-07-16,104.75972942624072
2019-07-17,104.68188268156405
2019-07-18,104.43214645827004
2019-07-19,104.18290341570429
2019-07-22,104.18290341570429
2019-07-23,104.18290341570429
2019-07-24,104.14109354335224
2019-07-25,104.33013701601996
2019-07-26,104.33013701601996
2019-07-29,104.2890106375984
2019-07-30,104.18809548715078
2019-07-31,104.18809548715078
2019-08-01,104.18809548715078
2019-08-02,104.14815074342647
2019-08-05,104.08818807837687
2019-08-06,104.0742974989325
2019-08-07,104.13704350515378
2019-08-08,103.73794119623274
2019-08-09,103.70060250665176
2019-08-12,103.91651636872099
2019-08-13,104.2207206571307
2019-08-14,104.75145962095375
2019-08-15,104.81292965200456
2019-08-16,105.06883367635433
2019-08-19,105.0317748264025
2019-08-20,105.04326532376847
2019-08-21,105.47346365643449
2019-08-22,105.47346365643449
2019-08-23,105.47346365643449
2019-08-26,105.47346365643449
2019-08-27,105.43699187069188
2019-08-28,105.74518348572764
2019-08-29,105.3031621952278
2019-08-30,105.06176712182678
2019-09-02,105.01815275435975
2019-09-03,105.26814045897048
2019-09-04,105.07739945685344
2019-09-05,104.20393139102504
2019-09-06,104.59616903461236
2019-09-09,104.23145586489476
2019-09-10,104.20978208393257
2019-09-11,104.2828943508872
2019-09-12,104.81659409204799
2019-09-13,105.25370927775705
2019-09-16,105.21911217751307
2019-09-17,105.06406129342743
2019-09-18,105.06406129342743
2019-09-19,105.03019803452185
2019-09-20,104.94784320385118
2019-09-23,104.74705737054472
2019-09-24,104.54779909140414
2019-09-25,104.51439205850266
2019-09-26,104.81257870308151
2019-09-27,104.5839553366882
2019-09-30,104.43351252585265
2019-10-01,104.30251341982073
2019-10-02,104.2726296623488
2019-10-03,104.28767173970344
2019-10-04,104.28767173970344
2019-10-07,104.28767173970344
2019-10-08,104.28767173970344
2019-10-09,104.2530481065961
2019-10-10,104.35678836600934
2019-10-11,104.35678836600934
2019-10-14,104.32261802029623
2019-10-15,104.40176849598926
2019-10-16,104.40176849598926
2019-10-17,104.36827329662385
2019-10-18,104.31287032481593
2019-10-21,104.65946661142138
2019-10-22,104.31826413186917
2019-10-23,104.20754408263662
2019-10-24,104.20754408263662
2019-10-25,104.20754408263662
2019-10-28,104.20754408263662
2019-10-29,104.17410252220571
2019-10-30,104.16059322413027
2019-10-31,104.20962437172233
2019-11-01,104.17570624747299
2019-11-04,104.39662599128536
2019-11-05,104.3624391189655
2019-11-06,104.47480938409326
2019-11-07,104.47480938409326
2019-11-08,104.47480938409326
2019-11-11,104.47480938409326
2019-11-12,104.43983558492636
2019-11-13,104.59454811562534
2019-11-14,104.55816963107041
2019-11-15,104.631202437966
2019-11-18,104.64090364783347
2019-11-19,104.60350252487616
2019-11-20,104.76695485906843
2019-11-21,104.89363882404608
2019-11-22,104.85621615705276
2019-11-25,105.00239310743684
2019-11-26,105.04927776687924
2019-11-27,104.87693682729787
2019-11-28,104.87693682729787
2019-11-29,104.83767077371891
2019-12-02,104.87047600940484
2019-12-03,104.69291068678284
2019-12-04,104.73150454961058
2019-12-05,104.99450153984067
2019-12-06,105.22692904316983
2019-12-09,105.22692904316983
2019-12-10,105.17812283674431
2019-12-11,105.33933340622137
2019-12-12,105.33933340622137
2019-12-13,105.28799925044446
2019-12-16,105.40568649264752
2019-12-17,105.40568649264752
2019-12-18,105.35223452580496
2019-12-19,105.26895930866131
2019-12-20,105.26566979419063
2019-12-23,105.21948822125353
2019-12-27,105.21948822125353
2019-12-30,105.21948822125353
2020-01-02,105.16417559339732
2020-01-03,105.15572053623062
2020-01-06,104.87456798628428
2020-01-07,104.6835278885079
2020-01-08,105.00411259352602
2020-01-09,105.00411259352602
2020-01-10,104.95086291724127
2020-01-13,105.05499660578579
2020-01-14,104.83877464649119
2020-01-15,104.8567617143915
2020-01-16,105.12979014384098
2020-01-17,105.12713544671324
2020-01-20,105.02590281053186
2020-01-21,104.89504484604669
2020-01-22,105.02018634244585
2020-01-23,105.3221954868383
2020-01-24,105.17362660495797
2020-01-27,105.18633111854861
2020-01-28,104.9832659814052
2020-01-29,104.91677624797727
2020-01-30,105.02633983713832
2020-01-31,104.94097167994387
2020-02-03,105.00209501536992
2020-02-04,105.18265076361526
2020-02-05,105.18265076361526
2020-02-06,105.1119572592407
2020-02-07,104.94393716356218
2020-02-10,104.94393716356218
2020-02-11,104.94393716356218
2020-02-12,104.94393716356218
2020-02-13,104.94393716356218
2020-02-14,104.86980146812984
2020-02-17,104.85607256208269
2020-02-18,105.07970789746493
2020-02-19,105.0046185686341
2020-02-20,105.52198149016128
2020-02-21,106.1426674200336
2020-02-24,105.85745610040729
2020-02-25,105.97018537151048
2020-02-26,105.73647747116557
2020-02-27,105.91899310011357
2020-02-28,106.61472692206058
2020-03-02,106.27390964243621
2020-03-03,106.19587379858612
2020-03-04,106.0419016974294
2020-03-05,105.96472234975514
2020-03-06,106.92967742267936
2020-03-09,107.89243127879746
2020-03-10,108.62735274336445
2020-03-11,108.41613605503657
2020-03-12,109.93064847284346
2020-03-13,109.1838203730396
2020-03-16,109.34168036796119
2020-03-17,109.11398816155116
2020-03-18,109.39523949961247
2020-03-19,109.09848011849694
2020-03-20,108.55801342463091
2020-03-23,109.00171271611931
2020-03-24,109.00171271611931
2020-03-25,109.00171271611931
2020-03-26,109.00171271611931
2020-03-27,108.96745376192692
2020-03-30,108.92892725699849
2020-03-31,109.02147916266019
2020-04-01,108.87179155026531
2020-04-02,108.97371046111937
2020-04-03,108.96145589491823
2020-04-06,109.26400564390242
2020-04-07,109.1200061127781
2020-04-08,108.97646036059498
2020-04-09,109.04114321752844
2020-04-14,108.9759814987787
2020-04-15,108.91756483480464
2020-04-16,109.22332827943546
2020-04-17,109.24577280318779
2020-04-20,109.25712080930394
2020-04-21,109.27074347308705
2020-04-22,109.3230285498866
2020-04-23,109.29194150218152
2020-04-24,109.38495894763325
2020-04-27,109.20603860657204
2020-04-28,109.20603860657204
2020-04-29,109.20603860657204
2020-04-30,109.1722355898286
2020-05-04,109.23765193135341
2020-05-05,109.23765193135341
2020-05-06,109.20386709185101
2020-05-07,109.04927468335022
2020-05-08,109.16205687063274
2020-05-11,109.1285921028706
2020-05-12,109.19257474060417
2020-05-13,109.15925537761926
2020-05-14,109.29207590522496
2020-05-15,108.92623671269331
2020-05-18,108.8812400450535
2020-05-19,108.84910550796035
2020-05-20,108.80424527441303
2020-05-21,108.91951584232436
2020-05-22,108.88996940916978
2020-05-25,108.85968417195538
2020-05-26,108.82753802445792
2020-05-27,108.64269031215983
2020-05-28,108.95864426936694
2020-05-29,108.98120082534584
2020-06-01,109.07738918885607
2020-06-02,108.86956145667651
2020-06-03,108.83065489263319
2020-06-04,108.83065489263319
2020-06-05,108.79681319734775
2020-06-08,108.6229063687527
2020-06-09,108.64429536097103
2020-06-10,109.06139926215006
2020-06-11,108.80927913072983
2020-06-12,108.84648977028368
2020-06-15,108.97997295872675
2020-06-16,109.04064050232142
2020-06-17,108.99887022309616
2020-06-18,109.39572063932627
2020-06-19,109.35948493844757
2020-06-22,109.31669079328394
2020-06-23,109.18564818143366
2020-06-24,109.13878417485712
2020-06-25,109.31596556660391
2020-06-26,109.51756590099491
2020-06-29,109.56510756162459
2020-06-30,109.66102681576444
2020-07-01,109.65064934394483
2020-07-02,109.39785265671276
2020-07-03,109.6046410480989
2020-07-06,109.35638024792173
2020-07-07,109.60948179618026
2020-07-08,109.84985382085574
2020-07-09,109.68784138394929
2020-07-10,109.61410532630018
2020-07-13,109.83149358829071
2020-07-14,109.68700562368883
2020-07-15,109.79996763971775
2020-07-16,109.59114733529908
2020-07-17,109.86437409646453
2020-07-20,109.60103096211544
2020-07-21,109.62247777156703
2020-07-22,109.6065114380395
2020-07-23,109.91411083283222
2020-07-24,109.96979760425647
2020-07-27,110.00736773856504
2020-07-28,110.14758960130114
2020-07-29,110.39735814747299
2020-07-30,110.50403047142157
2020-07-31,110.41297791460163
2020-08-03,110.51722432995714
2020-08-04,110.47723975252792
2020-08-05,110.87472028703414
2020-08-06,110.73899278462792
2020-08-07,110.67189760905201
2020-08-10,110.54755832854735
2020-08-11,110.63334193402613
2020-08-12,110.35994444973238
2020-08-13,110.52114593640177
2020-08-14,110.69361959536492
2020-08-17,110.43877123569028
2020-08-18,110.7597151934339
2020-08-19,110.67057570266887
2020-08-20,111.08929512999606
2020-08-21,111.00938122536581
2020-08-24,111.02816996098828
2020-08-25,110.96153110756421
2020-08-26,110.85568720835508
2020-08-27,110.7129416497993
2020-08-28,110.83932244064852
2020-08-31,110.77323743191225
2020-09-01,110.70290359442228
2020-09-02,110.70290359442228
2020-09-03,110.70290359442228
2020-09-04,110.70290359442228
2020-09-07,110.6458030874637
2020-09-08,110.72964038851171
2020-09-09,110.70482486491606
2020-09-10,110.6462742637389
2020-09-11,110.55241962966925
2020-09-14,109.99299526295712
2020-09-15,110.01836767149283
2020-09-16,109.5315700141694
2020-09-17,109.64254526210004
2020-09-18,109.2987806023945
2020-09-21,108.80168959679449
2020-09-22,109.14189194995598
2020-09-23,109.3377528955827
2020-09-24,109.28649870546636
2020-09-25,109.39528167109422
2020-09-28,109.28286705118433
2020-09-29,109.23259940755791
2020-09-30,109.23259940755791
2020-10-01,109.18052015255411
2020-10-02,109.3757783582336
2020-10-05,109.00081328378018
2020-10-06,108.9512278804291
2020-10-07,108.72788147016948
2020-10-08,108.68065568988814
2020-10-09,108.76323245105101
2020-10-12,108.78891089890004
2020-10-13,108.84163678202921
2020-10-14,108.71973027220592
2020-10-15,108.69327823120642
2020-10-16,108.41911862103433
2020-10-19,108.36373653443611
2020-10-20,108.11293453370871
2020-10-21,108.33009021938958
2020-10-22,108.1458772647639
2020-10-23,108.44426815760846
2020-10-26,108.46257484272574
2020-10-27,108.06359437300164
2020-10-28,108.01579432473952
2020-10-29,107.54807398167485
2020-10-30,107.18795483772081
2020-11-02,107.14197316653384
2020-11-03,107.12140577423447
2020-11-04,107.21010992292392
2020-11-05,107.16728216307307
2020-11-06,107.02532808168601
2020-11-09,106.98614987034651
2020-11-10,106.74621703754022
2020-11-11,106.48832111852946
2020-11-12,106.4465166789024
2020-11-13,106.63997853530584
2020-11-16,106.69629910125357
2020-11-17,106.61246959685803
2020-11-18,106.82425683752473
2020-11-19,106.81100579469935
2020-11-20,106.7120424890113
2020-11-23,106.6499545658764
2020-11-24,106.59212561707155
2020-11-25,106.50884829488562
2020-11-26,106.49390007177293
2020-11-27,106.43584442320126
2020-11-30,106.49976498075007
2020-12-01,106.57892814462384
2020-12-02,106.56911997771961
2020-12-03,106.66603815325475
2020-12-04,106.93856339381718
2020-12-07,106.91541994189136
2020-12-08,106.90132050848902
2020-12-09,106.90132050848902
2020-12-10,106.90132050848902
2020-12-11,106.87975182525665
2020-12-14,106.87053631438634
2020-12-15,106.81194607748554
2020-12-16,106.6424048157708
2020-12-17,106.57372340936429
2020-12-18,106.55205472037288
2020-12-21,106.51545014175112
2020-12-22,106.37821371873125
2020-12-23,106.31235983086309
2020-12-28,106.21004077738449
2020-12-29,106.44977664083528
2020-12-30,106.5338635019852
2021-01-04,106.51124575062974
2021-01-05,106.5081416345065
2021-01-06,106.5081416345065
2021-01-07,106.5081416345065
2021-01-08,106.4846758249326
2021-01-11,106.54559329915645
2021-01-12,106.52134615899487
2021-01-13,106.40116502810348
2021-01-14,106.40116502810348
2021-01-15,106.37405626583076
2021-01-18,106.31944583521702
2021-01-19,106.4730664104525
2021-01-20,106.4730664104525
2021-01-21,106.4730664104525
2021-01-22,106.4730664104525
2021-01-25,106.43976079263643
2021-01-26,106.28884498955222
2021-01-27,106.28884498955222
2021-01-28,106.25522606820867
2021-01-29,106.25117960496311
2021-02-01,106.33030489228474
2021-02-02,106.36835997940848
2021-02-03,106.33872614822033
2021-02-04,106.30549995574374
2021-02-05,106.41903480568679
2021-02-08,106.57105467907652
2021-02-09,106.39064569866584
2021-02-10,106.47261260618079
2021-02-11,106.52216363277438
2021-02-12,106.46458028096582
2021-02-15,106.42838361712205
2021-02-16,106.43404444312108
2021-02-17,106.52943287352923
2021-02-18,106.52943287352923
2021-02-19,106.4938578150078
2021-02-22,106.1808291985293
2021-02-23,106.33635358347335
2021-02-24,106.23919341440084
2021-02-25,106.22591356524642
2021-02-26,105.5060183731628
2021-03-01,105.47675099897582
2021-03-02,105.58743769474492
2021-03-03,105.86343226728931
2021-03-04,105.80969679460661
2021-03-05,105.71037087983429
2021-03-08,105.91073280603254
2021-03-09,105.8418051094859
2021-03-10,105.83523259604415
2021-03-11,105.80584936799222
2021-03-12,105.80584936799222
2021-03-15,105.80584936799222
2021-03-16,105.80584936799222
2021-03-17,105.80584936799222
2021-03-18,105.80584936799222
2021-03-19,105.80584936799222
2021-03-22,105.7722721784101
2021-03-23,105.9533319891875
2021-03-24,105.99861417919982
2021-03-25,105.99861417919982
2021-03-26,105.96569155671935
2021-03-29,105.86134096094666
2021-03-30,105.71348160226141
2021-03-31,105.66303823269764
2021-04-01,105.74057740512788
2021-04-06,105.62400146174444
2021-04-07,105.63969789212389
2021-04-08,105.74825412526853
2021-04-09,105.70212338298354
2021-04-12,105.79410544334176
2021-04-13,105.76580472850101
2021-04-14,105.76828520872306
2021-04-15,106.15758600279845
2021-04-16,106.11036470037634
2021-04-19,106.42665435854717
2021-04-20,106.38065614873824
2021-04-21,106.3432073373374
2021-04-22,106.5188503976617
2021-04-23,106.58881905190817
2021-04-26,106.69055888806705
2021-04-27,106.70583027214688
2021-04-28,106.6952985686329
2021-04-29,106.98851015617375
2021-04-30,106.89454517492152
2021-05-03,106.82830177689083
2021-05-04,106.78179255188307
2021-05-05,106.73541513655753
2021-05-06,106.72376911786449
2021-05-07,106.54612575009348
2021-05-10,106.58119397630344
2021-05-11,106.26172579422114
2021-05-12,106.21623956241686
2021-05-13,106.18670657901244
2021-05-14,106.14112461659795
2021-05-17,106.20930519820635
2021-05-18,106.1637511060719
2021-05-19,106.27670488089034
2021-05-20,106.20660472284868
2021-05-21,106.57765544041125
2021-05-24,106.41183289528249
2021-05-25,106.3642371935629
2021-05-26,106.08535034426106
2021-05-27,106.08535034426106
2021-05-28,106.08535034426106
2021-05-31,106.03287295846184
2021-06-01,106.04796612375627
2021-06-02,106.04796612375627
2021-06-03,105.99454194199764
2021-06-04,105.86642884202703
2021-06-07,105.86642884202703
2021-06-08,105.81143425389298
2021-06-09,105.80742345675691
2021-06-10,105.807556287734
2021-06-11,105.8663529245717
2021-06-14,105.8663529245717
2021-06-15,105.81223988051288
2021-06-16,105.70800134979028
2021-06-17,105.65676267926962
2021-06-18,105.3360135167166
2021-06-21,105.26014574137919
2021-06-22,105.60008819964155
2021-06-23,105.75198438157605
2021-06-24,105.80373416227064
2021-06-25,105.59578142063503
2021-06-28,105.69246034705711
2021-06-29,105.57476403671835
2021-06-30,105.78094987797411
2021-07-01,105.85518082797138
2021-07-02,106.10610540813965
2021-07-05,105.81618956266787
2021-07-06,106.21062633138895
2021-07-07,106.41415201850634
2021-07-08,106.40969209103469
2021-07-09,106.45313890097793
2021-07-12,106.45313890097793
2021-07-13,106.45313890097793
2021-07-14,106.39388608108966
2021-07-15,106.31836538253363
2021-07-16,106.3800348153656
2021-07-19,106.5493249059443
2021-07-20,106.48668859069983
2021-07-21,106.58822823491091
2021-07-22,106.33739060690017
2021-07-23,106.13035659311298
2021-07-26,106.06996041366506
2021-07-27,106.25871705805396
2021-07-28,106.1849008486664
2021-07-29,106.14912211922247
2021-07-30,106.08724717375296
2021-08-02,106.1661856520614
2021-08-03,106.11505229350308
2021-08-04,106.12682657884218
2021-08-05,106.11608000855028
2021-08-06,106.38353274445637
2021-08-09,106.38353274445637
2021-08-10,106.32122230177232
2021-08-11,106.59877020835347
2021-08-12,106.25556867483121
2021-08-13,106.70560595921053
2021-08-16,106.64374555768849
2021-08-17,106.72356272651041
2021-08-18,106.66968984002297
2021-08-19,106.7557161194601
2021-08-20,106.7557161194601
2021-08-23,106.68485384223212
2021-08-24,106.67028502745963
2021-08-25,106.45665950828192
2021-08-26,106.38556602423672
2021-08-27,106.26933553984483
2021-08-30,106.48328958985167
2021-08-31,106.48328958985167
2021-09-01,106.41194566700882
2021-09-02,106.77311532270812
2021-09-03,107.2758997834917
2021-09-06,107.15009235117165
2021-09-07,107.08777785351312
2021-09-08,107.0822201405887
2021-09-09,106.64900620541545
2021-09-10,106.58372815617905
2021-09-13,106.62628998714972
2021-09-14,106.79317738631656
2021-09-15,106.47085313110472
2021-09-16,106.760167512379
2021-09-17,107.34339207604503
2021-09-20,107.34339207604503
2021-09-21,107.34339207604503
2021-09-22,107.34339207604503
2021-09-23,107.2841324341199
2021-09-24,107.00080658744106
2021-09-27,107.04048662854828
2021-09-28,106.9815927167344
2021-09-29,106.4543765212644
2021-09-30,106.41886930661484
2021-10-01,106.3685440383907
2021-10-04,106.4035928613861
2021-10-05,106.83451225175216
2021-10-06,106.77639251393704
2021-10-07,106.52520574574909
2021-10-08,107.01959672899604
2021-10-11,107.01959672899604
2021-10-12,106.96495503067405
2021-10-13,107.73971132698314
2021-10-14,107.69148542454971
2021-10-15,107.63708187991602
2021-10-18,107.64535407756912
2021-10-19,108.01950534069927
2021-10-20,108.3849804117895
2021-10-21,108.09088552784863
2021-10-22,108.9004491261844
2021-10-25,108.68350653730039
2021-10-26,109.00867528618956
2021-10-27,107.50468469671439
2021-10-28,106.66064922454481
2021-10-29,107.04708677323747
2021-11-01,107.71579091678969
2021-11-02,107.82522889871468
2021-11-03,107.82522889871468
2021-11-04,107.82522889871468
2021-11-05,107.82522889871468
2021-11-08,107.82522889871468
2021-11-09,107.80190002126086
2021-11-10,107.69575100984004
2021-11-11,107.78125762041827
2021-11-12,108.06144479901529
2021-11-15,108.06144479901529
2021-11-16,108.06144479901529
2021-11-17,108.06144479901529
2021-11-18,108.06144479901529
2021-11-19,108.06144479901529
2021-11-22,108.06144479901529
2021-11-23,108.03892882300153
2021-11-24,108.02442073271432
2021-11-25,108.02442073271432
2021-11-26,108.00178977208643
2021-11-29,108.00262527183686
2021-11-30,108.03007395698828
2021-12-01,108.0072392287631
2021-12-02,108.37040312653794
2021-12-03,108.37040312653794
2021-12-06,108.37040312653794
2021-12-07,108.34783483892735
2021-12-08,108.20347859796813
2021-12-09,108.38749835967812
2021-12-10,108.06041150316884
2021-12-13,108.24537892562564
2021-12-14,108.39349735220986
2021-12-15,108.54869735072643
2021-12-16,108.14033568278623
2021-12-17,107.8922022121467
2021-12-20,108.01412904844827
2021-12-21,107.82999241527995
2021-12-22,108.05335454066709
2021-12-23,107.97979103016937
2021-12-24,107.99798966577232
2021-12-27,107.97585475293798
2021-12-28,108.08552571658923
2021-12-29,108.08552571658923
2021-12-30,108.06350822601678
2021-12-31,108.07077836568044
2022-01-03,108.04859213994477
2022-01-04,108.14230045441884
2022-01-05,108.11996151233387
2022-01-06,108.08246641838959
2022-01-07,108.14541801715892
2022-01-10,108.1954036672111
2022-01-11,108.01712565442824
2022-01-12,107.81673297234866
2022-01-13,107.78203321505129
2022-01-14,107.60263084183967
2022-01-17,107.70775762977274
2022-01-18,107.6451915013785
2022-01-19,107.85525372217744
2022-01-20,107.88025527410112
2022-01-21,107.88025527410112
2022-01-24,107.88025527410112
2022-01-25,107.85464732133805
2022-01-26,108.16889119940618
2022-01-27,107.71530188341478
2022-01-28,107.67100103798109
2022-01-31,106.89973019580576
2022-02-01,107.08731967530886
2022-02-02,106.83096516828712
2022-02-03,104.73357812904797
2022-02-04,103.49668965950127
2022-02-07,104.06764280057862
2022-02-08,104.3186891934558
2022-02-09,104.3636597610898
2022-02-10,104.3486972169968
2022-02-11,104.24712452255972
2022-02-14,104.26842108707932
2022-02-15,104.32590310752927
2022-02-16,104.6448338321905
2022-02-17,104.6448338321905
2022-02-18,104.6448338321905
2022-02-21,104.6448338321905
2022-02-22,104.6448338321905
2022-02-23,104.6448338321905
2022-02-24,104.6448338321905
2022-02-25,104.6448338321905
2022-02-28,104.63070998566144
2022-03-01,105.08170468883078
2022-03-02,105.62249555446014
2022-03-03,105.60928633380809
2022-03-04,105.69047452194525
2022-03-07,105.68435813069354
2022-03-08,105.54476459508268
2022-03-09,105.531571928361
2022-03-10,104.65465361451729
2022-03-11,104.84111530121729
2022-03-14,104.79240336395432
2022-03-15,105.01125206838549
2022-03-16,105.01125206838549
2022-03-17,104.99962296268568
2022-03-18,105.14477743077113
2022-03-21,105.3955918138117
2022-03-22,105.3955918138117
2022-03-23,105.3955918138117
2022-03-24,105.3955918138117
2022-03-25,105.38415141005592
2022-03-28,105.56168404567737
2022-03-29,105.75449730269324
2022-03-30,106.00648787107419
2022-03-31,105.94263069866629
2022-04-01,105.85272831616199
2022-04-04,105.95092547406449
2022-04-05,105.99908122147687
2022-04-06,106.13662558176182
2022-04-07,106.12537347139603
2022-04-08,106.50913408441387
2022-04-11,106.50913408441387
2022-04-12,106.49817691396952
2022-04-13,106.55799734579561
2022-04-14,106.18816362883436
2022-04-15,106.30504653081833
2022-04-19,106.2174663064456
2022-04-20,106.10920813277924
2022-04-21,106.6870839349239
2022-04-22,107.23062566273444
2022-04-25,107.23062566273444
2022-04-26,107.23062566273444
2022-04-27,107.23062566273444
2022-04-28,107.22057038424066
2022-04-29,106.92530298351421
2022-05-02,107.06918652835864
2022-05-03,107.06918652835864
2022-05-04,107.06918652835864
2022-05-05,107.06918652835864
2022-05-06,107.0576070619004
2022-05-09,106.91597202633368
2022-05-10,106.91597202633368
2022-05-11,106.91597202633368
2022-05-12,106.90385148657502
2022-05-13,106.9613932675451
2022-05-16,107.39312173792112
2022-05-17,107.38103925901382
2022-05-18,107.56489973694168
2022-05-19,107.59248152389935
2022-05-20,107.61357680911789
2022-05-23,107.67263880681783
2022-05-24,107.73477869370392
2022-05-25,107.63901100589149
2022-05-26,107.60420720949115
2022-05-27,107.8152862426094
2022-05-30,108.07387333711007
2022-05-31,108.21759285183536
2022-06-01,108.20416308056741
2022-06-02,108.11393693317164
2022-06-03,108.28077198226342
2022-06-06,108.37597180897167
2022-06-07,108.41563240684332
2022-06-08,108.39252132351662
2022-06-09,109.00928747403862
2022-06-10,109.18281761353347
2022-06-13,109.77971173420806
2022-06-14,110.85052494237272
2022-06-15,111.87457771636575
2022-06-16,111.8715311697199
2022-06-17,111.88238455190071
2022-06-20,111.75509412367724
2022-06-21,111.73368582905663
2022-06-22,111.79614784668925
2022-06-23,111.98718796614754
2022-06-24,111.9744965050507
2022-06-27,111.91055789655539
2022-06-28,111.97152809721285
2022-06-29,111.7429801090091
2022-06-30,112.01190893219797
2022-07-01,112.20317186753444
2022-07-04,111.74377668265683
2022-07-05,112.16939778014338
2022-07-06,112.27668809893976
2022-07-07,112.26457020549509
2022-07-08,112.30225943758529
2022-07-11,112.30225943758529
2022-07-12,112.29014536500297
2022-07-13,112.51242183141727
2022-07-14,112.50003299254168
2022-07-15,112.77030322345529
2022-07-18,112.71956930962381
2022-07-19,112.85113312351014
2022-07-20,112.93849194370851
2022-07-21,113.01051407211133
2022-07-22,113.22267395847948
2022-07-25,113.17845218212672
2022-07-26,113.40092068135834
2022-07-27,113.38689696241894
2022-07-28,113.3305188831879
2022-07-29,113.3305188831879
2022-08-01,113.3164233025613
2022-08-02,113.49829413992336
2022-08-03,113.48419263916905
2022-08-04,113.72202539518632
2022-08-05,113.72202539518632
2022-08-08,113.70784523980657
2022-08-09,113.80568783898009
2022-08-10,113.79148089710284
2022-08-11,114.04488540192625
2022-08-12,114.16593782281753
2022-08-15,114.16593782281753
2022-08-16,114.15140688340999
2022-08-17,113.87864653251371
2022-08-18,113.98652624224528
2022-08-19,113.87485692021401
2022-08-22,113.98166176413727
2022-08-23,114.14758314133955
2022-08-24,114.00853054368913
2022-08-25,113.84620775896983
2022-08-26,113.90486671465918
2022-08-29,114.31034814729625
2022-08-30,114.31034814729625
2022-08-31,114.29611315446459
2022-09-01,114.16244687447087
2022-09-02,113.98461111293344
2022-09-05,114.14532281293064
2022-09-06,114.42743658067376
2022-09-07,114.41316533905524
2022-09-08,114.46097297845901
2022-09-09,114.72958859425813
2022-09-12,114.83092839402231
2022-09-13,114.83537859765359
2022-09-14,115.14170332947174
2022-09-15,115.37251567429074
2022-09-16,115.48060792401012
2022-09-19,115.48060792401012
2022-09-20,115.46041771330728
2022-09-21,115.45720590907548
2022-09-22,115.43784704903908
2022-09-23,115.43778564701577
2022-09-26,115.43778564701577
2022-09-27,115.43778564701577
2022-09-28,115.41808032157135
2022-09-29,115.6048244802048
2022-09-30,115.6048244802048
2022-10-03,115.58304761747505
2022-10-04,115.57540687782979
2022-10-05,116.0212460056272
2022-10-06,115.8588959612297
2022-10-07,115.96912901114432
2022-10-10,115.94574715432688
2022-10-11,115.42149828770843
2022-10-12,115.19442672544595
2022-10-13,115.18340356023171
2022-10-14,115.02620504256822
2022-10-17,115.34333499514582
2022-10-18,115.32032296444508
2022-10-19,115.28246763132894
2022-10-20,115.59605506409238
2022-10-21,115.59605506409238
2022-10-24,115.57266445466678
2022-10-25,116.00784564842684
2022-10-26,115.78063533580473
2022-10-27,116.3023263905715
2022-10-28,117.09302102303593
2022-10-31,117.67900799256815
2022-11-01,117.65786912436613
2022-11-02,117.60740211807328
2022-11-03,117.86392824161422
2022-11-04,117.86392824161422
2022-11-07,117.84311760175324
2022-11-08,118.21951693181674
2022-11-09,117.96984478760623
2022-11-10,117.94928710206834
2022-11-11,118.12964291851218
2022-11-14,117.88098701083254
2022-11-15,117.95480294279767
2022-11-16,117.72503394820495
2022-11-17,117.95666116970666
2022-11-18,118.35288516329408
2022-11-21,118.53243553972659
2022-11-22,118.53243553972659
2022-11-23,118.53243553972659
2022-11-24,118.53243553972659
2022-11-25,118.51126450668026
2022-11-28,118.59260149655057
2022-11-29,118.23291808521282
2022-11-30,118.24081606131462
2022-12-01,117.9514621068979
2022-12-02,118.0869658375621
2022-12-05,118.34143324839212
2022-12-06,118.23228720427099
2022-12-07,118.10339820494524
2022-12-08,118.49469899362643
2022-12-09,118.57488476313603
2022-12-12,118.57488476313603
2022-12-13,118.55355015237205
2022-12-14,118.84778618533025
2022-12-15,118.1763171433869
2022-12-16,119.05747759423416
2022-12-19,119.05747759423416
2022-12-20,119.05747759423416
2022-12-21,119.05747759423416
2022-12-22,119.05747759423416
2022-12-23,119.03716162121395
2022-12-27,119.06167480646516
2022-12-28,119.17100864549136
2022-12-29,119.38935450796089
2022-12-30,119.36913487700718
2023-01-02,119.84947148780864
2023-01-03,119.84947148780864
2023-01-04,119.83001391640707
2023-01-05,120.00119010755334
2023-01-06,119.64658632264896
2023-01-09,119.67598209214223
2023-01-10,119.71337877710626
2023-01-11,119.23112949183287
2023-01-12,119.16837664412463
2023-01-13,118.97919157735626
2023-01-16,119.05805242756054
2023-01-17,118.89086393085904
2023-01-18,119.17664882890631
2023-01-19,119.17664882890631
2023-01-20,119.17664882890631
2023-01-23,119.17664882890631
2023-01-24,119.15734514120682
2023-01-25,119.18806071047156
2023-01-26,119.01423887934904
2023-01-27,119.06205831007459
2023-01-30,118.80161087861079
2023-01-31,119.09408460180208
2023-02-01,119.09754875843682
2023-02-02,119.77832417735918
2023-02-03,119.45930430577792
2023-02-06,119.07445461483066
2023-02-07,118.91359842883598
2023-02-08,119.29369537553181
2023-02-09,119.27301858795386
2023-02-10,119.29424650918739
2023-02-13,119.27352378223459
2023-02-14,118.8627338436669
2023-02-15,119.25107008067788
2023-02-16,119.09844466411887
2023-02-17,118.90549527703409
2023-02-20,118.70200572347312
2023-02-21,118.6933204932043
2023-02-22,118.68617231843434
2023-02-23,118.69825375699392
2023-02-24,118.91152919040134
2023-02-27,118.89075727165732
2023-02-28,118.83798886823406
2023-03-01,118.81736268985247
2023-03-02,118.9500521032897
2023-03-03,118.81340312670592
2023-03-06,118.87925061617896
2023-03-07,119.47674024434369
2023-03-08,119.47674024434369
2023-03-09,119.47674024434369
2023-03-10,119.47674024434369
2023-03-13,119.45700067941318
2023-03-14,118.92562839222407
2023-03-15,118.29078002539748
2023-03-16,118.75514410851208
2023-03-17,118.41217976090776
2023-03-20,118.75299695270236
2023-03-21,118.80294094342676
2023-03-22,118.78325640415888
2023-03-23,119.39066145119894
2023-03-24,119.37128320219715
2023-03-27,119.57044302722626
2023-03-28,119.91404672671122
2023-03-29,119.7800525993147
2023-03-30,120.01048242372458
2023-03-31,119.99064474590276
2023-04-03,120.18985092129427
2023-04-04,120.75727481671123
2023-04-05,120.91768393782358
2023-04-06,120.91768393782358
2023-04-11,120.91768393782358
2023-04-12,120.89698980731217
2023-04-13,121.27705498488312
2023-04-14,121.27705498488312
2023-04-17,121.25653493800381
2023-04-18,120.82655322222777
2023-04-19,121.19829300128737
2023-04-20,121.29879747239416
2023-04-21,121.32371047016801
2023-04-24,121.34258719881304
2023-04-25,121.66107563241786
2023-04-26,121.44633975375582
2023-04-27,121.64527206739717
2023-04-28,121.62552191309788
2023-05-02,121.40796360140538
2023-05-03,121.27754329518052
2023-05-04,120.92056933584965
2023-05-05,121.20627732620525
2023-05-08,121.34095174396955
2023-05-09,121.20217462187412
2023-05-10,121.12631338974171
2023-05-11,121.03671336183848
2023-05-12,121.0985471123337
2023-05-15,121.01905021897119
2023-05-16,121.01905021897119
2023-05-17,121.01905021897119
2023-05-18,120.99788834976756
2023-05-19,120.98293537965692
2023-05-22,121.04218376243033
2023-05-23,121.04218376243033
2023-05-24,121.04218376243033
2023-05-25,121.04218376243033
2023-05-26,121.0208473351871
2023-05-29,120.91703680760897
2023-05-30,120.70148799663359
2023-05-31,120.45999627223922
2023-06-01,120.3094278979271
2023-06-02,120.72584748019928
2023-06-05,120.80585907480037
2023-06-06,120.72028930575513
2023-06-07,120.69848105750218
2023-06-08,120.53853648445809
2023-06-09,120.78289770159658
2023-06-12,120.76120752116017
2023-06-13,121.10815316619612
2023-06-14,120.92885825447422
2023-06-15,120.59265214538992
2023-06-16,120.53135471348064
2023-06-19,120.67263054841699
2023-06-20,121.01355193383318
2023-06-21,120.91727352751374
2023-06-22,121.39789171742382
2023-06-23,121.77156697118204
2023-06-26,122.10833578861329
2023-06-27,122.10833578861329
2023-06-28,122.08149779155777
2023-06-29,122.78172916768546
2023-06-30,122.78172916768546
2023-07-03,122.78172916768546
2023-07-04,122.7554371356106
2023-07-05,123.02428590396373
2023-07-06,122.33087035500563
2023-07-07,122.82204637727328
2023-07-10,122.79618243336093
2023-07-11,123.11343169480078
2023-07-12,122.86351076867241
2023-07-13,122.86351076867241
2023-07-14,122.86351076867241
2023-07-17,122.8373823869958
2023-07-18,122.75438735846976
2023-07-19,122.62114886428989
2023-07-20,122.95852358403165
2023-07-21,122.92468035819886
2023-07-24,122.75209850770783
2023-07-25,122.72498640329266
2023-07-26,122.9116298121905
2023-07-27,122.88386443815862
2023-07-28,123.16656762045413
2023-07-31,123.21551973396141
2023-08-01,123.21551973396141
2023-08-02,123.18678744038449
2023-08-03,123.56634710243415
2023-08-04,123.50827922615201
2023-08-07,123.76630306901535
2023-08-08,123.80938092484095
2023-08-09,123.80938092484095
2023-08-10,123.78099106080018
2023-08-11,123.64993204567219
2023-08-14,123.62132006360768
2023-08-15,123.47865710390191
2023-08-16,123.73378707566143
2023-08-17,123.73378707566143
2023-08-18,123.70523128233796
2023-08-21,123.90976323088742
2023-08-22,124.02770681605804
2023-08-23,123.44381927000201
2023-08-24,123.75424736494325
2023-08-25,123.91403822687694
2023-08-28,123.91403822687694
2023-08-29,123.88610651824976
2023-08-30,123.80496681892213
2023-08-31,123.37780254740022
2023-09-01,123.34763133856153
2023-09-04,123.75094913145779
2023-09-05,123.8047684133955
2023-09-06,123.52773898420818
2023-09-07,123.52773898420818
2023-09-08,123.498844240501
2023-09-11,123.62773625416477
2023-09-12,123.40014933857356
2023-09-13,123.30826912898641
2023-09-14,123.9925474900426
2023-09-15,123.96397659464166
2023-09-18,123.94195497156973
2023-09-19,123.91254880260287
2023-09-20,123.89862161514455
2023-09-21,123.82096401136388
2023-09-22,124.09616877528606
2023-09-25,124.5466777445374
2023-09-26,124.38238112633377
2023-09-27,124.34998401451314
2023-09-28,123.95795780331473
2023-09-29,124.74303386876973
2023-10-02,124.40424219290189
2023-10-03,124.40698158381885
2023-10-04,124.58728515368038
2023-10-05,124.30291105214796
2023-10-06,124.21540253413559
2023-10-09,123.92714741901337
2023-10-10,124.36282946616176
2023-10-11,124.91991795197694
2023-10-12,124.88607929823769
2023-10-13,125.06519828766534
2023-10-16,125.06519828766534
2023-10-17,125.06519828766534
2023-10-18,125.03167831231592
2023-10-19,125.3405515656365
2023-10-20,125.30752758417987
2023-10-23,125.3905797583976
2023-10-24,125.0242453744387
2023-10-25,124.91104939460746
2023-10-26,124.87844570813378
2023-10-27,124.81034036096624
2023-10-30,124.77776376834603
2023-10-31,124.80257699319223
2023-11-01,124.49906225085599
2023-11-02,124.79230004753524
2023-11-03,124.83813867812121
2023-11-06,124.94412375051557
2023-11-07,125.39445964587715
2023-11-08,125.36201922163599
2023-11-09,124.98271898120541
2023-11-10,124.56197969675478
2023-11-13,124.40401361774119
2023-11-14,124.69074143302403
2023-11-15,125.0247650976253
2023-11-16,124.99296667088342
2023-11-17,125.23954795191203
2023-11-20,125.23954795191203
2023-11-21,125.23954795191203
2023-11-22,125.20731557874451
2023-11-23,125.12500945475406
2023-11-24,125.16954036799422
2023-11-27,125.13777238588344
2023-11-28,124.88688221065975
2023-11-29,124.85477976933468
2023-11-30,124.60315884254993
2023-12-01,125.11133091983389
2023-12-04,125.86973281637266
2023-12-05,125.88692595563037
2023-12-06,125.88692595563037
2023-12-07,125.8569750019959
2023-12-08,125.9991114140634
2023-12-11,125.94463568670086
2023-12-12,126.02139571865443
2023-12-13,126.54275325176292
2023-12-14,126.513433294034
2023-12-15,126.99625190042565
2023-12-18,127.24559357798803
2023-12-19,127.26594088937769
2023-12-20,127.26594088937769
2023-12-21,127.26594088937769
2023-12-22,127.23760277476825
2023-12-27,127.42338215190175
2023-12-28,127.51636830065118
2023-12-29,127.51636830065118
2024-01-02,127.51636830065118
2024-01-03,127.48718253154523
2024-01-04,128.15855953570784
2024-01-05,127.96620531798342
2024-01-08,128.30683905494965
2024-01-09,128.30683905494965
2024-01-10,128.30683905494965
2024-01-11,128.278050157472
2024-01-12,128.6580877420893
2024-01-15,128.62937804152546
2024-01-16,128.6437004116923
2024-01-17,127.78517654867395
2024-01-18,128.23110440766413
2024-01-19,128.20405669351786
2024-01-22,128.18967312948286
2024-01-23,128.49880108581195
2024-01-24,128.49880108581195
2024-01-25,128.47159543352265
2024-01-26,128.46328748624637
2024-01-29,128.46328748624637
2024-01-30,128.46328748624637
2024-01-31,128.43575869295313
2024-02-01,128.83566740711413
2024-02-02,128.83566740711413
2024-02-05,128.80831268532197
2024-02-06,128.82318788178708
2024-02-07,128.795501429841
2024-02-08,128.5662400109321
2024-02-09,128.19314904569134
2024-02-12,128.3392927959507
2024-02-13,128.06907892823142
2024-02-14,128.35870449804148
2024-02-15,128.41438800644497
2024-02-16,128.3870150798622
2024-02-19,128.76827731512546
2024-02-20,128.76906351635813
2024-02-21,128.6236744415861
2024-02-22,128.28025141677014
2024-02-23,128.3796039735195
2024-02-26,128.3796039735195
2024-02-27,128.3796039735195
2024-02-28,128.3796039735195
2024-02-29,128.35191450246393
2024-03-01,128.55446848715758
2024-03-04,128.6389116679741
2024-03-05,128.60957794471375
2024-03-06,128.70693136367893
2024-03-07,128.677523654965
2024-03-08,129.26894447895802
2024-03-11,129.5269456886907
2024-03-12,129.7089071823122
2024-03-13,129.72166460514453
2024-03-14,129.50767032978072
2024-03-15,129.48793696092363
2024-03-18,129.45601298389943
2024-03-19,129.59919503190318
2024-03-20,129.61662833297362
2024-03-21,129.61662833297362
2024-03-22,129.5842984547118
2024-03-25,129.64107217477158
2024-03-26,129.84989486178068
2024-03-27,129.81643503493075
2024-03-28,130.01122438451327
2024-04-02,129.97919449941006
2024-04-03,129.5570973443805
2024-04-04,130.290405951539
2024-04-05,130.290405951539
2024-04-08,130.25698964110714
2024-04-09,130.23364531393727
2024-04-10,130.20042719467116
2024-04-11,130.30825743454443
2024-04-12,130.27479912054892
2024-04-15,130.267260673026
2024-04-16,130.23385649106888
2024-04-17,130.2189585415498
2024-04-18,130.18207551557143
2024-04-19,129.92279273774676
2024-04-22,130.50670601820812
2024-04-23,130.60922174612296
2024-04-24,130.55359768139434
2024-04-25,130.4965301811674
2024-04-26,130.50715295122643
2024-04-29,130.50715295122643
2024-04-30,130.47063508612396
2024-05-02,130.60758175834818
2024-05-03,130.5701209898831
2024-05-06,130.64300798378147
2024-05-07,130.64300798378147
2024-05-08,130.60523416998473
2024-05-09,130.87234713526433
2024-05-10,130.6573591107261
2024-05-13,130.83522669834338
2024-05-14,130.83522669834338
2024-05-15,130.7966987346575
2024-05-16,131.0850957326474
2024-05-17,131.04629341227303
2024-05-20,131.02735195655563
2024-05-21,131.22564289338382
2024-05-22,130.7701831367021
2024-05-23,130.42801831320628
2024-05-24,130.6426112953216
2024-05-27,130.6019211731303
2024-05-28,130.66141004535672
2024-05-29,130.87307797265092
2024-05-30,130.51012707741515
2024-05-31,130.24843627536706
2024-06-03,130.84498151045162
2024-06-04,130.80552487369422
2024-06-05,131.03582949448614
2024-06-06,130.99656786151536
2024-06-07,131.66691648924555
2024-06-10,131.86225023662442
2024-06-11,131.96700014632438
2024-06-12,132.43507076515962
2024-06-13,132.3955574198718
2024-06-14,132.5098046844599
2024-06-17,132.48316368495696
2024-06-18,132.530995985081
2024-06-19,132.69021440095096
2024-06-20,132.80514309368974
2024-06-21,131.97818447055602
2024-06-24,132.24993746257877
2024-06-25,132.40584545002045
2024-06-26,132.40584545002045
2024-06-27,132.40584545002045
2024-06-28,132.40584545002045
2024-07-01,132.36537121258772
2024-07-02,132.38317219097905
2024-07-03,132.26894800165005
2024-07-04,132.22471553554595
2024-07-05,132.18123329210403
2024-07-08,132.52124830309867
2024-07-09,132.52124830309867
2024-07-10,132.52124830309867
2024-07-11,132.47469864150867
2024-07-12,132.7458218149491
2024-07-15,132.7458218149491
2024-07-16,132.69931243554004
2024-07-17,133.11306994539723
2024-07-18,133.11306994539723
2024-07-19,133.11306994539723
2024-07-22,133.06557311877341
2024-07-23,133.46997502847958
2024-07-24,133.42404537718645
2024-07-25,133.47517592829163
2024-07-26,133.3602392603637
2024-07-29,133.48124276534423
2024-07-30,133.3155722536807
2024-07-31,133.43096784723716
2024-08-01,133.21122498104572
2024-08-02,133.50562609953786
2024-08-05,133.4590115507035
2024-08-06,133.701108949099
2024-08-07,133.65500890845337
2024-08-08,133.67275575493375
2024-08-09,133.67275575493375
2024-08-12,133.62634323178636
2024-08-13,133.67920805573044
2024-08-14,133.63162651073984
2024-08-15,134.3158218385001
2024-08-16,134.51558050181234
2024-08-19,134.55301883771583
2024-08-20,134.55301883771583
2024-08-21,134.50625586384095
2024-08-22,134.87918799713208
2024-08-23,135.25046818580435
2024-08-26,134.8855333879357
2024-08-27,135.47640972282312
2024-08-28,135.43135420116866
2024-08-29,135.75348592625878
2024-08-30,135.57252955158933
2024-09-02,135.66679675261094
2024-09-03,135.70943189787153
2024-09-04,135.53171461085188
2024-09-05,135.62919631434883
2024-09-06,135.58041978972102
2024-09-09,136.37328288163545
2024-09-10,136.24336042172257
2024-09-11,136.1952636879831
2024-09-12,136.7514941471335
2024-09-13,137.1178833471061
2024-09-16,137.1178833471061
2024-09-17,137.1178833471061
2024-09-18,137.068587761237
2024-09-19,137.85382381276773
2024-09-20,137.80566747945747
2024-09-23,137.47794125243044
2024-09-24,137.2153985159917
2024-09-25,137.40777459213277
2024-09-26,137.80315963121942
2024-09-27,138.10097729547763
2024-09-30,138.10097729547763
2024-10-01,138.0539989469167
2024-10-02,138.41403444718898
2024-10-03,138.19419068397227
2024-10-04,137.2799825800421
2024-10-07,136.9805378828281
2024-10-08,137.51688540397078
2024-10-09,137.28357329885134
2024-10-10,137.67351707636095
2024-10-11,137.60023062401237
2024-10-14,137.52375471320758
2024-10-15,137.6455772360519
2024-10-16,137.82521387691045
2024-10-17,137.78209229430703
2024-10-18,137.9621566989214
2024-10-21,137.9621566989214
2024-10-22,137.9186818451497
2024-10-23,138.22573307006957
2024-10-24,138.22573307006957
2024-10-25,138.18357685875532
2024-10-28,138.36789199362647
2024-10-29,138.32629651680548
2024-10-30,137.0371147132045
2024-10-31,137.0314942083027
2024-11-01,136.99429326082387
2024-11-04,137.45047068704517
2024-11-05,137.45047068704517
2024-11-06,137.41787370355766
2024-11-07,137.85123375797238
2024-11-08,138.38518867297805
2024-11-11,138.35096394213588
2024-11-12,137.990557346123
2024-11-13,137.57065980343094
2024-11-14,138.43737431735485
2024-11-15,138.40727486273812
2024-11-18,138.7807442036953
2024-11-19,138.7807442036953
2024-11-20,138.7807442036953
2024-11-21,138.7807442036953
2024-11-22,138.7807442036953
2024-11-25,138.7807442036953
2024-11-26,138.7807442036953
2024-11-27,138.7498869877275
2024-11-28,138.64221571992886
2024-11-29,138.31271112094547
2024-12-02,138.43723741749102
2024-12-03,138.7576348717129
2024-12-04,138.7576348717129
2024-12-05,138.7576348717129
2024-12-06,138.7267475896706
2024-12-09,138.6037476610962
2024-12-10,138.33215465337628
2024-12-11,138.25090968870825
2024-12-12,138.489588463704
2024-12-13,138.37406440472756
2024-12-16,138.37406440472756
2024-12-17,138.34245817392957
2024-12-18,138.4537386730301
2024-12-19,138.53265363292437
2024-12-20,138.48780368932225
2024-12-23,138.51069096039262
2024-12-27,138.56794289275157
2024-12-30,138.84541536013032
2025-01-02,138.8134522145237
2025-01-03,138.59931132960804
2025-01-06,138.41567262719747
2025-01-07,138.90811182053187
2025-01-08,139.19441189734178
2025-01-09,139.66283674066358
2025-01-10,139.1312916477423
2025-01-13,139.14511734712508
2025-01-14,139.33614772048276
2025-01-15,139.47163320406167
2025-01-16,139.60194341845138
2025-01-17,139.57052205228555
2025-01-20,139.61279204622198
2025-01-21,139.45887654845762
2025-01-22,139.49474105147542
2025-01-23,139.49474105147542
2025-01-24,139.46278617698727
2025-01-27,139.58195851653522
2025-01-28,139.58195851653522
2025-01-29,139.54944912126962
2025-01-30,139.57965354242444
2025-01-31,139.92430014104943
2025-02-03,139.9946514039121
2025-02-04,140.00410387038318
2025-02-05,140.10613310265236
2025-02-06,140.29032142168904
2025-02-07,140.10153620227945
2025-02-10,140.00204611531927
2025-02-11,140.0475208333241
2025-02-12,140.0041151715849
2025-02-13,140.23112824359234
2025-02-14,140.33010434641523
2025-02-17,140.49840028396974
2025-02-18,140.60527617859958
2025-02-19,140.71923054711468
2025-02-20,140.82803294625086
2025-02-21,140.93685733497034
2025-02-24,140.93685733497034
2025-02-25,140.93685733497034
2025-02-26,140.88707221821338
2025-02-27,141.45053821850016
2025-02-28,141.40306202485104
2025-03-03,140.72240922646435
2025-03-04,140.4918978896693
2025-03-05,142.32610375320408
2025-03-06,142.82445581878133
2025-03-07,142.86256441695681
2025-03-10,143.57750972520898
2025-03-11,143.57750972520898
2025-03-12,143.53954744668982
2025-03-13,143.73295915734028
2025-03-14,144.2219334897425
2025-03-17,144.2219334897425
2025-03-18,144.2219334897425
2025-03-19,144.2219334897425
2025-03-20,144.2219334897425
2025-03-21,144.18576232954078
2025-03-24,144.13055338777716
2025-03-25,144.17551278100927
2025-03-26,143.72472676108393
2025-03-27,143.37467354729677
2025-03-28,143.49720718620537
2025-03-31,143.8715728120457
2025-04-01,144.12188115278033
2025-04-02,144.00146862276011
2025-04-03,143.29532045146422
2025-04-04,142.92391731466384
2025-04-07,142.09940643581336
2025-04-08,142.82637733271787
2025-04-09,143.13350640581479
2025-04-10,142.74418771951954
2025-04-11,144.36370376171007
2025-04-14,144.3363874025795
2025-04-15,144.00170254747925
2025-04-16,143.84711489176655
2025-04-17,143.84526030842437
2025-04-22,143.6123690334374
2025-04-23,144.04875174591132
2025-04-24,143.75219911398102
2025-04-25,143.79110624293762
2025-04-28,143.59261519404404
2025-04-29,143.93130795433646
2025-04-30,143.66932640346482
2025-05-02,144.03438617507248
2025-05-05,144.03438617507248
2025-05-06,144.00821077350662
2025-05-07,144.1922335141373
2025-05-08,144.41244795460196
2025-05-09,144.42243434041578
2025-05-12,143.76062547993408
2025-05-13,144.15386558826262
2025-05-14,144.02086493547702
2025-05-15,144.21496709708111
2025-05-16,144.29053110530324
2025-05-19,144.49178284544973
2025-05-20,144.49178284544973
2025-05-21,144.46678892926428
2025-05-22,144.61657806750864
2025-05-23,144.67062016059202
2025-05-26,144.67062016059202
2025-05-27,144.64605411185022
2025-05-28,144.98130746515625
2025-05-29,144.98130746515625
2025-05-30,144.95654654690605
2025-06-02,145.0342521357906
2025-06-03,145.0342521357906
2025-06-04,145.0342521357906
2025-06-05,145.0342521357906
2025-06-06,145.00727401253488
2025-06-09,145.3378588041055
2025-06-10,145.31062583419452
2025-06-11,145.45819344441958
2025-06-12,145.45819344441958
2025-06-13,145.45819344441958
2025-06-16,145.4305896965417
2025-06-17,145.40178999844736
2025-06-18,145.37400274302945
2025-06-19,145.42100332495426
2025-06-20,145.42100332495426
2025-06-23,145.3925788038963
2025-06-24,145.96711316321452
2025-06-25,146.23801985679023
2025-06-26,146.49389136984027
2025-06-27,146.49389136984027
2025-06-30,146.49389136984027
2025-07-01,146.46583607229266
2025-07-02,146.48577202690447
2025-07-03,146.4576386734836
2025-07-04,146.66340938932922
2025-07-07,146.65915349648176
2025-07-08,146.67381499104602
2025-07-09,146.67381499104602
2025-07-10,146.6434073074706
2025-07-11,146.89874785988877
2025-07-14,146.71743932288499
2025-07-15,146.71743932288499
2025-07-16,146.67790225953777
2025-07-17,147.30980822306344
2025-07-18,147.52079922549294
2025-07-21,147.52079922549294
2025-07-22,147.52079922549294
2025-07-23,147.48121491017505
2025-07-24,147.2709663893979
2025-07-25,147.31516923115547
2025-07-28,147.19944495208742
2025-07-29,147.2042528800191
2025-07-30,147.09351061882742
2025-07-31,147.1460665534227
2025-08-01,147.94617253196452
2025-08-04,148.7271935653258
2025-08-05,148.8808047944769
2025-08-06,148.8808047944769
2025-08-07,148.83864851791358
2025-08-08,148.82907691537784
2025-08-11,149.17312434353812
2025-08-12,149.39727438303166
2025-08-13,149.39727438303166
2025-08-14,149.39727438303166
2025-08-15,149.39727438303166
2025-08-18,149.39727438303166
2025-08-19,149.35237875078863
2025-08-20,149.4490924233281
2025-08-21,149.30993272565186
2025-08-22,149.45352247833773
2025-08-25,149.33974136129223
2025-08-26,148.93339540024917
2025-08-27,148.57269075540043
2025-08-28,149.13604929691607
2025-08-29,149.00508590269365
2025-09-01,148.88655374994968
2025-09-02,148.63714782535155
2025-09-03,148.77759879478782
2025-09-04,149.09391632215622
2025-09-05,149.04418687295137
2025-09-08,149.5676291214213
2025-09-09,149.5676291214213
2025-09-10,149.518550979881
2025-09-11,150.75161892759337
2025-09-12,150.99327562049447
2025-09-15,150.6980761809657
2025-09-16,151.10071794783383
2025-09-17,150.50211294212738
2025-09-18,150.93249305682372
2025-09-19,151.13512676029768
2025-09-22,151.08866108266747
2025-09-23,150.66654727023604
2025-09-24,150.94995334247736
2025-09-25,150.9047754402942
2025-09-26,151.14908309160506
2025-09-29,150.81082467918387
2025-09-30,151.05271089033215
2025-10-01,151.16480614197334
2025-10-02,151.24752996139162
2025-10-03,151.20223633162985
2025-10-06,151.58304350463965
2025-10-07,151.66397211295916
2025-10-08,151.67637541085563
2025-10-09,151.8578497519698
2025-10-10,151.6710699102894
2025-10-13,151.32649706611008
2025-10-14,151.4940210769188
2025-10-15,151.13770228021477
2025-10-16,150.6971976845633
2025-10-17,151.03133552233666
2025-10-20,151.17969345988266
2025-10-21,151.42053623049523
2025-10-22,150.71785471008837
2025-10-23,151.3116965156001
2025-10-24,151.3116965156001
2025-10-27,151.26659764953035
2025-10-28,151.3067243510845
2025-10-29,151.25942317784396
2025-10-30,151.46587987267011
2025-10-31,152.20209240941657
2025-11-03,152.15428618155377
2025-11-04,152.34423459091448
2025-11-05,152.204878692132
2025-11-06,152.2849997529397
2025-11-07,152.54731003055238
2025-11-10,152.1102375702095
2025-11-11,152.46789833896602
2025-11-12,152.46789833896602
2025-11-13,152.46789833896602
2025-11-14,152.46789833896602
2025-11-17,152.46789833896602
2025-11-18,152.46789833896602
2025-11-19,152.42010933204685
2025-11-20,152.32830471186276
2025-11-21,152.30537898617283
2025-11-24,152.3847084719481
2025-11-25,152.19102027336316
2025-11-26,152.08657251446843
2025-11-27,152.3626264384526
2025-11-28,151.96334061657643
2025-12-01,152.1655954309882
2025-12-02,152.26730537390014
2025-12-03,152.21783723479248
2025-12-04,152.46279576670537
2025-12-05,152.41314761219223
2025-12-08,151.3100208761662
2025-12-09,151.84574468634992
2025-12-10,151.58673968654438
2025-12-11,151.91346246784278
2025-12-12,152.1940707560673
2025-12-15,152.2108408220612
2025-12-16,152.2899121462899
2025-12-17,152.2899121462899
2025-12-18,152.2899121462899
2025-12-19,152.23638362715855
2025-12-22,152.2667652566276
2025-12-23,152.72715026728636
2025-12-29,152.72715026728636
2025-12-30,152.67176375209436
2025-12-31,152.92791220229407
