,Brazil
2016-04-07,100.13041126875433
2016-04-08,99.9994817769866
2016-04-11,100.10543007127472
2016-04-12,100.07076907786576
2016-04-13,100.1584424850597
2016-04-14,100.19881959396339
2016-04-15,100.420795067043
2016-04-18,100.22943111194415
2016-04-19,100.04268361322491
2016-04-20,100.08338068097432
2016-04-22,99.99004810784727
2016-04-25,100.12404138969835
2016-04-26,100.01590844911539
2016-04-27,100.08586129844413
2016-04-28,100.78533490524934
2016-04-29,101.31629624685172
2016-05-02,101.57060148441819
2016-05-03,101.60626536961261
2016-05-04,101.66201391128602
2016-05-05,101.34369290456277
2016-05-06,101.64919207499858
2016-05-09,102.02136150188315
2016-05-10,102.21260222859212
2016-05-11,101.80908377753373
2016-05-12,101.61891923935133
2016-05-13,101.36146608576122
2016-05-16,101.83801116007044
2016-05-17,101.7103321776551
2016-05-18,101.99125226108052
2016-05-19,101.75031741878242
2016-05-20,101.89047124689941
2016-05-23,101.49324399712508
2016-05-24,101.69890505651667
2016-05-25,101.77872596694624
2016-05-27,102.20296687582453
2016-05-30,101.71254362377987
2016-05-31,102.0211278195642
2016-06-01,101.7067725686132
2016-06-02,101.865878868438
2016-06-03,101.74397954641199
2016-06-06,101.41982852322992
2016-06-07,101.58144753529142
2016-06-08,101.42164720970588
2016-06-09,101.54263751503024
2016-06-10,101.763781842263
2016-06-13,101.89637383061185
2016-06-14,102.05735673452972
2016-06-15,102.13605802635514
2016-06-16,101.89601624269909
2016-06-17,102.1386276791604
2016-06-20,102.05576272593058
2016-06-21,102.31893449017775
2016-06-22,102.19545572690552
2016-06-23,102.29461353546965
2016-06-24,102.4536402247102
2016-06-27,102.60407444618342
2016-06-28,102.53363001945728
2016-06-29,102.38828277194163
2016-06-30,102.2131831224506
2016-07-01,102.51591212193762
2016-07-04,102.41783767921899
2016-07-05,102.34362369865973
2016-07-06,102.40604171376889
2016-07-07,102.49635690725472
2016-07-08,102.31509128056571
2016-07-11,102.48608812672096
2016-07-12,102.48484347391624
2016-07-13,102.57626471562456
2016-07-14,102.65151528077887
2016-07-15,102.67132536035699
2016-07-18,102.44891962924152
2016-07-19,102.29006533261023
2016-07-20,102.27287710336248
2016-07-21,102.06517448654613
2016-07-22,102.44875036573285
2016-07-25,102.1919766038464
2016-07-26,101.78742523146565
2016-07-27,102.33639521141214
2016-07-28,102.20146796719627
2016-07-29,102.46482213334704
2016-08-01,102.05556539032767
2016-08-02,102.07279211984425
2016-08-03,101.95415506936291
2016-08-04,102.36480839988174
2016-08-05,102.56196295207327
2016-08-08,102.38432844649934
2016-08-09,102.54618348826277
2016-08-10,102.25780161690527
2016-08-11,102.29960820258877
2016-08-12,102.26688466117102
2016-08-15,102.370973609592
2016-08-16,102.4667470371454
2016-08-17,102.36898879973626
2016-08-18,102.33043523713758
2016-08-19,102.68160780266213
2016-08-22,102.64810480825201
2016-08-23,102.90967528801328
2016-08-24,102.99586118612933
2016-08-25,103.0864815190047
2016-08-26,102.8217016278729
2016-08-29,102.78317185614192
2016-08-30,102.91422899229339
2016-08-31,103.11843188729107
2016-09-01,102.80172546370763
2016-09-02,103.07539336262256
2016-09-05,102.73979768170523
2016-09-06,103.13687839984233
2016-09-08,103.05441984839598
2016-09-09,102.68950353885951
2016-09-12,102.72806721134819
2016-09-13,102.91842482956002
2016-09-14,103.10227855419068
2016-09-15,103.07359652053678
2016-09-16,103.09392599916194
2016-09-19,103.3030324947922
2016-09-20,103.40141407821154
2016-09-21,103.35101290922965
2016-09-22,103.1246716849376
2016-09-23,103.31539049565026
2016-09-26,103.29201523026245
2016-09-27,102.66550091589257
2016-09-28,102.5379262750814
2016-09-29,102.73285166374345
2016-09-30,102.5935273305181
2016-10-03,103.00549794412868
2016-10-04,102.15887759499111
2016-10-05,102.28063864063034
2016-10-06,102.15827379784595
2016-10-07,101.84580624585398
2016-10-10,102.07211758613637
2016-10-11,102.03404921668336
2016-10-13,102.00264633461333
2016-10-14,101.89587710082526
2016-10-17,101.92402203406148
2016-10-18,101.71571059525671
2016-10-19,102.0185988608909
2016-10-20,102.52000813422764
2016-10-21,102.36699671776324
2016-10-24,102.05757157363273
2016-10-25,101.85708397446993
2016-10-26,101.80243059215157
2016-10-27,102.03704152949511
2016-10-28,101.85124272972688
2016-10-31,101.74917121643819
2016-11-01,101.83082465213926
2016-11-03,101.85248538266099
2016-11-04,102.25153988359344
2016-11-07,102.29591539472914
2016-11-08,102.4461677913401
2016-11-09,102.36884290553547
2016-11-10,102.36402682943393
2016-11-11,102.55285807762036
2016-11-14,102.47204775738356
2016-11-16,102.45144934349932
2016-11-17,102.29793708471632
2016-11-18,102.64673099132982
2016-11-21,102.6324530464444
2016-11-22,102.87428456716279
2016-11-23,102.80941373183519
2016-11-24,102.37181365667634
2016-11-25,102.30323497732599
2016-11-28,102.38396366277236
2016-11-29,103.00319777646382
2016-11-30,102.43991574784097
2016-12-01,102.43113823815166
2016-12-02,102.6352445729328
2016-12-05,102.87994818896229
2016-12-06,103.18686595213747
2016-12-07,102.98071717582349
2016-12-08,103.28152830255657
2016-12-09,102.83586640169588
2016-12-12,103.69360457235086
2016-12-13,103.68417662717087
2016-12-14,103.40998763186859
2016-12-15,103.21335625719014
2016-12-16,103.0996851978238
2016-12-19,103.1543442429369
2016-12-20,103.15910926095965
2016-12-21,103.314328523461
2016-12-22,103.31561499812436
2016-12-23,103.39266136656255
2016-12-26,103.56652532726056
2016-12-27,103.44798158718366
2016-12-28,103.58727166815271
2016-12-29,103.96070778073951
2017-01-02,104.49100086572803
2017-01-03,104.60042694804028
2017-01-04,104.43214472948506
2017-01-05,104.45243376270763
2017-01-06,104.4367355336536
2017-01-09,104.32286360013083
2017-01-10,104.423848504663
2017-01-11,104.38451851434773
2017-01-12,104.41331216365961
2017-01-13,104.43057999180567
2017-01-16,104.66885088451674
2017-01-17,104.45517119114172
2017-01-18,104.13200045673139
2017-01-19,104.02298440958103
2017-01-20,104.01835109233622
2017-01-23,104.25884276755522
2017-01-24,104.08005529144026
2017-01-26,103.38021412052689
2017-01-27,102.7960655992989
2017-01-30,103.03737332487106
2017-01-31,102.87286806627407
2017-02-01,103.20308168564836
2017-02-02,103.72642727743657
2017-02-03,103.60253225377953
2017-02-06,103.12013194412326
2017-02-07,103.05907529806042
2017-02-08,103.89855595828588
2017-02-09,104.2437459449484
2017-02-10,103.96851121888002
2017-02-13,104.04589504391521
2017-02-14,104.13210095762592
2017-02-15,104.14810537132793
2017-02-16,104.16613250576565
2017-02-17,104.5549268400044
2017-02-20,104.49932352163967
2017-02-21,104.30600322710619
2017-02-22,104.07137716001895
2017-02-23,103.81508572573203
2017-02-24,103.79722881191236
2017-03-01,104.22594328372232
2017-03-02,104.21653949829503
2017-03-03,104.43683203087627
2017-03-06,104.5836016629329
2017-03-07,104.20370619136608
2017-03-08,104.72309112199818
2017-03-09,105.04539735802003
2017-03-10,104.95459560281249
2017-03-13,105.0135314233362
2017-03-14,105.19816082811239
2017-03-15,105.20483708355188
2017-03-16,105.02620373134512
2017-03-17,104.89375481145855
2017-03-20,104.93368138781858
2017-03-21,104.74903460041767
2017-03-22,104.78782835427486
2017-03-23,104.66040301859161
2017-03-24,104.59996918302869
2017-03-27,104.22321277072972
2017-03-28,104.14512840367132
2017-03-29,104.03294264368874
2017-03-30,104.2923481272496
2017-03-31,104.1557034091763
2017-04-03,104.48675381893393
2017-04-04,104.64444345389687
2017-04-05,105.14694751998495
2017-04-06,105.13138327766833
2017-04-07,105.01909932227898
2017-04-10,105.13272380038703
2017-04-11,105.14555266450895
2017-04-12,105.28943751662862
2017-04-13,105.40246378527425
2017-04-17,105.54367454147824
2017-04-18,105.87801769109828
2017-04-19,106.00072022630826
2017-04-20,105.7427456756167
2017-04-24,105.63896346528769
2017-04-25,105.48983217804616
2017-04-26,105.22926133029773
2017-04-27,105.07256651680588
2017-04-28,104.98801040270325
2017-05-02,104.37629992807204
2017-05-03,104.86258787736209
2017-05-04,104.81745487154224
2017-05-05,104.73706232385298
2017-05-08,104.78657809797825
2017-05-09,105.5498624945964
2017-05-10,104.9494584087387
2017-05-11,106.251622918821
2017-05-12,106.7574589204096
2017-05-15,106.66363553497204
2017-05-16,106.99997977024698
2017-05-17,107.1870403468604
2017-05-18,106.12037026229343
2017-05-19,105.9001141455866
2017-05-22,106.81085186827116
2017-05-23,107.0432849080155
2017-05-24,107.10614584763805
2017-05-25,106.70132949945722
2017-05-26,106.41975819762872
2017-05-29,106.32258547275404
2017-05-30,106.33381350800558
2017-05-31,106.55506022793963
2017-06-01,106.10198160079749
2017-06-02,106.2224622428726
2017-06-05,106.18833785670176
2017-06-06,106.29581375478709
2017-06-07,106.46761769352575
2017-06-08,106.40511959895352
2017-06-09,106.51589554108627
2017-06-12,106.67995819676032
2017-06-13,106.82557686549362
2017-06-14,107.00088891603
2017-06-15,106.98972335763655
2017-06-16,107.07151211962251
2017-06-19,107.08882362683607
2017-06-20,107.19759756668125
2017-06-21,107.28798030529605
2017-06-22,107.14848028899524
2017-06-23,106.95434762463958
2017-06-26,106.92110502763961
2017-06-27,106.79448365663036
2017-06-28,106.53915057241605
2017-06-29,106.42166298458496
2017-06-30,106.26968485951139
2017-07-03,106.5623365901614
2017-07-04,106.41767632400428
2017-07-05,106.3071401810767
2017-07-06,106.42730716645798
2017-07-07,106.54497037549706
2017-07-10,106.58583530053156
2017-07-11,106.72112924720598
2017-07-12,106.75893560838834
2017-07-13,106.80385580000831
2017-07-14,107.00538177585004
2017-07-17,106.85639719680198
2017-07-18,107.08851644452375
2017-07-19,107.1762109441347
2017-07-20,107.29440594784599
2017-07-21,107.28966855477591
2017-07-24,107.3326607518013
2017-07-25,107.41778684614344
2017-07-26,107.53304796303065
2017-07-27,107.26831054720114
2017-07-28,107.2551133089432
2017-07-31,107.18289362958318
2017-08-01,106.53867756797604
2017-08-02,106.66773589507508
2017-08-03,106.71558978813833
2017-08-04,106.76715954532034
2017-08-07,106.70227238165123
2017-08-08,106.66252241434175
2017-08-09,106.73168572851066
2017-08-10,106.73794973486466
2017-08-11,106.97624032057291
2017-08-14,106.83144227634702
2017-08-15,106.88847609750754
2017-08-16,106.86486828775446
2017-08-17,106.95624348138844
2017-08-18,107.02239619060525
2017-08-21,107.02760502053086
2017-08-22,107.1366665790554
2017-08-23,107.16338876959827
2017-08-24,107.41767119633062
2017-08-25,107.02654698377276
2017-08-28,107.02200048985463
2017-08-29,107.02391094003625
2017-08-30,107.09956763055264
2017-08-31,107.04003937977917
2017-09-01,107.21122662632658
2017-09-04,107.0639265236888
2017-09-05,106.96672724095002
2017-09-06,106.89148758378178
2017-09-08,106.38028658708471
2017-09-11,106.55045075907054
2017-09-12,106.60832155267754
2017-09-13,106.86074558553172
2017-09-14,106.85949413891326
2017-09-15,106.96511472617651
2017-09-18,106.99661443041441
2017-09-19,106.63598257805442
2017-09-20,107.21136185851061
2017-09-21,107.50111439806751
2017-09-22,107.54119446565093
2017-09-25,107.48442234422686
2017-09-26,107.64298686637481
2017-09-27,107.98430959367231
2017-09-28,108.73189418606215
2017-09-29,108.6812821693931
2017-10-02,108.25329334239385
2017-10-03,108.4935507068826
2017-10-04,108.56788213388093
2017-10-05,108.68354576451085
2017-10-06,108.60086585861282
2017-10-09,109.4042387153723
2017-10-10,109.73445383851781
2017-10-11,109.78103059304671
2017-10-13,109.90115810441053
2017-10-16,110.15270474852011
2017-10-17,110.11079984858767
2017-10-18,110.50658393187238
2017-10-19,109.96097763726698
2017-10-20,109.98733712121566
2017-10-23,110.31549234124141
2017-10-24,109.83210700736996
2017-10-25,109.64546198579606
2017-10-26,109.20690980609433
2017-10-27,109.95886540032056
2017-10-30,109.93986716902566
2017-10-31,109.86171824789909
2017-11-01,109.78957592467236
2017-11-02,109.79019995736449
2017-11-03,109.7736355758424
2017-11-06,109.75018938701587
2017-11-07,109.76036126698439
2017-11-08,109.84680517773022
2017-11-09,109.61741729482992
2017-11-10,109.65944954256015
2017-11-13,109.41942603552567
2017-11-14,109.51305843164371
2017-11-15,109.5294061373028
2017-11-16,109.553190777699
2017-11-17,109.42169469502288
2017-11-21,109.10397999638302
2017-11-22,109.16227672777374
2017-11-23,109.08473527879441
2017-11-24,108.96923017175087
2017-11-27,109.02184344971313
2017-11-28,108.82650833878596
2017-11-29,108.95174927766635
2017-11-30,108.9029479281135
2017-12-01,108.91181024179555
2017-12-04,108.7594886440182
2017-12-05,108.66097469225527
2017-12-06,108.6385568128122
2017-12-07,108.50326419710643
2017-12-08,108.51877390427302
2017-12-11,108.45938771234913
2017-12-12,108.40936952050866
2017-12-13,108.47568559578404
2017-12-14,108.49666965506317
2017-12-15,108.53536400801946
2017-12-18,108.61138059618843
2017-12-19,108.68615126370385
2017-12-20,108.67225248989018
2017-12-21,108.83867434823613
2017-12-22,108.87393263160325
2017-12-26,108.95209416387776
2017-12-27,109.0345756801396
2017-12-28,108.84490853460036
2018-01-02,109.41718859825819
2018-01-03,109.50990858812915
2018-01-04,109.46846846682993
2018-01-05,109.17909474553697
2018-01-08,109.28096169587067
2018-01-09,109.36574813054605
2018-01-10,109.44532017049478
2018-01-11,109.90517942232867
2018-01-12,110.06166979785337
2018-01-15,110.03478853633845
2018-01-16,110.07768868896852
2018-01-17,110.0634053840444
2018-01-18,110.0982146727955
2018-01-19,109.87142317249072
2018-01-22,109.75853051343
2018-01-23,109.98502112341563
2018-01-24,110.27452137509293
2018-01-26,110.70353307496545
2018-01-29,110.98501279663327
2018-01-30,111.23236088047004
2018-01-31,111.39697784003356
2018-02-01,111.53261287536516
2018-02-02,111.3767646492509
2018-02-05,111.13561910869691
2018-02-06,110.67426649119506
2018-02-07,110.9955525916838
2018-02-08,110.75016541110108
2018-02-09,110.8496873294373
2018-02-14,110.55960830684508
2018-02-15,110.85951510782861
2018-02-16,111.118326718934
2018-02-19,111.28216274899087
2018-02-20,111.37119337548833
2018-02-21,111.61559926421766
2018-02-22,111.79505063062815
2018-02-23,112.08197142252484
2018-02-26,111.94103344972253
2018-02-27,111.79972386603968
2018-02-28,111.70420186317696
2018-03-01,111.4130736774924
2018-03-02,111.62300132841129
2018-03-05,111.71560593800709
2018-03-06,111.57627420570854
2018-03-07,111.55321101092044
2018-03-08,111.83692265422047
2018-03-09,112.06606360354729
2018-03-12,111.80569609339328
2018-03-13,112.08585654431253
2018-03-14,112.39376461017785
2018-03-15,112.11885005926322
2018-03-16,112.28106846930484
2018-03-19,112.03779544657588
2018-03-20,112.15993536940663
2018-03-21,112.27127760452684
2018-03-22,112.35200596622079
2018-03-23,112.44231289854551
2018-03-26,112.45324081385155
2018-03-27,112.45494007660268
2018-03-28,112.63106990473086
2018-03-29,112.86384115572994
2018-04-02,111.78807364411607
2018-04-03,112.5740615642938
2018-04-04,112.63304502477831
2018-04-05,112.48880480290777
2018-04-06,112.6714040596964
2018-04-09,112.78888847828699
2018-04-10,113.13190725158005
2018-04-11,113.38091752482158
2018-04-12,113.33878995392584
2018-04-13,113.3481447793429
2018-04-16,113.27064634484752
2018-04-17,113.01470386856427
2018-04-18,113.25414788265422
2018-04-19,113.05480050980792
2018-04-20,113.20274974683548
2018-04-23,112.84494495230845
2018-04-24,112.82308589394852
2018-04-25,113.05629901373271
2018-04-26,113.47272638834187
2018-04-27,113.19450593465363
2018-04-30,113.44039283916156
2018-05-02,113.08972618449143
2018-05-03,113.12319648181486
2018-05-04,113.44682874660161
2018-05-07,113.83460056008394
2018-05-08,114.7300606160391
2018-05-09,114.90130078151904
2018-05-10,114.86554357072296
2018-05-11,115.0794691269163
2018-05-14,115.91287746189198
2018-05-15,116.34987908531814
2018-05-16,115.99665155833401
2018-05-17,116.4119405797668
2018-05-18,116.39312536163011
2018-05-21,116.58310194239556
2018-05-22,116.61738433639937
2018-05-23,116.78174159447371
2018-05-24,116.94183035892559
2018-05-25,116.60508228377186
2018-05-28,117.267717627448
2018-05-29,117.2726665417223
2018-05-30,117.56651359447244
2018-06-01,117.8529459102698
2018-06-04,118.08594387422542
2018-06-05,118.00686382114517
2018-06-06,118.45411180156127
2018-06-07,117.55335627736059
2018-06-08,118.32542529084
2018-06-11,118.64048570097823
2018-06-12,118.64529964860169
2018-06-13,118.75554737750447
2018-06-14,118.28012327514091
2018-06-15,118.15303519843386
2018-06-18,118.3420595232378
2018-06-19,118.45557899518167
2018-06-20,118.27916016728474
2018-06-21,117.98360699758894
2018-06-22,117.4792642822998
2018-06-25,117.74778666287877
2018-06-26,117.85389244877153
2018-06-27,117.93570402443297
2018-06-28,118.13631039196888
2018-06-29,118.07853123337016
2018-07-02,118.19399424935062
2018-07-03,118.13731409178281
2018-07-04,118.09232508036098
2018-07-05,118.27924563976605
2018-07-06,118.30482676023331
2018-07-10,118.24036587300293
2018-07-11,118.19875723315488
2018-07-12,117.82838550862343
2018-07-13,117.32665512285195
2018-07-16,117.77908380552682
2018-07-17,117.7765078978029
2018-07-18,117.91273164533106
2018-07-19,117.96445674236276
2018-07-20,117.78949045779399
2018-07-23,117.84911161204188
2018-07-24,118.20863139567948
2018-07-25,118.04453181966115
2018-07-26,118.25894045503564
2018-07-27,118.19359623086795
2018-07-30,118.34406784131583
2018-07-31,118.09967897162346
2018-08-01,117.91087644455177
2018-08-02,117.86233340730678
2018-08-03,118.02347530736677
2018-08-06,117.96529443400392
2018-08-07,118.15145852724164
2018-08-08,117.92835327591746
2018-08-09,117.943255695123
2018-08-10,117.329543398362
2018-08-13,117.49857379534296
2018-08-14,117.64637390934803
2018-08-15,117.68646302289525
2018-08-16,117.23529439049238
2018-08-17,117.85164356412238
2018-08-20,117.82953987121203
2018-08-21,117.99537730244592
2018-08-22,118.29930248791712
2018-08-23,118.1704708803856
2018-08-24,118.38447196703501
2018-08-27,118.19267264719042
2018-08-28,118.67708040044687
2018-08-29,118.14573113632008
2018-08-30,118.53005243709302
2018-08-31,118.2755139668685
2018-09-03,118.40639037765177
2018-09-04,118.71022742558254
2018-09-05,118.80681961629216
2018-09-06,118.75845302658792
2018-09-10,119.08272627034535
2018-09-11,118.65184443644814
2018-09-12,117.71282255471634
2018-09-13,118.07819491528574
2018-09-14,118.01935010885816
2018-09-17,118.58167658574976
2018-09-18,118.3712137112781
2018-09-19,118.31277753521674
2018-09-20,118.37969618876004
2018-09-21,118.59616019218898
2018-09-24,118.28929816982246
2018-09-25,118.16696303495044
2018-09-26,118.37691628892098
2018-09-27,118.24267178257664
2018-09-28,117.94869557817609
2018-10-01,117.74720334632111
2018-10-02,118.13831171828184
2018-10-03,118.16852077877942
2018-10-04,117.95362026153381
2018-10-05,118.19629339726094
2018-10-08,118.29061490802913
2018-10-09,117.85618815678522
2018-10-10,117.92656991378895
2018-10-11,117.79378483846045
2018-10-15,117.89643970455825
2018-10-16,117.87523555378043
2018-10-17,117.87627891500875
2018-10-18,117.9585982465946
2018-10-19,117.90097774409915
2018-10-22,117.86135459200476
2018-10-23,117.8699638406175
2018-10-24,117.66469217207407
2018-10-25,118.1348048595878
2018-10-26,117.63314400775148
2018-10-29,118.01165832465664
2018-10-30,118.01164301184835
2018-10-31,117.91535298952766
2018-11-01,117.99300169841334
2018-11-05,117.84620194931028
2018-11-06,117.99093058622925
2018-11-07,117.87032003917571
2018-11-08,117.8737103176871
2018-11-09,117.95396528123723
2018-11-12,117.87690102418425
2018-11-13,117.8798686455626
2018-11-14,117.79568400270541
2018-11-16,117.7203599849146
2018-11-19,117.72798234070878
2018-11-21,117.49485110268915
2018-11-22,117.5319584252797
2018-11-23,117.49834311063606
2018-11-26,117.7392472470177
2018-11-27,117.7332341456723
2018-11-28,117.85586693476375
2018-11-29,117.66522685003406
2018-11-30,117.8238878736577
2018-12-03,117.86948911926198
2018-12-04,117.923341731117
2018-12-05,117.79168824084883
2018-12-06,117.79056522681147
2018-12-07,117.6599014762133
2018-12-10,117.61258138636657
2018-12-11,117.49058799505903
2018-12-12,117.52753964880162
2018-12-13,117.38445729573357
2018-12-14,117.35284675267637
2018-12-17,117.3306074021929
2018-12-18,117.38329874225208
2018-12-19,117.37238261547364
2018-12-20,117.22330768969897
2018-12-21,117.34985985344728
2018-12-26,117.42025295884679
2018-12-27,117.34543142219356
2018-12-28,117.24155182824259
2019-01-02,117.0674978673057
2019-01-03,117.18623004281388
2019-01-04,117.26764099949894
2019-01-07,117.44212424321405
2019-01-08,117.33918697988793
2019-01-09,117.40147403865426
2019-01-10,117.49613185845762
2019-01-11,117.58629587406553
2019-01-14,117.68682484544783
2019-01-15,117.8593917387781
2019-01-16,117.80584774578703
2019-01-17,117.73113242180304
2019-01-18,117.93886484270296
2019-01-21,117.79745849439456
2019-01-22,118.12800661493974
2019-01-23,118.16385342688898
2019-01-24,117.8968008851993
2019-01-28,117.89647590020007
2019-01-29,118.0251975652552
2019-01-30,117.9069937631129
2019-01-31,118.26549174961545
2019-02-01,118.1988037724555
2019-02-04,118.19304225061602
2019-02-05,118.10368149096111
2019-02-06,118.50526981076321
2019-02-07,118.43212639072777
2019-02-08,118.36749617117464
2019-02-11,118.35446558347655
2019-02-12,118.14189608301709
2019-02-13,118.35755547890659
2019-02-14,118.16950805859558
2019-02-15,118.04730442393753
2019-02-18,118.03814692174606
2019-02-19,118.01650292322874
2019-02-20,118.09189123838128
2019-02-21,117.82004077209723
2019-02-22,117.92044089510163
2019-02-25,117.62428378839209
2019-02-26,117.84334870837397
2019-02-27,118.00853164793199
2019-02-28,117.93929057842449
2019-03-01,118.10367255506138
2019-03-06,117.78103679111187
2019-03-07,117.60284389094164
2019-03-08,117.60677559343173
2019-03-11,117.45441718384203
2019-03-12,117.476809675589
2019-03-13,117.38072108256539
2019-03-14,117.23051490733245
2019-03-15,116.70570705409065
2019-03-18,117.2201329067156
2019-03-19,116.93768697074756
2019-03-20,117.45741654346402
2019-03-21,117.73552527043256
2019-03-22,117.7906998218408
2019-03-25,117.29523609623942
2019-03-26,117.53929896813464
2019-03-27,117.04917585496489
2019-03-28,116.94824977325328
2019-03-29,116.82794113836049
2019-04-01,117.04922028663506
2019-04-02,117.17688861014508
2019-04-03,117.06512885132395
2019-04-04,117.19816642319326
2019-04-05,117.09741594586278
2019-04-08,117.28780301950022
2019-04-09,117.35225219049978
2019-04-10,117.71769888438432
2019-04-11,117.33868174144627
2019-04-12,117.35188672634504
2019-04-15,117.56881817015115
2019-04-16,117.33591459720584
2019-04-17,117.39896580525475
2019-04-18,117.59921499310234
2019-04-19,117.34649100723419
2019-04-22,117.63754594856786
2019-04-23,117.79457131972548
2019-04-24,117.3732868065622
2019-04-25,117.8256457385586
2019-04-26,118.04905354447975
2019-04-29,117.55321541243376
2019-04-30,117.67166551839688
2019-05-02,117.7353045093791
2019-05-03,117.85125087676707
2019-05-06,117.78957578983406
2019-05-07,117.86427396145085
2019-05-08,117.90243003418979
2019-05-09,118.01639344989385
2019-05-10,117.85952209497947
2019-05-13,118.01924847403625
2019-05-14,118.14584879549645
2019-05-15,118.06352885818289
2019-05-16,118.25223459977816
2019-05-17,118.42887610691955
2019-05-20,118.61336760346319
2019-05-21,118.71148489231582
2019-05-22,119.00780122625419
2019-05-23,118.37074553343008
2019-05-24,118.88278523369
2019-05-27,118.52336369304372
2019-05-28,118.57924507146409
2019-05-29,118.37345327499361
2019-05-30,118.61343206674209
2019-05-31,118.50790506046238
2019-06-03,118.36121565039768
2019-06-04,118.53913704703518
2019-06-05,118.47567369528778
2019-06-06,119.21884858152896
2019-06-07,119.43115487645244
2019-06-10,119.37569851227967
2019-06-11,119.57717059629935
2019-06-12,119.33241349048322
2019-06-13,119.2158814324595
2019-06-14,119.63031146709393
2019-06-17,118.61892249269044
2019-06-18,119.40349060013801
2019-06-19,119.22410394162719
2019-06-21,119.96635316912152
2019-06-24,120.06236941202724
2019-06-25,119.64943007676405
2019-06-26,119.44132677670281
2019-06-27,120.04245843432923
2019-06-28,120.03055635077769
2019-07-01,120.19846835978714
2019-07-02,120.38159778044368
2019-07-03,120.4400267026765
2019-07-04,119.33664271714134
2019-07-05,119.63604835194334
2019-07-08,119.53220697965796
2019-07-10,118.51995264472642
2019-07-12,118.56367140362136
2019-07-15,118.8186007981406
2019-07-16,118.62679250525822
2019-07-17,119.0881985245618
2019-07-18,119.05302710188921
2019-07-19,119.24327406824817
2019-07-22,119.32214351096641
2019-07-23,119.60017729265027
2019-07-24,119.71799104616665
2019-07-25,119.34456059315738
2019-07-26,120.15943564118881
2019-07-29,119.7861982479235
2019-07-30,119.51038062759902
2019-07-31,119.46857043034838
2019-08-01,119.38137009243637
2019-08-02,119.025969601706
2019-08-05,119.40249539439509
2019-08-06,119.34742919402632
2019-08-07,119.07876099754505
2019-08-08,119.18029791126376
2019-08-09,118.75313006539298
2019-08-12,118.9717531712186
2019-08-13,118.71029103341202
2019-08-14,118.54676452378354
2019-08-15,118.32409171309605
2019-08-16,118.31618417279905
2019-08-19,118.30029811700062
2019-08-20,118.08173369659067
2019-08-21,117.96553088728344
2019-08-22,117.77660686684919
2019-08-23,118.07565265784285
2019-08-26,117.90151344364146
2019-08-27,117.87819838546054
2019-08-28,117.53686949527926
2019-08-29,117.45092900028989
2019-08-30,116.04909678131305
2019-09-02,117.26898693150964
2019-09-03,117.0896788707638
2019-09-04,116.95173834987213
2019-09-05,117.27108567211731
2019-09-06,117.15557139142526
2019-09-09,117.1870283247245
2019-09-10,117.54012538495509
2019-09-11,117.55656419894311
2019-09-12,117.41736950101821
2019-09-13,117.53501617837591
2019-09-16,117.59422492179328
2019-09-17,117.48450559535087
2019-09-18,117.66888240556656
2019-09-19,117.57733820239741
2019-09-20,117.57008826760536
2019-09-23,117.37243017763579
2019-09-24,117.14612750416624
2019-09-25,117.05643250525415
2019-09-26,116.85376911966803
2019-09-27,116.69792952198057
2019-09-30,116.58212674453875
2019-10-01,115.78081610752591
2019-10-02,116.00132162284586
2019-10-03,116.12327019275774
2019-10-04,116.03718860063026
2019-10-07,116.2907645498718
2019-10-08,116.14702613956555
2019-10-09,116.4196200624568
2019-10-10,116.65510605283333
2019-10-11,116.36193838035325
2019-10-14,116.87127349724055
2019-10-15,117.40832961344456
2019-10-16,117.01122181811907
2019-10-17,117.21126781429261
2019-10-18,116.95154595411394
2019-10-21,116.94451384922542
2019-10-22,117.16447859722223
2019-10-23,117.20602799113936
2019-10-24,117.09609650301887
2019-10-25,116.69698285253092
2019-10-28,117.33190551728624
2019-10-29,117.41067421146876
2019-10-30,122.21235865092382
2019-10-31,124.37733993729523
2019-11-01,124.4244122703586
2019-11-04,124.37798326515934
2019-11-05,124.43837216049687
2019-11-06,124.43311469892369
2019-11-07,124.46318725550292
2019-11-08,124.4493670652111
2019-11-11,124.4578780255279
2019-11-12,124.43753264234212
2019-11-13,124.44223916873204
2019-11-14,124.39594179717119
2019-11-15,124.39570782520563
2019-11-18,124.45709559206728
2019-11-19,124.46989950528857
2019-11-20,124.4075525763486
2019-11-21,124.47269389174689
2019-11-22,124.42572352218065
2019-11-25,124.43372960461643
2019-11-26,124.36242156768427
2019-11-27,124.35302561362273
2019-11-28,124.52789538643071
2019-11-29,124.4439366079648
2019-12-02,124.4459653334924
2019-12-03,124.37771979658959
2019-12-04,124.41767949114426
2019-12-05,124.31232015898914
2019-12-06,124.45906065801427
2019-12-09,124.24308207204207
2019-12-10,124.31237417190908
2019-12-11,124.1752277791766
2019-12-12,124.16947546924762
2019-12-13,124.12553087301912
2019-12-16,124.17643669733663
2019-12-17,124.1171686788442
2019-12-18,124.11101066660362
2019-12-19,124.14909677606528
2019-12-20,124.12952719927621
2019-12-23,124.1531976094885
2019-12-24,124.117184894201
2019-12-26,124.18709828035924
2019-12-27,124.17710976790018
2019-12-30,124.1833469520254
2019-12-31,124.16131584986891
2020-01-02,124.20652662488185
2020-01-03,124.18096712012894
2020-01-06,124.19731025535714
2020-01-07,124.20414192387636
2020-01-08,124.31822052422572
2020-01-09,124.29904742150899
2020-01-10,124.21295984104957
2020-01-13,124.15961349086464
2020-01-14,124.30631578086513
2020-01-15,124.2350550393377
2020-01-16,124.28445304482673
2020-01-17,124.27967814563115
2020-01-20,124.14643267306403
2020-01-21,124.13856310531312
2020-01-22,124.34731311072333
2020-01-23,124.14380830967573
2020-01-24,124.31645983001442
2020-01-27,124.23059624805397
2020-01-28,124.48186457456407
2020-01-29,124.73747724505107
2020-01-30,124.64004521448948
2020-01-31,124.69157979059598
2020-02-03,124.5236709896814
2020-02-04,124.52749448694603
2020-02-05,124.24223869456156
2020-02-06,124.04786180396337
2020-02-07,124.1071800548872
2020-02-10,124.2029147159185
2020-02-11,123.9547340428728
2020-02-12,124.05290883471022
2020-02-13,124.04970000346307
2020-02-14,123.94650558902846
2020-02-17,123.78311167875997
2020-02-18,123.85783251216797
2020-02-19,123.68681310852243
2020-02-20,123.95665746235176
2020-02-21,123.82219589668695
2020-02-26,123.74259633219458
2020-02-27,124.30001368964507
2020-02-28,123.99926988707877
2020-03-02,123.93823545653314
2020-03-03,124.55943214564414
2020-03-04,124.22449507357646
2020-03-05,124.04418662519834
2020-03-06,124.41050907389493
2020-03-09,124.57880016870509
2020-03-10,124.92605865886557
2020-03-11,126.87068915561433
2020-03-12,128.81523559333937
2020-03-13,129.16489374772263
2020-03-16,128.96639038876873
2020-03-17,128.59608982920582
2020-03-18,129.09032012805702
2020-03-19,129.7659752529707
2020-03-20,130.44355020773182
2020-03-23,131.13503293419285
2020-03-24,131.32086601854104
2020-03-25,131.336092705312
2020-03-26,131.18803217208242
2020-03-27,131.17773112669659
2020-03-30,131.0772053868978
2020-03-31,131.0467505491534
2020-04-01,131.1651986555857
2020-04-02,131.00326770866246
2020-04-03,130.96668344037568
2020-04-06,131.37358041244772
2020-04-07,131.30435607375023
2020-04-08,131.37717214135182
2020-04-09,131.6849254830463
2020-04-13,131.92310368488342
2020-04-14,131.75581984160522
2020-04-15,131.72551127380544
2020-04-16,131.74515959558212
2020-04-17,131.55884013012474
2020-04-20,131.47042215906427
2020-04-22,131.33820877748403
2020-04-23,131.47542773289751
2020-04-24,131.77889818602304
2020-04-27,132.0744012679102
2020-04-28,132.05996783183636
2020-04-29,131.9994161138338
2020-04-30,131.71502883937424
2020-05-04,132.09577248165743
2020-05-05,131.65556952140872
2020-05-06,132.0250374876081
2020-05-07,131.983260425729
2020-05-08,132.07329296631033
2020-05-11,132.15869555338512
2020-05-12,132.65590939919173
2020-05-13,133.10166936091034
2020-05-14,132.91177024260466
2020-05-15,132.89645527252983
2020-05-18,133.13930758723026
2020-05-19,133.2189415235098
2020-05-20,133.15611062833344
2020-05-21,133.31357473673393
2020-05-22,132.90968064690762
2020-05-25,132.92555356094897
2020-05-26,132.89313985775496
2020-05-27,133.02623845541368
2020-05-28,132.8047701402503
2020-05-29,132.75235554286303
2020-06-01,132.74113170127862
2020-06-02,132.86006242252407
2020-06-03,133.00739488299598
2020-06-04,133.04497290385163
2020-06-05,133.2463671501475
2020-06-08,133.36523262455987
2020-06-09,133.2819758346656
2020-06-10,133.2634415610911
2020-06-12,133.24112101781705
2020-06-15,133.07251478748046
2020-06-16,133.0805776017209
2020-06-17,132.82688455084482
2020-06-18,132.77046119463503
2020-06-19,132.750931940152
2020-06-22,132.6616201414562
2020-06-23,132.66227724153228
2020-06-24,132.6668282148788
2020-06-25,132.74722672125236
2020-06-26,132.82709982610587
2020-06-29,132.94856701439582
2020-06-30,133.02722275319766
2020-07-01,133.11088712484096
2020-07-02,133.07913454035466
2020-07-03,132.99700969105515
2020-07-06,132.81777898729143
2020-07-07,132.7702705502587
2020-07-08,132.89148875733014
2020-07-09,132.92456414568832
2020-07-10,132.93668557406727
2020-07-13,132.98935809141608
2020-07-14,132.8409077686078
2020-07-15,132.73993974227776
2020-07-16,132.7759859602178
2020-07-17,132.88721770513098
2020-07-20,132.69791529862107
2020-07-21,132.4695838720944
2020-07-22,132.91353751013003
2020-07-23,132.5719477286735
2020-07-24,132.60052885496037
2020-07-27,132.6272934723732
2020-07-28,132.97649873792443
2020-07-29,132.79175622706822
2020-07-30,132.56600038039872
2020-07-31,132.68061838310027
2020-08-03,132.4585675120758
2020-08-04,132.34920476820034
2020-08-05,132.73919605838677
2020-08-06,132.51600885270585
2020-08-07,132.73565528454176
2020-08-10,132.72631496498582
2020-08-11,132.37437125859398
2020-08-12,132.23667947927478
2020-08-13,132.0748905435697
2020-08-14,132.60510871703005
2020-08-17,132.57559328750304
2020-08-18,132.30977642036953
2020-08-19,132.3064440597483
2020-08-20,132.46037074513555
2020-08-21,132.40356615019147
2020-08-24,132.63578705437746
2020-08-25,132.2651305992173
2020-08-26,131.7756274330293
2020-08-27,132.17877399008685
2020-08-28,131.79032718976745
2020-08-31,130.8458019601322
2020-09-01,131.2284331680114
2020-09-02,132.19383918588255
2020-09-03,131.93488872794885
2020-09-04,130.92136293219846
2020-09-08,132.45535412720523
2020-09-09,132.60526444239213
2020-09-10,133.07841020948848
2020-09-11,133.66493722469005
2020-09-14,133.72592363634413
2020-09-15,133.92077016809992
2020-09-16,134.44060937551095
2020-09-17,134.9697513154679
2020-09-18,134.91976769104747
2020-09-21,134.4872297460769
2020-09-22,134.376090532815
2020-09-23,134.3918685456341
2020-09-24,134.43582149984394
2020-09-25,134.52302921987328
2020-09-28,134.51010653651457
2020-09-29,134.28019200079544
2020-09-30,134.1182701756827
2020-10-01,134.49474397761085
2020-10-02,134.29835409354155
2020-10-05,134.36918556514252
2020-10-06,134.16649116072927
2020-10-07,134.20355594679887
2020-10-08,134.54638265562104
2020-10-09,134.30014824132599
2020-10-13,134.43709859259218
2020-10-14,134.21438710478367
2020-10-15,134.3940389654651
2020-10-16,133.96743642902567
2020-10-19,134.2242464646944
2020-10-20,134.55394593801006
2020-10-21,134.24059890678694
2020-10-22,134.52490877070352
2020-10-23,134.20977889234547
2020-10-26,134.49765159734554
2020-10-27,134.10345551608492
2020-10-28,134.3520300085643
2020-10-29,134.5257194151215
2020-10-30,134.6983784879216
2020-11-03,135.02295931442205
2020-11-04,135.304117531013
2020-11-05,135.66529808004313
2020-11-06,135.88828016508964
2020-11-09,135.75373922962842
2020-11-10,135.54558614463724
2020-11-11,134.95404310799458
2020-11-12,134.86442971689917
2020-11-13,135.33110251311209
2020-11-16,135.64927944502392
2020-11-17,135.83157352121114
2020-11-18,136.0782941774648
2020-11-19,136.62086150625282
2020-11-20,137.22996305500638
2020-11-23,137.51559555712774
2020-11-24,137.51924180956135
2020-11-25,137.5716642555492
2020-11-26,137.5829092666747
2020-11-27,137.50665539714458
2020-11-30,137.57738283548665
2020-12-01,138.22290216525553
2020-12-02,138.46575063242238
2020-12-03,138.40356358854044
2020-12-04,138.74590566981772
2020-12-07,138.85635714730358
2020-12-08,139.16133595287897
2020-12-09,138.9507519420745
2020-12-10,138.9280290410922
2020-12-11,138.78835672761943
2020-12-14,138.9477551992376
2020-12-15,138.93353568870882
2020-12-16,139.0098534097529
2020-12-17,138.79086086227196
2020-12-18,138.67019460297664
2020-12-21,138.62645725763326
2020-12-22,138.9597180329484
2020-12-23,138.94415338899523
2020-12-24,138.97319768985676
2020-12-28,138.7839914176899
2020-12-29,138.57269283476143
2020-12-30,138.96706289650214
2020-12-31,139.09643265183752
2021-01-04,138.92043272910078
2021-01-05,139.22045835916614
2021-01-06,138.75727011774762
2021-01-07,138.8085051853072
2021-01-08,138.43316119748715
2021-01-11,138.0707474023912
2021-01-12,137.91678890023528
2021-01-13,137.97730522006663
2021-01-14,137.63587948916634
2021-01-15,136.74603031158537
2021-01-18,137.1538602351417
2021-01-19,137.17225350929283
2021-01-20,137.64449158700904
2021-01-21,137.16152557331125
2021-01-22,137.20901604456787
2021-01-26,137.45928402632012
2021-01-27,137.358831643954
2021-01-28,137.76052644924056
2021-01-29,137.06057495326175
2021-02-01,136.8659650534046
2021-02-02,137.50933653810412
2021-02-03,137.40689617556666
2021-02-04,137.44994475221512
2021-02-05,137.38669659774106
2021-02-08,137.7622761632026
2021-02-09,137.93833870073152
2021-02-10,137.94241008421434
2021-02-11,138.1307467564732
2021-02-12,137.74718520244193
2021-02-17,138.4904032353771
2021-02-18,138.47739780868898
2021-02-19,138.70631311888775
2021-02-22,138.65104237444316
2021-02-23,138.4371759707124
2021-02-24,138.76384918743577
2021-02-25,139.13479684940143
2021-02-26,139.59682863968186
2021-03-02,140.78305233132653
2021-03-03,140.862984669461
2021-03-04,141.40708150427287
2021-03-05,141.6342355258855
2021-03-08,141.52217408128897
2021-03-09,141.12219043728817
2021-03-10,141.03763431655642
2021-03-11,141.51955178472858
2021-03-12,141.1491982313479
2021-03-15,141.84691059658908
2021-03-16,145.89029924209683
2021-03-17,148.4812307352735
2021-03-18,148.68369642061643
2021-03-19,148.6534938905326
2021-03-22,148.57234208906206
2021-03-23,148.43790595492572
2021-03-24,148.21723351233896
2021-03-25,147.98201797634036
2021-03-26,148.0819928095641
2021-03-29,147.54115273222993
2021-03-30,147.73690884385604
2021-03-31,147.74605362565512
2021-04-01,148.0451681126054
2021-04-05,147.87036430921367
2021-04-06,148.02219865376068
2021-04-07,147.8570208508704
2021-04-08,147.92474417777476
2021-04-09,147.98792400156432
2021-04-12,148.06419038108837
2021-04-13,148.07957670832116
2021-04-14,148.02216512145583
2021-04-15,148.11864995715658
2021-04-16,148.23397352798182
2021-04-19,148.32268097404665
2021-04-20,148.28541622900102
2021-04-22,148.28542927838558
2021-04-23,148.36941283033315
2021-04-26,148.165096469589
2021-04-27,148.38446307318677
2021-04-28,148.47530104030122
2021-04-29,148.4552224113329
2021-04-30,148.59281821732634
2021-05-03,148.51136423687242
2021-05-04,148.7225758096037
2021-05-05,148.60878896828325
2021-05-06,148.6185921008216
2021-05-07,148.67868950055998
2021-05-10,148.74155000843095
2021-05-11,148.68682188741406
2021-05-12,148.39932110954393
2021-05-13,148.7373550094535
2021-05-14,148.77489272459889
2021-05-17,148.67661591901563
2021-05-18,148.7138799661755
2021-05-19,148.70649772718878
2021-05-20,148.77146422177216
2021-05-21,148.7218737472381
2021-05-24,148.64970307495312
2021-05-25,148.65940397385737
2021-05-26,148.72849585440468
2021-05-27,148.7833587600704
2021-05-28,148.8004489267607
2021-05-31,149.02824615930106
2021-06-01,148.696295064712
2021-06-02,148.65616401547695
2021-06-04,148.62371800129083
2021-06-07,148.9158613761074
2021-06-08,148.53646962097935
2021-06-09,148.601193651641
2021-06-10,148.50447171354773
2021-06-11,148.41279392601743
2021-06-14,148.76518844548247
2021-06-15,148.5430706120651
2021-06-16,148.31058487397348
2021-06-17,148.02185179778215
2021-06-18,147.86082812872374
2021-06-21,148.1221067543113
2021-06-22,148.52218151127886
2021-06-23,148.26636879879533
2021-06-24,148.43643588096683
2021-06-25,148.7346840898978
2021-06-28,149.1826333597646
2021-06-29,149.52368015436448
2021-06-30,149.39994561299227
2021-07-01,149.99298998215374
2021-07-02,149.3034650871078
2021-07-05,149.73530995439575
2021-07-06,149.12947218730062
2021-07-07,149.20817474813165
2021-07-08,149.21843772349638
2021-07-12,149.30674212632934
2021-07-13,149.09342655402895
2021-07-14,149.12605577260112
2021-07-15,148.83609399350212
2021-07-16,149.0957100103344
2021-07-19,148.9808494953635
2021-07-20,148.78527911141956
2021-07-21,148.57789442245374
2021-07-22,148.73624958904213
2021-07-23,148.05804992140793
2021-07-26,147.74471365402363
2021-07-27,148.57707477483274
2021-07-28,148.62755845332939
2021-07-29,148.5591421300796
2021-07-30,148.81552908274313
2021-08-02,148.1033270692549
2021-08-03,148.43489199152242
2021-08-04,148.09032050123918
2021-08-05,147.12025150230113
2021-08-06,148.27670877968987
2021-08-09,147.57723104790142
2021-08-10,148.07437758529224
2021-08-11,148.61512750170235
2021-08-12,148.53875010690132
2021-08-13,148.12674450043087
2021-08-16,148.23964802635803
2021-08-17,148.88584559223477
2021-08-18,148.9050936800317
2021-08-19,148.45658773092015
2021-08-20,148.37194939099007
2021-08-23,148.2385895767938
2021-08-24,148.03583877291732
2021-08-25,147.79596958409613
2021-08-26,147.58781430811726
2021-08-27,147.3433754324312
2021-08-30,147.23450650379527
2021-08-31,146.89614930718247
2021-09-01,146.11773058430276
2021-09-02,145.95309958265608
2021-09-03,146.63515517435255
2021-09-06,146.10753959677936
2021-09-08,145.66475964570796
2021-09-09,145.78837625631635
2021-09-10,144.59768985640943
2021-09-13,146.19755110761807
2021-09-14,146.54841720932595
2021-09-15,146.96489161010882
2021-09-16,146.83307161950637
2021-09-17,147.05875082581167
2021-09-20,146.66133923339459
2021-09-21,146.49053620563663
2021-09-22,146.34878889881023
2021-09-23,146.7638247768701
2021-09-24,146.4224248612188
2021-09-27,146.48625600031394
2021-09-28,146.23007669214863
2021-09-29,146.08307988651782
2021-09-30,145.9829184721766
2021-10-01,145.98894092426698
2021-10-04,146.1726658314626
2021-10-05,146.19416801882463
2021-10-06,146.1675916835731
2021-10-07,146.56791039203685
2021-10-08,146.28182104287163
2021-10-11,146.28876823406588
2021-10-13,146.37298567512434
2021-10-14,146.3422054884871
2021-10-15,146.90138098819654
2021-10-18,146.93810554125207
2021-10-19,147.30943747167407
2021-10-20,147.39041099179386
2021-10-21,149.0187538957777
2021-10-22,151.80040955046934
2021-10-25,152.20304668688956
2021-10-26,152.5569741771002
2021-10-27,152.19773922641642
2021-10-28,151.45307466165013
2021-10-29,150.43317323695905
2021-11-01,150.53398254674303
2021-11-02,150.37190854413134
2021-11-03,150.17557221591878
2021-11-04,150.174608036866
2021-11-05,150.2799701562161
2021-11-08,150.42046009013566
2021-11-09,150.02571056147173
2021-11-10,150.27028917208517
2021-11-11,150.56802549224594
2021-11-12,150.49200530625313
2021-11-16,150.20133983709837
2021-11-17,150.31736696867802
2021-11-18,150.28436433865895
2021-11-19,150.42477873234168
2021-11-22,150.2760919233527
2021-11-23,150.48316263775058
2021-11-24,150.66621446953727
2021-11-25,150.59821345380914
2021-11-26,150.69715094221718
2021-11-29,150.6154239853209
2021-11-30,150.72720111138327
2021-12-01,150.86946029217557
2021-12-02,151.043286826724
2021-12-03,151.31602856432457
2021-12-06,151.24472628708722
2021-12-07,151.08716245996698
2021-12-08,151.13046488895952
2021-12-09,150.7900736076539
2021-12-10,151.16678937124374
2021-12-13,151.24651283119624
2021-12-14,151.47208973762775
2021-12-15,151.53475363633055
2021-12-16,151.6366695633488
2021-12-17,151.52271213240337
2021-12-20,151.17706221497852
2021-12-21,150.84268313352675
2021-12-22,150.66160558873287
2021-12-23,150.70066168960307
2021-12-24,150.55681102990258
2021-12-27,150.26031111589018
2021-12-28,150.1999491513997
2021-12-29,150.06148643154972
2021-12-30,149.86872666854347
2021-12-31,149.79344388356856
2022-01-03,149.5200495874353
2022-01-04,149.65364960443182
2022-01-05,149.76239586203718
2022-01-06,149.57174113325047
2022-01-07,149.55329043522673
2022-01-10,149.8751032148762
2022-01-11,149.71295830000292
2022-01-12,149.60311295181953
2022-01-13,149.66531934538537
2022-01-14,149.84904799563694
2022-01-17,149.7616403769985
2022-01-18,149.9401154923667
2022-01-19,149.85763334641098
2022-01-20,149.8233835489559
2022-01-21,149.71588997197608
2022-01-24,149.3829446336063
2022-01-25,149.52163184411356
2022-01-26,149.6810489634654
2022-01-27,150.5250805940545
2022-01-28,150.5541508687135
2022-01-31,150.5180312389977
2022-02-01,150.80328662936395
2022-02-02,150.82068655435862
2022-02-03,151.56446261838974
2022-02-04,151.47046038460334
2022-02-07,151.37745129771716
2022-02-08,151.94975537555143
2022-02-09,151.78014837614643
2022-02-10,152.15822317405832
2022-02-11,152.02968326011282
2022-02-14,152.09739972003234
2022-02-15,152.03752502939807
2022-02-16,152.36926876542373
2022-02-17,152.19078017244482
2022-02-18,152.6122193225077
2022-02-21,152.48849672540987
2022-02-22,152.86999901627806
2022-02-23,153.20894561612087
2022-02-24,152.68880128698854
2022-02-25,152.21393908837632
2022-03-02,152.4330925080767
2022-03-03,152.21525169270888
2022-03-04,152.4675407257466
2022-03-07,152.09527446285648
2022-03-08,152.12562193420374
2022-03-09,152.20407937572736
2022-03-10,152.50916903162042
2022-03-11,152.24026219278704
2022-03-14,151.82456202947853
2022-03-15,151.79830505233173
2022-03-16,151.71292638093564
2022-03-17,152.36349864232756
2022-03-18,152.7948012982181
2022-03-21,152.83626746047548
2022-03-22,153.11475929549155
2022-03-23,153.37989960871334
2022-03-24,153.85635312088772
2022-03-25,154.52386197105145
2022-03-28,154.37368453758756
2022-03-29,154.1610717981315
2022-03-30,154.11881258930788
2022-03-31,154.21223082277763
2022-04-01,154.03041797142606
2022-04-04,154.1764961822513
2022-04-05,154.59741794760703
2022-04-06,154.74539996423954
2022-04-07,154.74179311659134
2022-04-08,155.3737184007826
2022-04-11,155.3463838302576
2022-04-12,155.5108074786262
2022-04-13,155.48642088663024
2022-04-14,159.92668369037813
2022-04-18,162.27557335942123
2022-04-19,162.489306976311
2022-04-20,162.43855508438716
2022-04-22,162.26243725716182
2022-04-25,162.0226071811936
2022-04-26,162.0352081728784
2022-04-27,162.11344273783118
2022-04-28,162.17721237352526
2022-04-29,162.13883429470707
2022-05-02,162.32240424636376
2022-05-03,162.53990388358116
2022-05-04,162.96507533706497
2022-05-05,162.81470183491308
2022-05-06,162.9433098054505
2022-05-09,162.81617935873976
2022-05-10,162.9712405739563
2022-05-11,162.8602769855686
2022-05-12,162.7621346470053
2022-05-13,162.64508410551815
2022-05-16,162.91935618443222
2022-05-17,162.942429906082
2022-05-18,162.9538439466959
2022-05-19,163.03690990809093
2022-05-20,162.98386980914825
2022-05-23,163.04416297387482
2022-05-24,162.8543105660435
2022-05-25,162.92858325038958
2022-05-26,162.9909715241705
2022-05-27,163.0624556988288
2022-05-30,162.93024962549688
2022-05-31,162.9761204142327
2022-06-01,162.92776738844918
2022-06-02,162.88791803080687
2022-06-03,162.76142084025247
2022-06-06,162.95467921120897
2022-06-07,162.84595654836568
2022-06-08,162.76647105867386
2022-06-09,162.89765070987949
2022-06-10,162.71676750559558
2022-06-13,162.50050126567976
2022-06-14,162.8952940456451
2022-06-15,162.70106770501147
2022-06-17,162.63992223604873
2022-06-20,162.65545340792505
2022-06-21,162.72794827265926
2022-06-22,162.82309195574
2022-06-23,162.97271118782072
2022-06-24,162.88372796897437
2022-06-27,162.88310365128632
2022-06-28,162.73881326307583
2022-06-29,162.822953975117
2022-06-30,163.02479166022087
2022-07-01,163.09424174098075
2022-07-04,163.0889561579519
2022-07-05,162.9455850927112
2022-07-06,162.8531833783799
2022-07-07,162.86579097570984
2022-07-08,162.79698314786225
2022-07-11,162.5690420940632
2022-07-12,162.76243382960186
2022-07-13,162.58468118742627
2022-07-14,162.49051108231671
2022-07-15,162.5153451385995
2022-07-18,162.60194476886824
2022-07-19,162.74591665086925
2022-07-20,162.62675731904295
2022-07-21,162.64398145483116
2022-07-22,163.08165650261435
2022-07-25,163.3071664468703
2022-07-26,163.55060187532186
2022-07-27,163.75438138307817
2022-07-28,164.08934662133484
2022-07-29,164.1333325327705
2022-08-01,164.85518037211818
2022-08-02,165.10406355433918
2022-08-03,165.16749692281846
2022-08-04,164.62203335228966
2022-08-05,164.6834815458862
2022-08-08,164.42601928191084
2022-08-09,164.8025624659591
2022-08-10,164.7578350535023
2022-08-11,164.69885010627604
2022-08-12,164.98126146088495
2022-08-15,165.0758997755432
2022-08-16,164.9613624673024
2022-08-17,164.56192979292166
2022-08-18,164.79695905314935
2022-08-19,164.6740068326242
2022-08-22,164.57618592571015
2022-08-23,164.82357429103033
2022-08-24,164.4843055076137
2022-08-25,164.75843999646804
2022-08-26,164.35536386905156
2022-08-29,164.89074040018338
2022-08-30,165.26141062537022
2022-08-31,165.02232015724613
2022-09-01,164.79518736053186
2022-09-02,164.46801186088734
2022-09-05,164.98376148756847
2022-09-06,164.51057717425445
2022-09-08,164.48803171016215
2022-09-09,164.9530413280213
2022-09-12,164.5210354537745
2022-09-13,164.47517502002017
2022-09-14,164.29951728695423
2022-09-15,164.51607437173482
2022-09-16,164.52259818708868
2022-09-19,164.21468090133192
2022-09-20,164.60213536950613
2022-09-21,164.15762278694393
2022-09-22,164.39182580765666
2022-09-23,164.45978457411147
2022-09-26,164.6124757097654
2022-09-27,164.6763152980113
2022-09-28,164.460058230476
2022-09-29,164.89830199177868
2022-09-30,165.01933001355584
2022-10-03,165.27295795070543
2022-10-04,165.22368002741214
2022-10-05,165.22823901863904
2022-10-06,165.368194811509
2022-10-07,164.99508702891222
2022-10-10,165.15680537970565
2022-10-11,165.1480100904247
2022-10-13,165.17729168181538
2022-10-14,165.11200304185147
2022-10-17,165.37722268478666
2022-10-18,165.11579357387788
2022-10-19,165.25251328598156
2022-10-20,165.35277708532556
2022-10-21,165.34564320811168
2022-10-24,165.39102204005678
2022-10-25,165.35910491554418
2022-10-26,165.57809043357003
2022-10-27,165.45228096440604
2022-10-28,165.2213281653629
2022-10-31,165.0669256487818
2022-11-01,165.21050238326862
2022-11-03,165.13353209122423
2022-11-04,165.38761013755544
2022-11-07,165.61130491615233
2022-11-08,165.35999091338286
2022-11-09,165.45099411553898
2022-11-10,167.51613692014132
2022-11-11,168.14724596617455
2022-11-14,168.1718231817069
2022-11-16,168.659335218094
2022-11-17,168.81135036841144
2022-11-18,167.4756185070338
2022-11-21,167.9506563769636
2022-11-22,167.79264759182166
2022-11-23,166.82670771218397
2022-11-24,167.96336549762339
2022-11-25,167.63234617780753
2022-11-28,167.74584517616685
2022-11-29,168.81345859160902
2022-11-30,168.1681522680397
2022-12-01,167.5850706854969
2022-12-02,168.61415761029147
2022-12-05,167.8485369107629
2022-12-06,167.716479070324
2022-12-07,167.98220592913646
2022-12-08,168.0962555643894
2022-12-09,168.53647528505113
2022-12-12,169.1064527075115
2022-12-13,169.32915380355846
2022-12-14,168.71521958555238
2022-12-15,169.23295627554694
2022-12-16,169.0485032601735
2022-12-19,168.90276779797006
2022-12-20,169.01042185030775
2022-12-21,168.84374415735837
2022-12-22,168.53987881123217
2022-12-23,168.52730295989488
2022-12-26,168.795525124866
2022-12-27,168.4476874515703
2022-12-28,168.36209785909307
2022-12-29,168.13125202504756
2023-01-02,168.30592912597143
2023-01-03,168.87851082793534
2023-01-04,169.21152495628436
2023-01-05,168.90384474825
2023-01-06,168.57113633853808
2023-01-09,168.3423505621664
2023-01-10,168.4743616462226
2023-01-11,168.15279800508418
2023-01-12,168.12300743222497
2023-01-13,167.92315633204083
2023-01-16,168.29839909995715
2023-01-17,168.01000236222063
2023-01-18,167.95516138176546
2023-01-19,168.11602616230573
2023-01-20,168.06062761191492
2023-01-23,168.07868071305174
2023-01-24,167.99075834683475
2023-01-25,168.1006649196354
2023-01-26,168.13370542125702
2023-01-27,168.1031146695037
2023-01-30,168.02311770694274
2023-01-31,168.06710248329537
2023-02-01,168.09671295558383
2023-02-02,168.40811829911772
2023-02-03,168.73727067321184
2023-02-06,168.59647326929496
2023-02-07,168.29134609898043
2023-02-08,167.96476442071406
2023-02-09,167.64344010051363
2023-02-10,167.51011449461106
2023-02-13,167.27728443319253
2023-02-14,167.00117344865234
2023-02-15,166.82143672118775
2023-02-16,166.9488695893827
2023-02-17,166.5667378499717
2023-02-22,166.99063340402432
2023-02-23,167.32449617884734
2023-02-24,167.43980186528373
2023-02-27,167.1033726883279
2023-02-28,167.43258251544165
2023-03-01,167.05566333281928
2023-03-02,166.903699399858
2023-03-03,166.94558827643223
2023-03-06,167.07032977911035
2023-03-07,166.66457218887277
2023-03-08,166.01238381341696
2023-03-09,165.8650693450282
2023-03-10,166.07188720423457
2023-03-13,165.71725404153491
2023-03-14,165.3734069905213
2023-03-15,165.112610410946
2023-03-16,165.24482430949138
2023-03-17,164.6377874106043
2023-03-20,165.07591911103952
2023-03-21,165.0767844110127
2023-03-22,165.74035228329106
2023-03-23,166.47007385899462
2023-03-24,166.24760145260134
2023-03-27,165.8394576634863
2023-03-28,166.0735275235349
2023-03-29,166.10268601548054
2023-03-30,165.61245119995095
2023-03-31,165.78300516160706
2023-04-03,166.26939527194122
2023-04-04,166.622243751715
2023-04-05,166.62670981403994
2023-04-06,166.7246886521331
2023-04-10,166.51724915500506
2023-04-11,165.92285981926668
2023-04-12,166.35682780941147
2023-04-13,165.9392262401034
2023-04-14,166.63292894248616
2023-04-17,166.38417221527558
2023-04-18,166.80720309845802
2023-04-19,166.96362153305614
2023-04-20,167.48579499315818
2023-04-24,167.70252483358968
2023-04-25,167.5574182116204
2023-04-26,167.65055944749855
2023-04-27,167.5809075135305
2023-04-28,166.46353391910776
2023-05-02,167.62418961160657
2023-05-03,167.78196199578667
2023-05-04,167.6048765681639
2023-05-05,167.7880880664391
2023-05-08,167.5573103502032
2023-05-09,167.44805780002258
2023-05-10,167.14121808925947
2023-05-11,167.5443746556637
2023-05-12,167.20543264793207
2023-05-15,167.5060617731785
2023-05-16,167.30383706488908
2023-05-17,167.22468172138124
2023-05-18,167.57008575146344
2023-05-19,167.51245736100054
2023-05-22,167.91632466045334
2023-05-23,168.30799044598453
2023-05-24,168.4089252215592
2023-05-25,168.61411661068416
2023-05-26,168.44378383460298
2023-05-29,168.058883973755
2023-05-30,168.75079070512177
2023-05-31,168.51448243052835
2023-06-01,168.41434271400797
2023-06-02,168.63172430904038
2023-06-05,168.27293666118243
2023-06-06,167.78103367577543
2023-06-07,167.7109721484055
2023-06-09,167.54669667509881
2023-06-12,167.490809535914
2023-06-13,167.54633943665385
2023-06-14,167.55439431824578
2023-06-15,167.43741595291522
2023-06-16,167.4907924392556
2023-06-19,167.63357674196732
2023-06-20,167.59221860090332
2023-06-21,167.61016041813997
2023-06-22,167.78547910840226
2023-06-23,168.0116026952515
2023-06-26,167.89199899371295
2023-06-27,168.41751008756017
2023-06-28,168.5986398591898
2023-06-29,168.7835209531838
2023-06-30,168.74454973134422
2023-07-03,168.96800339740648
2023-07-04,168.83052576639076
2023-07-05,168.6953568804958
2023-07-06,168.6694538107614
2023-07-07,168.14969859985462
2023-07-10,168.19153065710907
2023-07-11,168.17038664979515
2023-07-12,168.32762803518827
2023-07-13,168.4832190659847
2023-07-14,167.869059562992
2023-07-17,166.73578274916227
2023-07-18,166.26487022843244
2023-07-19,167.44781920630572
2023-07-20,167.23709777797828
2023-07-21,166.57886882561192
2023-07-24,167.0403944249212
2023-07-25,166.26531806004107
2023-07-26,166.3005747222466
2023-07-27,166.11345526456677
2023-07-28,165.75564231514613
2023-07-31,166.02558704578453
2023-08-03,165.3580031370991
2023-08-04,166.2974710190249
2023-08-07,166.96840457111466
2023-08-08,167.14055084008947
2023-08-09,167.28992840244103
2023-08-10,167.4018586485524
2023-08-11,168.16297398761762
2023-08-14,168.3497022302544
2023-08-15,168.4820228446166
2023-08-16,168.22508721785115
2023-08-17,167.86082943224358
2023-08-18,167.66643008367157
2023-08-21,167.38025937334115
2023-08-22,167.4083626003544
2023-08-23,167.09499944031862
2023-08-24,166.86175187446202
2023-08-25,166.22032021499825
2023-08-28,165.8719214797666
2023-08-29,166.2570278827676
2023-08-30,165.69777734850996
2023-08-31,165.32268890548238
2023-09-01,165.0092976283673
2023-09-04,164.73000731023487
2023-09-05,164.90688585180254
2023-09-06,165.1684895987504
2023-09-08,165.0586841480427
2023-09-11,165.4807947504878
2023-09-12,165.47673251185225
2023-09-13,165.75943407771842
2023-09-14,165.94729063680725
2023-09-15,165.73493997409315
2023-09-18,165.68699261936572
2023-09-19,165.42818006508904
2023-09-20,165.54372746841452
2023-09-21,165.6641870091904
2023-09-22,165.5872843931571
2023-09-25,165.15533839467167
2023-09-26,164.26966861078608
2023-09-27,163.99497262895193
2023-09-28,161.96167408315145
2023-09-29,161.9337466625069
2023-10-02,160.92824292599602
2023-10-03,160.90920215838372
2023-10-04,162.05255517308456
2023-10-05,162.23955511335058
2023-10-06,162.5513865488099
2023-10-09,162.67342774266572
2023-10-10,163.0082691409701
2023-10-11,163.05372921681652
2023-10-13,162.94969313230575
2023-10-16,162.96867795607045
2023-10-17,163.03218201081228
2023-10-18,162.74106139941452
2023-10-19,162.61669007691418
2023-10-20,163.40971740251487
2023-10-23,163.34008415071915
2023-10-24,163.93978790104126
2023-10-25,163.88718069324807
2023-10-26,165.04704320225946
2023-10-27,164.60260524939392
2023-10-30,163.40387865029422
2023-10-31,163.33767528459026
2023-11-01,164.28952310146533
2023-11-03,163.58823739279632
2023-11-06,163.5566722270545
2023-11-07,163.4501573494375
2023-11-08,163.57982507472113
2023-11-09,163.73965224047652
2023-11-10,163.57743719214545
2023-11-13,163.66622596129508
2023-11-14,163.21416576892267
2023-11-16,163.10292554363144
2023-11-17,163.29442691912539
2023-11-20,163.21771690437376
2023-11-21,163.8835537919828
2023-11-22,163.85719870855482
2023-11-23,163.6698221979336
2023-11-24,163.61916160130176
2023-11-27,163.99761325524267
2023-11-28,164.19077854449523
2023-11-29,163.9785899679583
2023-11-30,164.41527069274937
2023-12-01,163.893614748599
2023-12-04,163.91985318717946
2023-12-05,164.06693293776001
2023-12-06,163.7820233524216
2023-12-07,163.68425999038877
2023-12-08,163.75800296446678
2023-12-11,163.52137215510967
2023-12-12,163.3807659967691
2023-12-13,162.87608461701234
2023-12-14,162.45122166934863
2023-12-15,162.6798567959634
2023-12-18,162.90236405129673
2023-12-19,163.1322749916377
2023-12-20,163.34217597808603
2023-12-21,163.66464915576776
2023-12-22,163.98501299966324
2023-12-26,163.84557261510665
2023-12-27,163.87630193223671
2023-12-28,164.28677527065818
2024-01-02,165.04272487535906
2024-01-03,164.97432512809755
2024-01-04,165.10367051009237
2024-01-05,165.1840357365161
2024-01-08,165.22404148001314
2024-01-09,165.29488244409427
2024-01-10,165.74233420846036
2024-01-11,165.51138244724785
2024-01-12,165.70401958119936
2024-01-15,166.17319755674256
2024-01-16,165.82219570277027
2024-01-17,166.2423313119366
2024-01-18,166.3664598765664
2024-01-19,166.45765298745027
2024-01-22,166.07623131409613
2024-01-23,165.85031405645853
2024-01-24,165.493571904163
2024-01-25,165.31309332952526
2024-01-26,164.87770292253373
2024-01-29,164.8014677497693
2024-01-30,164.81444147479152
2024-01-31,164.5897897425173
2024-02-01,164.5928178400696
2024-02-02,165.19699147415045
2024-02-05,165.20129706310172
2024-02-06,165.3410555405378
2024-02-07,165.53189108715094
2024-02-08,166.06027093483132
2024-02-09,166.14407854333143
2024-02-14,166.82739126682762
2024-02-15,166.65600547658028
2024-02-16,166.93493135115142
2024-02-19,166.98381275150987
2024-02-20,167.15456112572699
2024-02-21,167.07061384808517
2024-02-22,166.95526176013615
2024-02-23,166.68665916272968
2024-02-26,166.13211078850406
2024-02-27,166.28837910147513
2024-02-28,165.56139963023813
2024-02-29,165.15213721675917
2024-03-01,165.976997513817
2024-03-04,165.95067390705117
2024-03-05,166.20837956643916
2024-03-06,166.23915308296478
2024-03-07,166.1932181012766
2024-03-08,166.34815253364124
2024-03-11,166.17110555622307
2024-03-12,166.61570516108938
2024-03-13,166.6855578441264
2024-03-14,166.4241867081673
2024-03-15,165.86421603878836
2024-03-18,166.0809095881233
2024-03-19,166.1813311085624
2024-03-20,166.2615707232429
2024-03-21,166.08060147436498
2024-03-22,165.63154714597616
2024-03-25,165.71976032631784
2024-03-26,164.88021052535123
2024-03-27,164.9078994362162
2024-03-28,164.46619343157357
2024-04-01,164.11761046251178
2024-04-02,163.78770381299518
2024-04-03,163.65363536448766
2024-04-04,163.72209442668168
2024-04-05,163.00775514624897
2024-04-08,163.39857096480227
2024-04-09,163.9080228572309
2024-04-10,162.53871303250875
2024-04-11,162.6721084405348
2024-04-12,162.99738087521774
2024-04-15,162.8912080665832
2024-04-16,162.99480794138344
2024-04-17,162.93100906215113
2024-04-18,163.92504282057826
2024-04-19,164.57850181681926
2024-04-22,165.5366703363672
2024-04-23,165.20827240287156
2024-04-24,165.1112195366666
2024-04-25,164.63288912919288
2024-04-26,165.0528719518488
2024-04-29,165.06955610594858
2024-04-30,163.78434427538596
2024-05-02,165.03682366330534
2024-05-03,164.8565481155324
2024-05-06,165.4803038285382
2024-05-07,165.306236380032
2024-05-08,165.38730246595082
2024-05-09,165.29661866395097
2024-05-10,165.60300754638476
2024-05-13,165.4830325135498
2024-05-14,165.2524798795472
2024-05-15,165.2648485337071
2024-05-16,165.32410107639853
2024-05-17,164.95241045930297
2024-05-20,165.07998472155992
2024-05-21,164.93931969688782
2024-05-22,165.073940167501
2024-05-23,164.79769917808912
2024-05-24,164.93287044939368
2024-05-27,164.95133031959583
2024-05-28,164.8399985060379
2024-05-29,164.85410447968798
2024-05-31,165.32278065011198
2024-06-03,165.17806062661245
2024-06-04,165.08306560705262
2024-06-05,165.1273879931012
2024-06-06,165.1234139617591
2024-06-07,165.8910747403101
2024-06-10,165.8992495196107
2024-06-11,165.7174145338155
2024-06-12,165.98027870203836
2024-06-13,166.16269884691292
2024-06-14,166.14591520692463
2024-06-17,166.4122576406526
2024-06-18,166.28115502026074
2024-06-19,166.064332614705
2024-06-20,166.69979516883114
2024-06-21,167.00683587485545
2024-06-24,167.22253702741824
2024-06-25,167.30719979607244
2024-06-26,167.78271378841205
2024-06-27,167.9276439977315
2024-06-28,168.10745982451672
2024-07-01,168.40502806060985
2024-07-02,168.3282093473391
2024-07-03,168.55485088265277
2024-07-04,168.89379040351483
2024-07-05,168.96766235311273
2024-07-08,168.8870257200802
2024-07-09,169.5000123969154
2024-07-10,169.8356528686341
2024-07-11,170.36406110660792
2024-07-12,170.39956494718004
2024-07-15,170.41752412845958
2024-07-16,170.65149210907194
2024-07-17,170.20235872893107
2024-07-18,169.9187886547343
2024-07-19,169.49039981282405
2024-07-22,169.99721862686516
2024-07-23,169.01333157475838
2024-07-24,168.2710877004142
2024-07-25,167.5300847896171
2024-07-26,167.94385803281682
2024-07-29,167.76632636888414
2024-07-30,167.54741884359728
2024-07-31,167.64834225617153
2024-08-01,167.8430824530112
2024-08-02,169.55578050736563
2024-08-05,169.94956979471942
2024-08-06,167.67801022420878
2024-08-07,167.66315023948144
2024-08-08,167.34014547813015
2024-08-09,167.83399077759188
2024-08-12,167.36545590444936
2024-08-13,167.51810850769547
2024-08-14,167.82979282733643
2024-08-15,167.7684035516802
2024-08-16,167.9262153398907
2024-08-19,168.42824160274924
2024-08-20,167.79263271777515
2024-08-21,167.94670895989222
2024-08-22,168.29767711899814
2024-08-23,168.9211647381367
2024-08-26,169.08142967074463
2024-08-27,168.80204076511916
2024-08-28,168.50793016413436
2024-08-29,168.20785611939638
2024-08-30,169.09379486314486
2024-09-02,168.96078827674748
2024-09-03,169.17245074804313
2024-09-04,169.36674264226627
2024-09-05,169.48676699747074
2024-09-06,169.24696685405334
2024-09-09,169.0855705256676
2024-09-10,169.43040239111482
2024-09-11,169.26354432064164
2024-09-12,169.2387357340186
2024-09-13,169.31423809663423
2024-09-16,169.06785937423768
2024-09-17,169.0593340143258
2024-09-18,168.81551137816663
2024-09-19,169.26313231533507
2024-09-20,168.4292351979799
2024-09-23,168.91803589349922
2024-09-24,168.32855991748946
2024-09-25,168.53077263140906
2024-09-26,168.6060320495242
2024-09-27,168.60207124030723
2024-09-30,168.34189760644648
2024-10-01,167.22143271754894
2024-10-02,167.30048923683438
2024-10-03,166.8278325981703
2024-10-04,166.88826943647888
2024-10-07,166.35524338822543
2024-10-08,166.20452155932873
2024-10-09,166.72154531608274
2024-10-10,166.6768535239386
2024-10-11,166.6471456811973
2024-10-14,166.72094662407446
2024-10-15,166.87877577590848
2024-10-16,166.64195772021054
2024-10-17,166.4829700839355
2024-10-18,166.83590185225142
2024-10-21,166.34140167665927
2024-10-22,166.36912888763143
2024-10-23,166.4625553089715
2024-10-24,165.82149418894508
2024-10-25,166.24793528192964
2024-10-28,166.4887187772097
2024-10-29,166.86333123657172
2024-10-30,166.9496071035374
2024-10-31,167.5765227735407
2024-11-01,168.52677261230212
2024-11-04,168.63947481892959
2024-11-05,168.4250360873429
2024-11-06,169.09715318224332
2024-11-07,168.74136884306915
2024-11-08,168.80704533668722
2024-11-11,168.79079102781787
2024-11-12,168.74071698925096
2024-11-13,168.92429697993103
2024-11-14,168.79959769903772
2024-11-18,168.80924415143198
2024-11-19,169.4629589920136
2024-11-21,169.67558424432843
2024-11-22,169.36194558256483
2024-11-25,169.46658013973496
2024-11-26,169.48068166014878
2024-11-27,169.2515217548991
2024-11-28,170.27460674061518
2024-11-29,169.9757043662495
2024-12-02,170.77921566817363
2024-12-03,170.40832510696814
2024-12-04,170.31646850655443
2024-12-05,170.50757203855738
2024-12-06,169.97364152930436
2024-12-09,170.40217124925195
2024-12-10,170.24283555902664
2024-12-11,169.76451751083965
2024-12-12,171.23790007630302
2024-12-13,171.566639047867
2024-12-16,172.09310457873946
2024-12-17,172.69051517663564
2024-12-18,172.6380161175694
2024-12-19,171.85821405881092
2024-12-20,171.76560897074154
2024-12-23,172.62181596233629
2024-12-26,171.6356969471315
2024-12-27,170.89563071530557
2024-12-30,170.96818693284894
2025-01-02,169.10970106956674
2025-01-03,168.26504750036065
2025-01-06,168.5580097773887
2025-01-07,168.68450915638184
2025-01-08,169.04323778676854
2025-01-09,169.31467119295658
2025-01-10,169.79433730938877
2025-01-13,169.89792745547805
2025-01-14,170.12524865322808
2025-01-15,170.23706423445557
2025-01-16,170.55959096246292
2025-01-17,170.97550555163895
2025-01-20,171.00136664111767
2025-01-21,171.08744116848632
2025-01-22,170.98194714022205
2025-01-23,171.80665469271048
2025-01-24,172.15352028998214
2025-01-27,171.9692878627145
2025-01-28,171.92528835166016
2025-01-29,171.70901474624716
2025-01-30,172.8905969815223
2025-01-31,173.35405221838857
2025-02-03,173.55686402733258
2025-02-04,173.585253408723
2025-02-05,173.64285061027155
2025-02-06,173.4500681350884
2025-02-07,173.40363866887424
2025-02-10,173.1066502986526
2025-02-11,172.7483966570823
2025-02-12,172.4491211298332
2025-02-13,172.30985671107697
2025-02-14,172.10539500435692
2025-02-17,171.707072892761
2025-02-18,171.5743822635227
2025-02-19,171.3411510706103
2025-02-20,170.97079292953956
2025-02-21,170.72586850201736
2025-02-24,170.7496644351453
2025-02-25,170.46986279797355
2025-02-26,170.4180191950948
2025-02-27,170.2082739292664
2025-02-28,170.9862140021368
2025-03-05,170.78261207901613
2025-03-06,171.1126994487163
2025-03-07,171.21083272120174
2025-03-10,171.83356561772612
2025-03-11,171.87424767605316
2025-03-12,172.32554463740033
2025-03-13,172.64145425030298
2025-03-14,172.92274481317412
2025-03-17,172.92402894856733
2025-03-18,172.8394280433377
2025-03-19,172.4331155875334
2025-03-20,172.5977996557866
2025-03-21,172.59863491678496
2025-03-24,172.50399326479032
2025-03-25,172.70797744661002
2025-03-26,172.52453615275465
2025-03-27,172.95464986354204
2025-03-28,172.87066838118272
2025-03-31,173.55490423029462
2025-04-01,173.60386853726294
2025-04-02,173.4524415291567
2025-04-03,173.36795827451994
2025-04-04,173.00838275403564
2025-04-07,172.94618940026027
2025-04-08,173.32658248689424
2025-04-09,172.81130979376513
2025-04-10,172.86772438891026
2025-04-11,172.88584667796775
2025-04-14,172.91059745146123
2025-04-15,172.49321523988442
2025-04-16,172.56179113338607
2025-04-17,172.527215101339
2025-04-22,172.65831503852348
2025-04-23,172.81414462812853
2025-04-24,172.33849508654745
2025-04-25,172.12848118585893
2025-04-28,172.26315267830452
2025-04-29,172.25687495660918
2025-04-30,172.00162854347263
2025-05-02,171.88073152432938
2025-05-05,171.7259383118195
2025-05-06,171.366022254256
2025-05-07,171.50507280392188
2025-05-08,170.93086779527204
2025-05-09,170.9832500062378
2025-05-12,171.05659589989008
2025-05-13,170.8700952162961
2025-05-14,171.06702431505403
2025-05-15,171.03000958105295
2025-05-16,171.1367588017226
2025-05-19,171.23872005181593
2025-05-20,171.0818414432429
2025-05-21,171.1550975872772
2025-05-22,171.0875590232252
2025-05-23,170.9802916450095
2025-05-26,171.07164200498158
2025-05-27,170.90984432259157
2025-05-28,170.93000493688996
2025-05-29,170.9065992289811
2025-05-30,171.14077218428827
2025-06-02,170.9387757867889
2025-06-03,171.27125744610657
2025-06-04,171.16857020066112
2025-06-05,171.23434027833997
2025-06-06,171.29826089619934
2025-06-09,171.39235394941045
2025-06-10,171.2525261730877
2025-06-11,170.86049180214198
2025-06-12,170.6836997522168
2025-06-13,170.94100943429936
2025-06-16,170.67386054147002
2025-06-17,170.16568839955303
2025-06-18,170.05824365301544
2025-06-20,170.45820251126636
2025-06-23,170.32094202245608
2025-06-24,170.2365155489026
2025-06-25,170.59295239986108
2025-06-26,170.49359105773067
2025-06-27,170.62018805289043
2025-06-30,170.4665968304499
2025-07-01,170.43258467155783
2025-07-02,170.35085985030938
2025-07-03,170.48251605390638
2025-07-04,170.41717203107498
2025-07-07,170.116221567716
2025-07-08,170.11958759018225
2025-07-09,170.47010914462243
2025-07-10,169.7210384261417
2025-07-11,169.44014196217375
2025-07-14,169.30634733858395
2025-07-15,169.3957743687976
2025-07-16,169.25635284924212
2025-07-17,169.55054425465508
2025-07-18,169.36835245815593
2025-07-21,169.8996886515796
2025-07-22,170.0716307416059
2025-07-23,170.40766438078157
2025-07-24,170.19483311219147
2025-07-25,170.40482511381128
2025-07-28,170.26457928767962
2025-07-29,170.56471452968847
2025-07-30,170.35498701274045
2025-07-31,169.99154988386113
2025-08-01,170.04172966264895
2025-08-04,170.31300968668234
2025-08-05,170.2276682581546
2025-08-06,170.55073510722622
2025-08-07,170.33793075503948
2025-08-08,170.35823072223533
2025-08-11,171.24271860337373
2025-08-12,170.96114581686584
2025-08-13,170.70356891093397
2025-08-14,170.82178439864592
2025-08-15,170.74195360545778
2025-08-18,170.85779803349357
2025-08-19,171.66752256376625
2025-08-20,171.25487452800198
2025-08-21,171.61043412281919
2025-08-22,170.41910071077666
2025-08-25,170.16704368083774
2025-08-26,170.65946529057877
2025-08-27,170.90225215402336
2025-08-28,170.23861656474583
2025-08-29,170.8061033452041
2025-09-01,170.7165079920535
2025-09-02,170.89172898575154
2025-09-03,170.7751216238179
2025-09-04,170.70405336665345
2025-09-05,170.52560565596764
2025-09-08,170.21335699504687
2025-09-09,170.72087960808557
2025-09-10,171.25882230399995
2025-09-11,171.43252403045653
2025-09-12,171.18289395832525
2025-09-15,170.95560426542698
2025-09-16,171.08442066415122
2025-09-17,171.0295993974515
2025-09-18,171.0698093247804
2025-09-19,170.90279741429478
2025-09-22,170.82397876798524
2025-09-23,171.2136693106657
2025-09-24,170.85067030964493
2025-09-25,171.0687731401762
2025-09-26,170.5215933601988
2025-09-29,170.71333591373997
2025-09-30,170.6802448848894
2025-10-01,170.79939709516853
2025-10-02,171.081147536173
2025-10-03,171.89716515707835
2025-10-06,171.211423753652
2025-10-07,171.53871975947789
2025-10-08,170.98945070627437
2025-10-09,170.29215963510006
2025-10-10,169.90314505496343
2025-10-13,169.62074912082028
2025-10-14,169.65836712418948
2025-10-15,170.18486742786735
2025-10-16,170.20939862828968
2025-10-17,170.27888936542402
2025-10-20,169.76551702283726
2025-10-21,169.54386033325932
2025-10-22,168.49776686270744
2025-10-23,168.53523485846065
2025-10-24,168.46739876073767
2025-10-27,168.63375866883814
2025-10-28,168.19506756974926
2025-10-29,167.56811428452468
2025-10-30,168.05482326936414
2025-10-31,167.01846316217515
2025-11-03,167.5139176502327
2025-11-04,166.8378975738201
2025-11-05,166.48421164321869
2025-11-06,166.5610726518964
2025-11-07,166.8540838796637
2025-11-10,166.2632628570361
2025-11-11,164.04325490022444
2025-11-12,163.80951082777443
2025-11-13,163.19701367637637
2025-11-14,163.20199668598593
2025-11-17,162.833540192114
2025-11-18,162.64823627152623
2025-11-19,162.65727412208514
2025-11-21,162.9408047653626
2025-11-24,162.40883398089778
2025-11-25,161.79456753085603
2025-11-26,162.06793100778145
2025-11-27,161.88107231304448
2025-11-28,162.49137781615164
2025-12-01,163.15138028919836
2025-12-02,163.01395250776935
2025-12-03,163.10514047269572
2025-12-04,163.35408496221004
2025-12-05,164.90163899680863
2025-12-08,165.11714041130335
2025-12-09,164.62187275551688
2025-12-10,164.86898247276255
2025-12-11,164.49855156449757
2025-12-12,164.04072895504777
2025-12-15,163.96789637818196
2025-12-16,164.18450303523775
2025-12-17,164.6380902455928
2025-12-18,164.70320932284292
2025-12-19,164.58226629049966
2025-12-22,163.9790106363378
2025-12-23,164.16672201864372
2025-12-26,164.20472843685633
2025-12-29,164.29032143459557
2025-12-30,164.35942669190698
