,China
2016-04-27,100.3386438418518
2016-04-28,100.72292677682795
2016-04-29,101.09746617511594
2016-05-03,101.28697002963855
2016-05-04,101.89091026148603
2016-05-05,102.63287509581293
2016-05-06,102.65931374698232
2016-05-09,102.98353427427205
2016-05-10,103.10381638426591
2016-05-11,103.13438162791317
2016-05-12,103.02546837635774
2016-05-13,103.34329045313626
2016-05-17,103.46605796893522
2016-05-18,103.4890125113382
2016-05-19,103.73773957896566
2016-05-20,104.03327147457655
2016-05-24,103.88900263797542
2016-05-25,104.03927012430216
2016-05-26,104.14177435394257
2016-05-27,104.45741186512495
2016-05-30,104.6386824128309
2016-05-31,104.08022630046977
2016-06-01,104.67715866393381
2016-06-02,104.44516111872832
2016-06-03,104.64637716250247
2016-06-06,104.56443219997217
2016-06-07,104.69448375143959
2016-06-08,104.85857537914296
2016-06-13,104.56657665735132
2016-06-14,104.84818724948428
2016-06-15,104.54707785070254
2016-06-16,104.54754153780837
2016-06-17,104.94828728389818
2016-06-21,105.37475098596775
2016-06-22,105.3676603726625
2016-06-23,105.39929303635009
2016-06-24,105.44114832818836
2016-06-27,105.46514351759538
2016-06-28,105.43690081348258
2016-06-29,105.43728276708705
2016-06-30,105.41776349862889
2016-07-01,105.60069616940567
2016-07-04,105.38623928951696
2016-07-05,105.6849701745843
2016-07-06,105.98828149643002
2016-07-07,105.99609085762928
2016-07-08,105.99993309610964
2016-07-12,106.00332335687277
2016-07-13,106.02209180100625
2016-07-21,106.07687424825178
2016-07-22,106.08825571983547
2016-07-27,106.1030048327906
2016-07-28,106.02885697023045
2016-07-29,106.27600461857394
2016-08-03,106.23281457854736
2016-08-05,106.28349163175903
2016-08-10,106.28369891341735
2016-08-11,106.5033597410558
2016-08-12,106.29598948777466
2016-08-15,106.60952914618906
2016-08-16,106.95290777749773
2016-08-17,106.94857406648681
2016-08-19,107.07978550751633
2016-08-23,107.21201729018364
2016-08-24,106.94492464740868
2016-08-25,107.0688071114125
2016-08-31,106.9724532296561
2016-09-01,106.86763322718068
2016-09-02,106.89315480660322
2016-09-08,106.85937124273121
2016-09-14,106.98010557755944
2016-09-20,107.12319781862209
2016-09-21,107.13653107460028
2016-09-22,107.08731506048063
2016-09-23,107.07362308955106
2016-09-28,107.12686676893057
2016-09-29,107.1154980595141
2016-09-30,107.11523361558264
2016-10-11,107.10026412336677
2016-10-13,107.07408058034677
2016-10-14,107.0852510266318
2016-10-18,107.12455131187417
2016-10-19,107.1132438560892
2016-10-20,107.19838163250301
2016-10-21,107.23300319890004
2016-10-24,107.16290920513656
2016-10-25,107.10150984474305
2016-10-26,107.08671366678895
2016-10-27,107.19542255223253
2016-10-28,107.19423132353698
2016-10-31,107.12409125315317
2016-11-01,107.12509593540997
2016-11-02,107.09313065498883
2016-11-03,107.17926979560022
2016-11-04,107.28250624785424
2016-11-07,107.22117711960124
2016-11-08,107.20398998647593
2016-11-10,107.33799320323865
2016-11-11,107.5130997654336
2016-11-14,107.34833310139219
2016-11-15,107.50065910997961
2016-11-16,107.60752138429798
2016-11-17,107.54276236959784
2016-11-21,107.4072984496901
2016-11-22,107.6115696083894
2016-11-24,107.76991471292656
2016-11-25,107.74745180439223
2016-11-30,107.63839982044321
2016-12-01,107.74214524425756
2016-12-02,107.81082076643864
2016-12-05,107.88985278692711
2016-12-06,107.91534227495238
2016-12-08,107.90122044872976
2016-12-09,107.89854347381092
2016-12-12,108.03360374523261
2016-12-14,108.2499421795774
2016-12-15,108.4866531232339
2016-12-16,108.63640878217171
2016-12-19,110.06358707636339
2016-12-20,109.67688255032651
2016-12-21,109.56517634697592
2016-12-22,109.74387746605689
2016-12-26,111.3697377650239
2016-12-27,111.00286566958243
2016-12-28,113.00372240057284
2016-12-29,112.90899195704827
2017-01-03,112.96032225749903
2017-01-05,112.91505642992638
2017-01-06,113.01298034854437
2017-01-10,112.98143608494175
2017-01-17,113.0304941134907
2017-01-18,112.97251336883222
2017-01-19,113.10658032499335
2017-01-20,113.0897228047657
2017-01-26,113.0418512805707
2017-02-06,113.17080536431136
2017-02-07,113.2354650556075
2017-02-08,113.22726679863169
2017-02-09,113.20066573783537
2017-02-10,113.14589475369878
2017-02-15,113.88191396450631
2017-02-16,114.72767807313159
2017-02-21,114.65660435276253
2017-02-22,114.70689821369355
2017-02-27,114.78462999815302
2017-03-07,114.71078812555233
2017-03-10,114.79837976651193
2017-03-15,114.74927625938946
2017-03-16,114.36836180625376
2017-03-17,114.39696044818683
2017-03-20,114.42465788830907
2017-03-21,114.47855461219143
2017-03-22,114.29817821432731
2017-03-23,114.27062455524282
2017-03-24,114.25622912997196
2017-03-28,114.21475702081713
2017-03-29,114.3108337205619
2017-03-30,114.46108883728796
2017-03-31,114.50219128612311
2017-04-05,114.48189827314268
2017-04-06,114.46084964694401
2017-04-14,114.638024252582
2017-04-18,114.45862326655025
2017-04-20,114.44504302509336
2017-05-02,114.33455371151669
2017-05-03,114.2938594332905
2017-05-04,114.32618757268287
2017-05-05,114.33382547627076
2017-05-08,114.49017586055031
2017-05-09,114.39370951776304
2017-05-10,114.35894049298143
2017-05-22,114.88877470945596
2017-05-23,114.82181796783553
2017-05-24,114.8612134063403
2017-05-25,114.90078159549273
2017-05-31,114.85372925407388
2017-06-01,114.90685723303828
2017-06-05,114.96029586163044
2017-06-06,114.91354495565199
2017-06-07,114.94047322342122
2017-06-12,114.97401050187878
2017-06-26,114.88890124687326
2017-06-27,114.90288220324729
2017-06-28,114.86123170152038
2017-06-29,114.86105936518254
2017-06-30,114.858273229942
2017-07-05,114.85755593255458
2017-07-06,114.84667477495678
2017-07-07,114.79991905326743
2017-07-11,114.80176110613904
2017-07-12,114.83587534110933
2017-07-13,114.82342438364074
2017-07-14,114.81242576921397
2017-07-17,114.83522580711045
2017-07-18,114.8472553440573
2017-07-19,114.83627588216969
2017-07-20,114.88313998390866
2017-07-25,113.44534609892327
2017-07-27,113.41687320393903
2017-07-28,113.44531884302054
2017-08-01,113.35163466559332
2017-08-02,113.24183654363809
2017-08-03,113.2648953340248
2017-08-04,113.22307559593764
2017-08-08,113.259104509797
2017-08-09,113.31113888324596
2017-08-17,113.32869776747376
2017-08-18,113.28828944274076
2017-08-22,113.36565818538836
2017-08-23,113.39258849386418
2017-08-24,113.35431511404191
2017-08-25,113.31557099739602
2017-08-30,113.19504812401462
2017-08-31,113.23478423095163
2017-09-06,113.13830904785426
2017-09-07,113.2543536890035
2017-09-08,113.05274887671608
2017-12-28,112.96503514914775
2018-01-02,112.77059874839763
2018-01-04,112.87606557013345
2018-01-05,112.85724194695388
2018-01-10,112.88800975609334
2018-01-11,112.91354894928638
2018-01-15,112.9364261724447
2018-01-17,112.9390627129726
2018-01-18,112.8177319710536
2018-01-19,112.78930828862144
2018-01-22,112.80160238914596
2018-01-24,112.91843573583186
2018-01-25,113.11604752305715
2018-02-01,112.95038795883625
2018-02-02,112.92135871541169
2018-02-05,112.93389698201854
2018-02-06,112.86178889918565
2018-02-08,112.90622156024226
2018-02-09,112.84817132843104
2018-02-27,112.584055232206
2018-02-28,112.7117546364541
2018-03-02,112.61172433589198
2018-03-06,112.52975835913384
2018-03-07,112.56269900261739
2018-03-09,112.61369609487437
2018-03-13,112.66485175574046
2018-03-14,112.86629400204042
2018-03-15,112.78585204606723
2018-03-16,112.74723133038071
2018-03-20,112.84901495189641
2018-03-21,112.7648045102458
2018-03-22,112.78430792146008
2018-03-23,112.7246066625528
2018-03-29,112.41096156829624
2018-03-30,112.43436735348263
2018-04-04,112.56877710528592
2018-04-09,112.30475184556079
2018-04-10,112.46686842285565
2018-04-11,112.30588270412218
2018-04-17,112.2714846742158
2018-04-18,112.07482609372114
2018-04-23,112.2085899658061
2018-04-24,112.19539934275569
2018-04-27,112.17191315317045
2018-05-02,112.42786339644944
2018-05-04,112.18056123651601
2018-05-07,111.94214732523362
2018-05-08,112.67958934876717
2018-05-09,112.54509265398738
2018-05-15,112.59965019981313
2018-05-16,112.655211133649
2018-05-17,113.34487823788825
2018-05-18,112.72627699658271
2018-05-22,113.54316300815566
2018-05-24,113.85828734400667
2018-05-25,113.63859253547328
2018-05-30,113.62521786088821
2018-06-01,113.94509596533271
2018-06-04,113.76575364792936
2018-06-05,113.81857748599542
2018-06-07,113.62650622189183
2018-06-08,113.81604753880046
2018-06-11,113.77938434752552
2018-06-12,113.9296503144628
2018-06-13,113.97704389955199
2018-06-14,113.93493845231366
2018-06-15,113.75789926869331
2018-06-20,113.99819691692754
2018-06-21,113.91437721703367
2018-06-25,114.11631168843215
2018-06-26,114.2508299653033
2018-06-28,114.31954940998656
2018-06-29,114.52603995943743
2018-07-02,114.25493607005251
2018-07-05,114.27590775824355
2018-07-06,114.70658228533335
2018-07-09,114.4224049233717
2018-07-10,115.14362528184185
2018-07-20,114.90429229683714
2018-07-23,115.12687897604275
2018-07-24,115.0429462778003
2018-07-26,114.46704194573208
2018-07-27,114.55234221316586
2018-07-30,114.53015393109081
2018-07-31,114.58903063720658
2018-08-01,114.55640990524579
2018-08-02,114.65138783376534
2018-08-03,114.36499425252703
2018-08-06,114.5023238588476
2018-08-07,114.50408028587216
2018-08-08,114.67862316137433
2018-08-10,114.48046806083943
2018-08-13,114.292237466652
2018-08-16,114.01687770919067
2018-08-17,114.05171976521638
2018-08-20,114.35310460294986
2018-08-21,114.9800681011705
2018-08-22,115.5293428596902
2018-08-23,116.08745667086792
2018-08-24,116.16583641706615
2018-08-27,116.45547466373911
2018-08-28,116.1562746876459
2018-08-30,115.9644337214634
2018-08-31,116.08809939374775
2018-09-05,116.24705247628997
2018-09-06,116.35288427014405
2018-09-07,116.2401661741236
2018-09-10,116.24056400549922
2018-09-11,116.38358314730273
2018-09-12,116.35142848103399
2018-09-13,116.29529699556575
2018-09-14,116.40854433730617
2018-09-17,116.22334716830858
2018-09-18,116.24932374517174
2018-09-19,116.1288353252061
2018-10-09,116.44024080124038
2018-10-11,116.46253097058661
2018-10-12,116.45680953189364
2018-10-16,116.51344260071926
2018-10-17,116.65805076611555
2018-10-22,116.61097400882987
2018-10-30,116.775172618929
2018-10-31,116.7714759644937
2018-11-01,116.9664427403305
2018-11-05,116.84766062405568
2018-11-09,116.56078026608685
2018-11-19,116.259584501013
2018-11-22,116.511599241921
2018-11-23,116.63936661471097
2018-11-28,116.66170584831619
2018-11-29,116.68757363715949
2018-12-04,116.59053590297333
2018-12-05,116.72609071526443
2018-12-12,116.71223263417292
2018-12-13,116.67490356219778
2018-12-19,115.94759793134375
2018-12-20,115.99702912584611
2018-12-21,115.90406287835123
2019-01-02,115.64301821531393
2019-01-04,115.5970283906749
2019-01-07,116.08305215545155
2019-01-08,116.13631364494448
2019-01-09,116.36261003027475
2019-01-10,116.31643994726718
2019-01-11,116.15595324322206
2019-01-15,116.17844849009875
2019-01-16,116.0373614504714
2019-01-17,115.97926496370627
2019-01-22,115.90366522086968
2019-01-23,115.89944873580428
2019-01-24,115.6540130960858
2019-01-25,116.06090082274956
2019-01-29,115.3460119936006
2019-01-30,115.3251852648455
2019-01-31,115.36490718770543
2019-02-01,115.37040003651782
2019-02-11,115.20660250153199
2019-02-12,115.38292581756731
2019-02-13,115.00055311264714
2019-02-14,115.68841365185551
2019-02-15,115.35418732281796
2019-02-19,115.26850567766347
2019-02-20,115.35890351179197
2019-02-21,115.1081878525915
2019-02-22,115.20959473635786
2019-02-25,115.36250095533802
2019-02-26,114.94550442832355
2019-02-27,114.7987967157695
2019-02-28,114.55200708070035
2019-03-01,114.23725317306955
2019-03-04,114.19621067541374
2019-03-05,114.50646353774052
2019-03-06,114.53667797627043
2019-03-07,114.31926291724272
2019-03-08,114.70916481522212
2019-03-12,114.63022610317512
2019-03-13,114.47565579903691
2019-03-14,114.31809976663585
2019-03-15,113.83913289642148
2019-03-18,114.04779615339528
2019-03-21,114.21930258664761
2019-03-22,114.06181478547059
2019-03-26,114.01420076240541
2019-03-27,114.19685271043909
2019-03-28,113.84831427199667
2019-03-29,113.94362903470135
2019-04-01,114.18651706792295
2019-04-02,114.46803605619395
2019-04-03,113.76900947121061
2019-04-04,113.47404825585853
2019-04-08,114.21015768629302
2019-04-09,114.13475590921954
2019-04-10,114.22302171654921
2019-04-11,114.02924687474618
2019-04-16,114.30356492079954
2019-04-17,114.27306383484697
2019-04-22,114.03553546138106
2019-04-23,114.04900735000712
2019-04-24,113.87367685465483
2019-04-25,113.93952648522418
2019-04-26,113.76281275164939
2019-04-30,113.83606783766729
2019-05-06,113.8475379636714
2019-05-07,113.95994095144289
2019-05-08,114.33084678647506
2019-05-09,114.01321041879864
2019-05-10,113.958395155318
2019-05-15,113.96485227998741
2019-05-16,114.12115223207692
2019-05-17,113.80377992073869
2019-05-20,113.73868180614583
2019-05-21,114.09737484386977
2019-05-22,113.91239951405569
2019-05-23,113.73743433023853
2019-05-27,113.69999496007136
2019-05-28,113.6165829917531
2019-05-29,113.42653891288936
2019-05-30,113.45103842909626
2019-05-31,113.26142237105161
2019-06-03,113.74649482615142
2019-06-04,113.12697329580314
2019-06-05,114.00495922367159
2019-06-06,114.0201569818962
2019-06-11,114.35965376008737
2019-06-12,113.84729923245365
2019-06-13,113.9024543721656
2019-06-14,114.33540071692194
2019-06-17,114.55958340900958
2019-06-18,114.64360017826883
2019-06-19,114.501960190954
2019-06-20,112.7970201074588
2019-06-21,114.07205438581786
2019-06-27,114.21276555684476
2019-06-28,114.1881659674685
2019-07-01,114.14068701414708
2019-07-02,114.12554367362647
2019-07-03,114.20249875390533
2019-07-08,114.24716778308834
2019-07-09,114.29853996438968
2019-07-10,114.22730072054222
2019-07-15,114.46926677923781
2019-07-16,114.59028296312508
2019-07-17,114.5224200857397
2019-07-18,114.51165286409986
2019-07-19,114.44510748114551
2019-07-23,114.27520787469743
2019-07-24,114.53526968275618
2019-07-25,114.45922398247276
2019-07-26,114.39983353953241
2019-07-29,114.47486706234
2019-07-31,114.43929235735123
2019-08-01,114.59325016128813
2019-08-02,114.5254525815046
2019-08-05,114.37468875532517
2019-08-06,114.61571240635209
2019-08-07,114.5231111322871
2019-08-12,114.28962187022069
2019-08-13,114.28682759133895
2019-08-16,114.50724020436162
2019-08-21,114.52252958431342
2019-08-22,114.56667093012211
2019-08-23,114.51455307862719
2019-08-27,114.43423339329838
2019-08-28,114.4631375184971
2019-09-04,114.62354812006768
2019-09-05,114.50049156178126
2019-09-06,114.45623341260756
2019-09-25,114.71423967701585
2019-09-26,114.91492535504855
2019-09-27,114.92834432850589
2019-10-08,114.56206049287931
2019-10-09,114.57357824258231
2019-10-10,114.59187000668396
2019-10-11,114.34194546781188
2019-10-15,114.61780505596883
2019-10-16,114.569690219196
2019-10-17,114.54542213391872
2019-10-21,114.31163873400078
2019-10-22,114.54680696486008
2019-10-23,114.51615050356303
2019-10-25,114.27009908673101
2019-10-31,114.4244620305968
2019-11-04,114.12273317705002
2019-11-05,114.1418945193784
2019-11-07,113.89456856983576
2019-11-12,113.96577459163804
2019-11-13,114.03424372803369
2019-11-18,114.17133194736438
2019-11-26,113.98213407335103
2019-11-27,113.93291062938945
2019-12-03,113.89226332052964
2019-12-04,113.97948526953896
2019-12-12,114.20136401069479
2019-12-13,113.97798204201936
2019-12-20,114.0640593156339
2019-12-23,114.0132466369573
2019-12-24,113.90522253199774
2019-12-25,113.78837164309839
2019-12-31,114.06618040993328
2020-01-03,113.65216752111576
2020-01-06,113.76959866474445
2020-01-13,114.08240218626796
2020-01-14,114.00855367897658
2020-01-15,114.00735345672493
2020-01-17,113.56745886371668
2020-02-10,113.80498664252676
2020-02-11,114.16144376324269
2020-02-12,114.16079066250478
2020-02-26,112.9854641679656
2020-02-27,112.74480676461917
2020-02-28,112.77203817498756
2020-03-03,112.92113089956528
2020-03-04,112.80488624548117
2020-03-05,113.24626977213566
2020-03-06,112.93615935383781
2020-03-09,112.92541630892774
2020-03-11,113.1649454730209
2020-03-13,113.38359174795418
2020-03-16,113.27800139845053
2020-03-17,113.5015756212777
2020-03-18,113.81875774359646
2020-03-23,113.70866879356933
2020-03-24,113.92813688827208
2020-03-27,113.85074842825793
2020-04-01,113.06704195543156
2020-04-02,112.98598500274579
2020-04-03,112.92009416800374
2020-04-07,113.43700098504684
2020-04-14,113.8014543442126
2020-04-15,114.3649528522922
2020-04-17,114.88289068689576
2020-04-27,115.05858995245708
2020-04-28,115.48725584382194
2020-04-29,115.85854586079765
2020-04-30,115.81857802493852
2020-05-07,115.44417111800497
2020-05-08,115.30220122035324
2020-05-18,115.52048067910057
2020-05-19,115.39234452048619
2020-05-22,115.69697635699143
2020-05-25,115.42490565002265
2020-05-26,115.70912500549404
2020-05-27,115.68438375456675
2020-05-29,114.98968452195611
2020-06-04,116.40698952436695
2020-06-09,116.24377818823837
2020-06-11,115.62579704208768
2020-06-12,115.6830596143771
2020-06-15,116.12884868778164
2020-06-17,115.77134300988709
2020-06-22,115.91712399727953
2020-06-23,115.90773745307364
2020-06-24,115.51862418584031
2020-06-30,115.38052784047909
2020-07-02,115.76462994370115
2020-07-03,116.15240325777043
2020-07-08,116.22554348144662
2020-07-09,116.42728539029206
2020-07-10,116.14574322790898
2020-07-16,116.06485172196115
2020-08-03,116.22330946497593
2020-08-04,116.1504715064027
2020-08-17,116.2433746029113
2020-08-21,116.10266261263187
2020-08-24,116.2889936823147
2020-08-25,116.06840875784481
2020-08-26,115.99262464609859
2020-09-01,115.60667415600656
2020-09-02,115.54435154339401
2020-09-07,115.47038200635046
2020-09-10,115.34478867872815
2020-09-11,115.21799632318361
2020-09-16,115.34684805465942
2020-09-30,115.46274702443348
2020-10-30,115.88030905591056
2020-11-02,115.77025715901097
2020-11-03,115.79084780014894
2020-11-04,115.59548944809292
2020-11-05,115.6290445819705
2020-11-11,115.91896512762021
2020-11-12,115.73943214768228
2020-11-13,115.84679366726904
2020-11-26,115.37852436524052
2020-11-27,115.39765706238192
2020-11-30,115.5639294946583
2020-12-01,115.17650050286396
2020-12-08,115.459586547631
2020-12-09,115.37948246127077
2020-12-10,115.38224104872108
2020-12-11,115.35460563201205
2020-12-18,115.37172658459298
2020-12-21,115.53884177811273
2020-12-22,115.41215926969788
2020-12-24,115.0178632151844
2020-12-28,115.37381284850522
2020-12-30,115.62946221532438
2021-01-06,115.6787670880518
2021-01-07,115.53585725082543
2021-01-08,115.32315810094119
2021-01-12,115.21078433095357
2021-01-13,115.5684017046907
2021-01-15,115.78390435320671
2021-01-18,115.79640976916963
2021-01-19,116.10849004550461
2021-01-20,116.00150134656843
2021-01-21,116.13908019492274
2021-01-25,116.00464616710802
2021-01-27,115.61862433578725
2021-01-28,115.71631643265896
2021-02-02,115.05135660472206
2021-02-03,114.97664604295774
2021-02-04,115.09443610138051
2021-02-05,115.14822690282296
2021-02-09,114.79207576580596
2021-02-10,114.43068092090236
2021-02-18,114.22100383971225
2021-02-19,114.18041611659669
2021-02-22,114.2624985225946
2021-02-23,113.94518262579543
2021-02-24,114.15100680156137
2021-02-25,114.061515248854
2021-02-26,113.86689857219186
2021-03-01,113.95834938726676
2021-03-02,114.02909894738235
2021-03-03,113.86507885939281
2021-03-04,113.92055554740101
2021-03-05,114.01151435305049
2021-03-08,114.44135417881868
2021-03-09,114.1479469823381
2021-03-10,114.16950692829921
2021-03-11,114.04291240627535
2021-03-12,114.1189781880877
2021-03-15,113.90150703027409
2021-03-16,114.07653156500739
2021-03-17,114.12292025353035
2021-03-18,114.03623831268648
2021-03-22,113.90132861680256
2021-03-23,114.25428354213776
2021-03-24,113.92862714731224
2021-03-25,114.29486674217024
2021-03-26,113.92974010833044
2021-03-29,114.26128869317455
2021-03-30,113.85004280696202
2021-03-31,114.04808797557689
2021-04-01,114.11527301772439
2021-04-02,113.93189347994496
2021-04-06,113.64437538768422
2021-04-07,113.568448522768
2021-04-08,113.59716027558035
2021-04-09,113.88666462124819
2021-04-12,113.96083295520474
2021-04-13,113.67121555109449
2021-04-14,113.83714447340749
2021-04-15,113.79549728640043
2021-04-16,113.84704729388221
2021-04-19,113.94333055508008
2021-04-20,113.85554702652428
2021-04-21,113.7801440205001
2021-04-22,113.75316600042382
2021-04-23,113.5383358195106
2021-04-26,113.5425544818669
2021-04-27,113.68787460324373
2021-04-28,113.79178836623566
2021-04-29,113.67495417844673
2021-04-30,113.63758460686415
2021-05-06,113.88175394130344
2021-05-07,113.64150516141231
2021-05-10,113.48033416645171
2021-05-11,113.3337785300957
2021-05-12,113.33956420168346
2021-05-13,113.16897493643991
2021-05-14,113.22770070397942
2021-05-17,113.59610786153883
2021-05-18,113.47999635333976
2021-05-19,113.58768381203588
2021-05-20,113.63904302973337
2021-05-21,113.0654617942368
2021-05-24,113.7129635422633
2021-05-25,113.57472462912025
2021-05-26,113.56966434240468
2021-05-27,113.47180802417117
2021-05-28,113.42538064662959
2021-05-31,113.86665620069354
2021-06-01,113.45122456610224
2021-06-02,113.53192871209663
2021-06-03,113.49169956824414
2021-06-04,112.87819404027974
2021-06-07,113.41522645267514
2021-06-08,113.00094458758988
2021-06-09,113.4027131448824
2021-06-10,113.19067785931401
2021-06-11,113.12588467110399
2021-06-15,113.38680081069126
2021-06-16,112.86664016986153
2021-06-17,113.14134385324537
2021-06-18,113.28803703212684
2021-06-21,113.42092918883992
2021-06-22,113.26735114445974
2021-06-23,113.05544594197218
2021-06-24,113.22974896634948
2021-06-25,113.14947835725005
2021-06-28,113.05843850209105
2021-06-29,113.45083549077697
2021-06-30,113.3681786486796
2021-07-01,112.82286653579222
2021-07-02,112.7479842031891
2021-07-05,112.92492026381231
2021-07-06,113.18222461867519
2021-07-07,112.95611472435225
2021-07-08,112.43679025081647
2021-07-09,112.57185546884085
2021-07-12,112.1443896180903
2021-07-13,112.38247092404512
2021-07-14,112.75568786432171
2021-07-15,112.35732525016071
2021-07-16,112.61777609038803
2021-07-19,112.73309184505702
2021-07-20,112.41167114298607
2021-07-21,112.47572766619855
2021-07-22,112.59426506046033
2021-07-23,112.20376944023074
2021-07-26,112.42767362342971
2021-07-27,112.48393333732697
2021-07-28,112.46979316100006
2021-07-29,112.71353512377773
2021-07-30,112.7516163097248
2021-08-02,112.72090399573248
2021-08-03,112.68638585932776
2021-08-04,112.61211495946168
2021-08-05,112.76542946449173
2021-08-06,112.77955350435724
2021-08-09,112.96304109754793
2021-08-10,112.6268961318028
2021-08-11,112.5455031435262
2021-08-12,112.59723290613725
2021-08-13,113.0686664071826
2021-08-16,112.67043672744532
2021-08-17,112.76791318418033
2021-08-18,112.96409810729739
2021-08-19,112.79600947935897
2021-08-20,112.57012185434574
2021-08-23,112.58014684601282
2021-08-24,112.80153546964861
2021-08-25,112.62944094536533
2021-08-26,112.7287908823635
2021-08-27,112.68135999959046
2021-08-30,112.49483726230605
2021-08-31,112.63790848914792
2021-09-01,112.59486304730811
2021-09-02,112.36234740208903
2021-09-03,112.59704467992044
2021-09-06,112.50945862914186
2021-09-07,112.36045063968676
2021-09-08,112.53069346568057
2021-09-09,112.4936897272993
2021-09-10,112.6275615473413
2021-09-13,112.23958754230412
2021-09-14,112.1620367206226
2021-09-15,112.244302836137
2021-09-16,112.5153049116161
2021-09-17,112.72063850397261
2021-09-22,112.33993467678498
2021-09-23,112.47058705168847
2021-09-24,112.47759403197004
2021-09-27,112.05533970933332
2021-09-28,111.98490024359896
2021-09-29,112.92769387203253
2021-09-30,112.15579024752526
2021-10-08,111.90038529019601
2021-10-11,111.69817919036507
2021-10-12,111.60940813617415
2021-10-13,111.41932169157917
2021-10-14,111.46820616064603
2021-10-15,113.02752451895206
2021-10-18,114.22520334517803
2021-10-19,114.17508399387823
2021-10-20,114.25481519670322
2021-10-21,114.46127270292898
2021-10-22,114.20621305751386
2021-10-25,114.29205393965462
2021-10-26,114.52995461235199
2021-10-27,114.32907042958556
2021-10-28,114.34230422521641
2021-10-29,114.45008265916682
2021-11-01,114.37181717099378
2021-11-02,114.41922014334929
2021-11-03,114.28746935068025
2021-11-04,114.26474875452914
2021-11-05,114.0475514529358
2021-11-08,114.19015677206869
2021-11-09,114.10510710784727
2021-11-10,114.25628148958754
2021-11-11,114.36077385778157
2021-11-12,114.29548285516682
2021-11-15,114.2535706146982
2021-11-16,114.22972558268172
2021-11-17,114.16086636863045
2021-11-18,114.22856684161897
2021-11-19,114.28487349070828
2021-11-22,114.15670773472549
2021-11-23,114.2479590004875
2021-11-24,113.98334472916855
2021-11-25,113.95941699334773
2021-11-26,113.80778442789148
2021-11-29,113.96133129284087
2021-11-30,113.83586861850365
2021-12-01,113.77419964864805
2021-12-02,113.61531701942123
2021-12-03,113.61748919633263
2021-12-06,113.48580183287508
2021-12-07,113.78946967851708
2021-12-08,113.65650601054458
2021-12-09,113.71819928095516
2021-12-10,113.76356149118023
2021-12-13,113.62343153485213
2021-12-14,113.68903217323782
2021-12-15,113.67993402701559
2021-12-16,113.77537467499596
2021-12-17,113.8869807582233
2021-12-20,113.86822764585641
2021-12-21,113.9342767057443
2021-12-22,113.85704176374152
2021-12-23,113.86845994377839
2021-12-24,113.78896720953735
2021-12-27,113.86625949663545
2021-12-28,113.68303874864031
2021-12-29,113.75296992924875
2021-12-30,113.77040229154227
2021-12-31,113.75449287599922
2022-01-04,113.88481309801325
2022-01-05,114.11407972667398
2022-01-06,113.90212409274073
2022-01-07,114.09752216940674
2022-01-10,113.96778627787472
2022-01-11,113.77191025430807
2022-01-12,113.68872865911028
2022-01-13,113.59375112661805
2022-01-14,113.95565119757372
2022-01-17,114.03679614915265
2022-01-18,113.45466561642372
2022-01-19,113.50413561331649
2022-01-20,113.51131988493684
2022-01-21,113.34726605636831
2022-01-24,113.31466352016378
2022-01-25,113.69027528924771
2022-01-26,113.47468953663984
2022-01-27,113.46400004873848
2022-01-28,113.19273606120174
2022-02-07,113.09304389170465
2022-02-08,113.21680758601151
2022-02-09,113.28238517010993
2022-02-10,114.27711970993546
2022-02-11,115.41490158383982
2022-02-14,115.40335358983673
2022-02-15,115.33190089471378
2022-02-16,115.4847578697568
2022-02-17,115.47426529362681
2022-02-18,114.9325019002546
2022-02-21,115.3018456927817
2022-02-22,115.1730570846337
2022-02-23,115.23747597425317
2022-02-24,115.2411976832958
2022-02-25,115.33584693335553
2022-02-28,115.33721336885559
2022-03-01,115.34526702747571
2022-03-02,115.23339578862326
2022-03-03,115.37200719408088
2022-03-04,115.43830080868796
2022-03-07,115.31435062956031
2022-03-08,115.23859701928005
2022-03-09,115.25592165108525
2022-03-10,115.54677610092628
2022-03-11,115.7991789587183
2022-03-14,115.90681911775611
2022-03-15,116.16953398322597
2022-03-16,116.16018472511354
2022-03-17,116.08655627651933
2022-03-18,115.94472224370675
2022-03-21,116.12688546315677
2022-03-22,116.488527308102
2022-03-23,116.9142177167926
2022-03-24,116.99924739929143
2022-03-25,116.90859768682414
2022-03-28,116.98684724482828
2022-03-29,116.85558031037336
2022-03-30,116.94186213880253
2022-03-31,116.83003455575991
2022-04-01,116.69569811227464
2022-04-06,116.70583984886966
2022-04-07,116.7070589194866
2022-04-08,116.5197315767404
2022-04-11,116.51276799764523
2022-04-12,116.91016236820717
2022-04-13,116.51135282965681
2022-04-14,116.57504764379401
2022-04-15,116.79764614143535
2022-04-18,117.15518109667728
2022-04-19,117.02247053572303
2022-04-20,117.03878053895949
2022-04-21,117.15538213391241
2022-04-22,117.14955407914607
2022-04-25,117.26579376234143
2022-04-26,117.14351303864521
2022-04-27,117.17095830017468
2022-04-28,117.2093739132942
2022-04-29,117.18987600622448
2022-05-05,117.35655788644506
2022-05-06,117.27405531482343
2022-05-09,117.26876305352431
2022-05-10,117.29598032911011
2022-05-11,117.29313812177038
2022-05-12,117.22107496298754
2022-05-13,117.23275298123843
2022-05-16,117.30214839060844
2022-05-17,117.28822359452278
2022-05-18,117.34550977246158
2022-05-19,117.51561511018961
2022-05-20,117.4982225529601
2022-05-23,117.54270344987341
2022-05-24,117.5379856249529
2022-05-25,117.50936089700303
2022-05-26,117.63082473252797
2022-05-27,117.57281545345045
2022-05-30,117.55875826911542
2022-05-31,117.53141624936197
2022-06-01,117.59854915524963
2022-06-02,117.59225616369444
2022-06-06,117.63527117645228
2022-06-07,117.72271014595674
2022-06-08,117.68522857954204
2022-06-09,117.62102134619165
2022-06-10,117.69521597837884
2022-06-13,117.78167800746866
2022-06-14,117.6906720408081
2022-06-15,117.71390471179315
2022-06-16,117.67820844966785
2022-06-17,117.65471596577855
2022-06-20,117.60822443478214
2022-06-21,117.62491316264045
2022-06-22,117.74287068186631
2022-06-23,117.660004157801
2022-06-24,117.6661021414778
2022-06-27,117.4216158712861
2022-06-28,117.64117438602042
2022-06-29,117.54714652646132
2022-06-30,117.79393958904085
2022-07-01,117.84826711060879
2022-07-04,117.8715121821362
2022-07-05,118.10049295545562
2022-07-06,118.3712052592784
2022-07-07,118.1736215655392
2022-07-08,118.30339600722175
2022-07-12,118.39165542390361
2022-07-13,118.3412011493469
2022-07-14,118.32477258476925
2022-07-15,118.41001301071692
2022-07-19,118.3192554807081
2022-07-20,118.32110569562624
2022-07-21,118.2869026476281
2022-07-22,118.40806005729931
2022-07-25,118.26328613010502
2022-07-26,118.20636047145068
2022-07-27,118.19126697464613
2022-07-28,118.31701462677128
2022-07-29,118.21634877074484
2022-08-01,118.3104271745836
2022-08-02,118.27466565240536
2022-08-03,118.26685919882559
2022-08-04,118.27941213529765
2022-08-05,118.17135130241694
2022-08-08,118.27244741361413
2022-08-09,118.46442976213854
2022-08-10,118.26990130931463
2022-08-11,118.24459289711935
2022-08-12,118.68260684561119
2022-08-15,119.35931259931256
2022-08-16,119.71051626737352
2022-08-17,119.33814273181851
2022-08-18,119.51820930205548
2022-08-19,119.12788136129839
2022-08-22,119.34536375157347
2022-08-23,119.06952677932969
2022-08-24,119.10280834235805
2022-08-25,119.38002794987392
2022-08-26,119.0994098405568
2022-08-29,119.22222230110687
2022-08-30,119.11630182525825
2022-08-31,119.14851765685117
2022-09-01,119.08017307751271
2022-09-02,119.16422711538797
2022-09-05,119.03951132383087
2022-09-06,119.06279356024088
2022-09-07,119.13458426989038
2022-09-08,119.07245524793919
2022-09-09,119.23057165950131
2022-09-13,119.08960615721405
2022-09-14,118.93370355787198
2022-09-15,118.91469420364358
2022-09-16,118.72868111527701
2022-09-19,118.9789308762945
2022-09-20,119.14691266145797
2022-09-21,118.89706111548186
2022-09-22,118.67173002787735
2022-09-23,118.56566891789761
2022-09-26,118.6613804618152
2022-09-27,118.59274278437381
2022-09-28,118.3100781660057
2022-09-29,117.94343615942795
2022-09-30,118.3615974060124
2022-10-10,118.61103651036966
2022-10-11,118.77836819185748
2022-10-12,118.60695034189794
2022-10-13,118.84777088940372
2022-10-14,118.74178853621149
2022-10-17,118.5001336376642
2022-10-18,118.57626418568334
2022-10-19,118.4240563766447
2022-10-20,118.55591578759453
2022-10-21,118.42211766490254
2022-10-24,118.55850154629447
2022-10-25,118.3011867373391
2022-10-26,118.55578879133229
2022-10-27,118.6149906859401
2022-10-28,118.57141819459231
2022-10-31,118.5833191130742
2022-11-01,117.65179794816241
2022-11-02,118.51883891257684
2022-11-03,118.73789224190938
2022-11-04,118.76835384500816
2022-11-07,119.2646752007801
2022-11-08,119.58599109490855
2022-11-09,119.42058677256664
2022-11-10,119.60289102062622
2022-11-11,119.36967895245434
2022-11-14,118.44848219369607
2022-11-15,118.56767924266553
2022-11-16,117.86974996708956
2022-11-17,118.33144030793068
2022-11-18,118.43067614679927
2022-11-21,118.53502352820395
2022-11-22,118.38534856169005
2022-11-23,118.52042190068109
2022-11-24,118.85043803408433
2022-11-25,118.48673955627925
2022-11-28,118.36314206072448
2022-11-29,118.09018998363842
2022-11-30,118.30950510931093
2022-12-01,118.2813021159702
2022-12-02,118.38315165877482
2022-12-05,118.21340959139266
2022-12-06,118.08915118621594
2022-12-07,118.11440497466437
2022-12-08,118.17846415773654
2022-12-09,118.02154136921455
2022-12-12,118.03670135525866
2022-12-13,118.127401927961
2022-12-14,118.1925532967308
2022-12-15,118.24271745813833
2022-12-16,118.14022788715282
2022-12-19,118.21986112334879
2022-12-20,118.287471458122
2022-12-21,118.38887247848584
2022-12-22,118.25675294865614
2022-12-23,118.1648343106699
2022-12-26,118.1951337050146
2022-12-27,117.97223817722897
2022-12-28,118.30887738065974
2022-12-29,118.16594844233106
2022-12-30,118.16743434131305
2023-01-03,118.32920955340592
2023-01-04,118.14336672773835
2023-01-05,118.07102876812232
2023-01-06,118.33008369732833
2023-01-09,117.94970147229384
2023-01-10,118.05355282167451
2023-01-11,118.3618693945514
2023-01-12,118.29596729734229
2023-01-13,118.4076992503226
2023-01-16,118.00585259425948
2023-01-17,118.16236860445211
2023-01-18,118.04234452757849
2023-01-19,117.79628511467605
2023-01-20,118.24619341103153
2023-01-30,118.04914290956172
2023-01-31,118.34891218285395
2023-02-01,118.2540399457579
2023-02-02,118.65654459822915
2023-02-03,118.15476265079452
2023-02-06,118.54060780189431
2023-02-07,118.48494297334682
2023-02-08,118.56313250817428
2023-02-09,118.5547144900327
2023-02-10,118.89023350305938
2023-02-13,119.03137178186456
2023-02-14,119.02113519423739
2023-02-15,119.3414349561829
2023-02-16,119.54415018655871
2023-02-17,119.54581420562992
2023-02-20,119.42161436424172
2023-02-21,119.76070205538443
2023-02-22,119.76079837995964
2023-02-23,119.68341134896703
2023-02-24,119.47161663577133
2023-02-27,119.58222933770537
2023-02-28,119.43153559974043
2023-03-01,119.36497403100658
2023-03-02,119.56199900772957
2023-03-03,119.18669744419745
2023-03-06,119.47611329076537
2023-03-07,119.6567751975879
2023-03-08,119.36047897107778
2023-03-09,119.60890571993849
2023-03-10,119.9032421012385
2023-03-14,120.04151214008057
2023-03-15,119.5483102421957
2023-03-22,120.12028642657577
2023-03-23,120.22198151601853
2023-03-27,120.0662301803848
2023-03-28,119.94549431190956
2023-03-29,120.07736255677868
2023-03-30,120.11907420314223
2023-03-31,119.98919712622835
2023-04-03,120.23573642514778
2023-04-04,120.12381072509943
2023-04-07,117.60258948130425
2023-04-11,117.4081629165431
2023-04-12,119.12790822005901
2023-04-13,119.23981771756151
2023-04-14,119.16717178488416
2023-04-17,119.13071254016647
2023-04-18,119.13020716833044
2023-04-19,119.12769175000271
2023-04-20,119.24508406806511
2023-04-21,119.2499729842462
2023-04-24,119.21039135665714
2023-04-25,119.1858266088379
2023-04-26,118.90481096773104
2023-04-27,118.95388126855228
2023-04-28,119.12182478646054
2023-05-04,117.51793189928661
2023-05-05,118.5309831317732
2023-05-08,118.63952121701529
2023-05-09,118.5957163681858
2023-05-10,118.49548811053832
2023-05-11,118.41381773722537
2023-05-12,117.25829623342389
2023-05-15,118.34349799114212
2023-05-16,117.39806563832056
2023-05-17,117.42075999884915
2023-05-18,117.44845035022966
2023-05-19,118.23485146192083
2023-05-22,117.31010655760703
2023-05-23,117.96206452774653
2023-05-24,118.04897133279428
2023-05-25,118.0695462491364
2023-05-29,118.08370242297369
2023-05-30,118.0976060589194
2023-05-31,118.05246854448184
2023-06-01,118.03481974689447
2023-06-02,117.63961957582256
2023-06-06,118.03841560893702
2023-06-07,117.72988428532913
2023-06-08,118.00750794473896
2023-06-09,118.00067534862171
2023-06-12,117.78444066444457
2023-06-13,117.72574586359899
2023-06-14,117.63278741426895
2023-06-15,117.34566408209209
2023-06-16,117.54854485236446
2023-06-19,117.39007498614289
2023-06-20,117.32235332183521
2023-06-21,117.69151793720225
2023-06-26,117.56932512138268
2023-06-27,117.57036351482266
2023-06-28,117.60232861436903
2023-06-29,117.61659314152286
2023-06-30,117.87629435096333
2023-07-03,118.22537553693464
2023-07-04,118.19401997767464
2023-07-05,118.2108956948419
2023-07-06,118.25960054673959
2023-07-07,118.2776031196853
2023-07-10,118.26000213745299
2023-07-11,118.27295083691958
2023-07-12,118.2999981202287
2023-07-13,118.36750458743204
2023-07-14,118.51627816089372
2023-07-17,118.5043087942949
2023-07-18,118.48577821685357
2023-07-19,118.49842521450347
2023-07-20,118.49013866555842
2023-07-21,118.42070208744629
2023-07-24,118.48416452765089
2023-07-25,118.52992152297664
2023-07-26,118.56362135505097
2023-07-27,118.49649724631914
2023-07-28,118.47629800321077
2023-07-31,118.43712952716334
2023-08-01,118.43775180221282
2023-08-02,118.47518060136677
2023-08-03,118.49422950468183
2023-08-04,118.46173139759328
2023-08-07,118.49784948497512
2023-08-08,118.4611268758472
2023-08-09,118.52849102984844
2023-08-10,118.49988172651418
2023-08-11,118.49582704965694
2023-08-14,118.49197055901737
2023-08-15,118.51995078039226
2023-08-16,118.50395103671194
2023-08-17,118.58390658678202
2023-08-18,118.56900444437304
2023-08-21,118.56808223854726
2023-08-22,118.57151963670852
2023-08-23,118.55134675042171
2023-08-24,118.45990369227448
2023-08-25,118.52694419115308
2023-08-28,118.42509140194197
2023-08-29,118.54252515871806
2023-08-30,118.73564882634649
2023-08-31,118.80497004199914
2023-09-01,118.87211665486193
2023-09-04,118.9305693522523
2023-09-05,119.12903214786192
2023-09-06,119.06817178018913
2023-09-07,118.94619242655781
2023-09-08,119.05442545067592
2023-09-11,119.0554593244741
2023-09-12,119.11577799508235
2023-09-13,119.32933794632127
2023-09-14,119.44270335320111
2023-09-15,119.70826798508925
2023-09-18,119.28542662428497
2023-09-19,119.39736533122336
2023-09-20,119.2731982559411
2023-09-21,119.40754884641056
2023-09-22,119.58140964619753
2023-09-25,119.80960238122493
2023-09-26,120.55403640014542
2023-09-27,121.26648667760291
2023-09-28,121.4823767285955
2023-10-09,121.35844403640851
2023-10-10,121.31270249341539
2023-10-11,121.10134408100836
2023-10-12,121.29805526872934
2023-10-13,121.1973862846717
2023-10-16,121.28802599559751
2023-10-17,121.1245061354298
2023-10-18,121.10560492081596
2023-10-19,121.52796122691602
2023-10-20,121.72883249627478
2023-10-23,121.67397096864909
2023-10-24,121.64245435397456
2023-10-25,121.64306079547096
2023-10-26,121.92377227449751
2023-10-27,122.52092304108464
2023-10-30,122.44567424914226
2023-10-31,122.57391907694002
2023-11-01,122.2187107651384
2023-11-02,122.24465858252216
2023-11-03,122.24887522542502
2023-11-06,122.39530632784022
2023-11-07,122.2680402933994
2023-11-08,122.37337000690192
2023-11-09,122.40147577565084
2023-11-10,122.41991358691291
2023-11-13,122.45215285938103
2023-11-14,122.82832547083873
2023-11-15,122.83074596371853
2023-11-16,122.7931276047385
2023-11-17,122.81206139616063
2023-11-20,122.8910673062931
2023-11-21,122.7466840106803
2023-11-22,122.68979930117736
2023-11-23,122.7284646235837
2023-11-24,122.80179447327622
2023-11-27,122.53536705727623
2023-11-28,122.7155039484028
2023-11-29,122.64262402479382
2023-11-30,122.72616680064743
2023-12-01,122.64318119607923
2023-12-04,122.59300773226083
2023-12-05,122.52110647837844
2023-12-06,124.19318460610742
2023-12-07,125.02840458336624
2023-12-08,124.85582065135519
2023-12-11,124.95832688359663
2023-12-12,124.91540786243884
2023-12-13,124.52058251348805
2023-12-14,124.92992121856787
2023-12-15,124.62584978268845
2023-12-18,124.44008489954344
2023-12-19,124.5310625194771
2023-12-20,125.0534511561119
2023-12-21,124.20874719373292
2023-12-22,124.35187690404118
2023-12-25,124.2860563394865
2023-12-26,124.60688309594087
2023-12-27,124.40246059076874
2023-12-28,125.11502449376822
2023-12-29,125.23064048699067
2024-01-02,125.27605414123325
2024-01-03,125.10669226189196
2024-01-04,125.42954500588462
2024-01-05,125.15441147266016
2024-01-08,125.5647714200445
2024-01-09,125.58701229676295
2024-01-10,125.18366165369224
2024-01-11,125.5732295539531
2024-01-12,125.25552503464203
2024-01-15,125.65252008686245
2024-01-16,125.70526819860923
2024-01-17,125.74999009909398
2024-01-18,125.27655330703466
2024-01-19,125.66331104353132
2024-01-22,125.70553975837026
2024-01-23,125.22411562620037
2024-01-24,125.50484103227484
2024-01-25,125.52548137843151
2024-01-26,125.47882038419667
2024-01-29,125.36252839279354
2024-01-30,125.06311607160984
2024-01-31,125.23636988945552
2024-02-01,125.28185225437771
2024-02-02,125.28204360606895
2024-02-05,125.20172370840066
2024-02-06,125.2902161329653
2024-02-07,125.29721864988157
2024-02-08,125.36495241077965
2024-02-09,125.35790339268655
2024-02-13,125.35753226458799
2024-02-14,125.35743300678277
2024-02-15,125.35737475025006
2024-02-16,125.35730912840694
2024-02-19,125.53249408899327
2024-02-20,125.77182589646651
2024-02-21,125.76560202442002
2024-02-22,125.78157097895797
2024-02-23,125.74748768331348
2024-02-26,125.56836471020334
2024-02-27,125.6196751450764
2024-02-28,125.7057356217534
2024-02-29,125.72149991153248
2024-03-01,125.71649172982143
2024-03-04,125.65297623172285
2024-03-05,125.58800933747867
2024-03-06,125.41356848027606
2024-03-07,125.52243831250725
2024-03-08,125.50910668305444
2024-03-11,125.5668540260161
2024-03-12,125.63985810878813
2024-03-13,125.54234851002954
2024-03-14,125.45752570440098
2024-03-15,125.93205557591173
2024-03-18,126.0142649743778
2024-03-19,125.7094731492202
2024-03-20,126.34686793953853
2024-03-21,126.2594479399074
2024-03-22,126.40147606331004
2024-03-25,126.82090941094177
2024-03-26,126.91091996328976
2024-03-27,127.22013761505333
2024-03-28,127.23965809960163
2024-03-29,127.20352993685626
2024-04-01,127.12817576483198
2024-04-02,127.48224178027495
2024-04-03,127.89162010833314
2024-04-08,127.90115237611369
2024-04-09,127.79257065360837
2024-04-10,127.98406591311561
2024-04-11,127.97726420914479
2024-04-12,127.96892888926583
2024-04-15,127.85050216571317
2024-04-16,127.83062255772361
2024-04-17,127.92100612899017
2024-04-18,127.74382888220637
2024-04-19,127.99690627186216
2024-04-22,127.71125485829585
2024-04-23,127.57963327997275
2024-04-24,127.90712997893752
2024-04-25,127.64572957083193
2024-04-26,127.93296562973482
2024-04-29,127.8807368295539
2024-04-30,127.9587360012888
2024-05-06,127.9681784952394
2024-05-07,128.5202930534953
2024-05-08,128.27340758550582
2024-05-09,128.18420559853976
2024-05-10,128.20944675725895
2024-05-13,128.25651075392386
2024-05-14,128.493677014085
2024-05-15,128.41061246654724
2024-05-16,128.46607896769865
2024-05-17,128.44779186740624
2024-05-20,128.60132534681458
2024-05-21,128.63604224843215
2024-05-22,128.76772047192344
2024-05-23,128.74372920782545
2024-05-24,128.70819911720486
2024-05-27,128.72942367699466
2024-05-28,128.7171104663233
2024-05-29,128.67397916107538
2024-05-30,128.6477285462129
2024-05-31,128.99809548463867
2024-06-03,128.52881009196716
2024-06-04,128.35137545282285
2024-06-05,128.16347222090747
2024-06-06,128.44974699022802
2024-06-07,128.3117435650293
2024-06-11,128.10669774726594
2024-06-12,128.19700857194786
2024-06-13,128.22485709593286
2024-06-14,128.25760877859443
2024-06-17,128.22311304191393
2024-06-18,128.071658890442
2024-06-19,128.08985858557716
2024-06-20,127.98413282872336
2024-06-21,127.93091403117384
2024-06-24,127.75975788949556
2024-06-25,127.6628791442537
2024-06-26,127.75774133319725
2024-06-27,127.71146214197711
2024-06-28,127.76181808893847
2024-07-01,128.2916040876874
2024-07-02,127.97527060357936
2024-07-03,127.83853370421308
2024-07-04,128.09104864479173
2024-07-05,127.80781385351037
2024-07-08,128.13091063979033
2024-07-09,128.52585453076338
2024-07-10,128.55333896377573
2024-07-11,128.57949191302453
2024-07-12,128.68679581836582
2024-07-15,128.75098022474268
2024-07-16,128.74649278287103
2024-07-17,128.6761414013499
2024-07-18,128.67782218075905
2024-07-19,128.19846776189988
2024-07-22,128.25409850472101
2024-07-23,128.28608858957355
2024-07-24,128.37906069214654
2024-07-25,128.60667018650014
2024-07-26,127.93137715742746
2024-07-29,127.85699434218701
2024-07-30,127.84054261318354
2024-07-31,127.92700736568108
2024-08-01,128.2504022008049
2024-08-02,128.1858784594392
2024-08-05,128.3984407591809
2024-08-06,127.6793493653644
2024-08-07,128.2191517256206
2024-08-08,127.3971832738171
2024-08-09,127.71811150394556
2024-08-12,127.72881803714023
2024-08-13,127.95319874681925
2024-08-14,127.8662590859859
2024-08-15,127.42892808606436
2024-08-16,127.60104292994903
2024-08-19,127.70559057838611
2024-08-20,128.00228963198262
2024-08-21,127.68017272862132
2024-08-22,127.75080580628848
2024-08-23,127.89067867514945
2024-08-26,128.13990889679053
2024-08-27,127.84056483167849
2024-08-28,128.13538654287555
2024-08-29,127.76561792127168
2024-08-30,127.87458964437275
2024-09-02,127.96855115579643
2024-09-03,128.20352228122275
2024-09-04,128.35755628957205
2024-09-05,128.3557102188234
2024-09-06,128.00545055697398
2024-09-09,128.12451813344586
2024-09-10,127.78103885685914
2024-09-11,127.69488978141175
2024-09-12,127.70949254747008
2024-09-13,128.06826520043722
2024-09-17,128.00536278137804
2024-09-18,128.4950529424378
2024-09-19,127.9102729081957
2024-09-20,127.74488234605926
2024-09-23,127.91873616991627
2024-09-24,128.5391675096365
2024-09-25,128.34642016595689
2024-09-26,129.10638427969369
2024-09-27,128.39484995556546
2024-09-30,128.5860464229204
2024-10-08,128.8313340358074
2024-10-09,129.47877253191703
2024-10-10,129.84890154786945
2024-10-11,129.7213937832117
2024-10-14,130.00711063560829
2024-10-15,130.035903298042
2024-10-16,129.85609528547897
2024-10-17,130.62925858644073
2024-10-18,131.41969213149096
2024-10-21,131.26481924820303
2024-10-22,131.2178731970614
2024-10-23,131.25667191418523
2024-10-24,131.47786234512586
2024-10-25,131.17678347928384
2024-10-28,131.566045280294
2024-10-29,130.9833079616268
2024-10-30,130.97745689451864
2024-10-31,130.9830540441963
2024-11-01,130.96949804100367
2024-11-04,131.00861033082995
2024-11-05,130.9788853942067
2024-11-06,131.08421695232687
2024-11-07,131.10367025999378
2024-11-08,130.96828651063313
2024-11-11,130.64324291437475
2024-11-12,130.51344010257745
2024-11-13,131.1603193210348
2024-11-14,131.70517907059957
2024-11-15,131.20074041282226
2024-11-18,131.16287389208904
2024-11-19,131.72436568989565
2024-11-20,131.49110929359082
2024-11-21,131.5649460684972
2024-11-25,131.695266619495
2024-11-26,131.72797448158713
2024-11-27,131.46077158910958
2024-11-28,131.68477431783487
2024-11-29,131.62464181922888
2024-12-02,131.85273726418347
2024-12-03,131.90191465509207
2024-12-04,132.1332957567468
2024-12-05,132.17528092377154
2024-12-06,132.142361369333
2024-12-09,131.92843704204856
2024-12-10,131.93119486682187
2024-12-11,132.0158162541561
2024-12-12,132.25284245541363
2024-12-13,132.0437132111751
2024-12-16,132.07599455097093
2024-12-17,132.32506913722085
2024-12-18,132.51940286944347
2024-12-19,132.41491634074734
2024-12-20,132.62765385298198
2024-12-23,132.41054816808307
2024-12-24,132.45672847697486
2024-12-25,132.49245152998924
2024-12-26,132.63194479335212
2024-12-27,132.81196814175627
2024-12-30,132.70730637563153
2024-12-31,132.25358855295661
2025-01-02,132.21991569882655
2025-01-03,132.74231189729485
2025-01-06,132.16653353084948
2025-01-07,132.0572638937017
2025-01-08,131.9579201057921
2025-01-09,132.2376996993331
2025-01-10,131.97622940625104
2025-01-13,132.3658961253007
2025-01-14,132.49926450899187
2025-01-15,132.50557581675315
2025-01-16,132.51141948069127
2025-01-17,132.8939482800394
2025-01-20,133.13091528169966
2025-01-21,133.40195617990577
2025-01-22,133.91009159947382
2025-01-23,133.5933120440183
2025-01-24,133.80409043531105
2025-01-27,134.17240203025867
2025-02-05,133.9351999818105
2025-02-06,133.43915274584182
2025-02-07,133.96594778027247
2025-02-10,134.07336206528745
2025-02-11,133.48039954416203
2025-02-12,133.37153773151928
2025-02-13,133.62879516010554
2025-02-14,133.30132049709087
2025-02-17,132.54391833810567
2025-02-18,132.6950099659113
2025-02-19,132.74765934463176
2025-02-20,132.69050612360002
2025-02-21,132.0706264332925
2025-02-24,132.7134048875231
2025-02-25,132.93933320591788
2025-02-26,132.96609296923964
2025-02-27,133.03529651481162
2025-02-28,132.85885549593385
2025-03-03,132.68402707928564
2025-03-04,132.97778534775014
2025-03-05,132.91725512840011
2025-03-06,133.08562573533104
2025-03-07,132.77980736336607
2025-03-10,132.64486971303668
2025-03-11,132.38493887251707
2025-03-12,132.822291615115
2025-03-13,133.0944940142462
2025-03-14,133.1213689344827
2025-03-17,133.20488422878574
2025-03-18,133.00584474224453
2025-03-19,132.94090414317628
2025-03-20,132.89734504958741
2025-03-21,133.18752088152257
2025-03-24,132.7360777729792
2025-03-25,132.76460607712173
2025-03-26,132.1705361234303
2025-03-27,132.72289013942535
2025-03-28,132.875095974125
2025-03-31,133.02410722636773
2025-04-01,132.91726208132073
2025-04-02,132.9882688814409
2025-04-03,133.42338881632355
2025-04-07,132.35186521585442
2025-04-08,133.1688344457707
2025-04-09,133.1043512935214
2025-04-10,132.99001480769567
2025-04-11,132.7292656673032
2025-04-14,133.00104829979412
2025-04-15,133.0976383603683
2025-04-16,132.6549393745766
2025-04-17,132.68763015172914
2025-04-18,132.84860205289638
2025-04-21,132.7338908746994
2025-04-22,132.60068080062192
2025-04-23,132.6313303847866
2025-04-24,132.81242023601507
2025-04-25,132.74264459672867
2025-04-28,132.74078568656824
2025-04-29,132.9500170991972
2025-04-30,132.96584399169754
2025-05-06,132.97471514323155
2025-05-07,132.8266472694195
2025-05-08,132.98946907481962
2025-05-09,133.15177672289025
2025-05-12,133.30715100502195
2025-05-13,133.45012140279405
2025-05-14,133.42436051342992
2025-05-15,133.24640597240784
2025-05-16,133.42299022926554
2025-05-19,133.34826738736373
2025-05-20,133.43515274740435
2025-05-21,133.44500230426323
2025-05-22,133.28878060520643
2025-05-23,133.1754277810096
2025-05-26,133.3505775839054
2025-05-27,133.48688085812242
2025-05-28,133.34281044244872
2025-05-29,133.18844906136465
2025-05-30,133.33807505992453
2025-06-03,133.24245865373598
2025-06-04,133.17102820896815
2025-06-05,132.67948326223498
2025-06-06,133.14124794882977
2025-06-09,133.17348649419378
2025-06-10,133.4065750111934
2025-06-11,133.27365999436563
2025-06-12,133.28229923005142
2025-06-13,133.24421332695292
2025-06-16,133.2529851779923
2025-06-17,133.20019917323003
2025-06-18,133.14104761310122
2025-06-19,133.21202293588564
2025-06-20,133.32878228189392
2025-06-23,133.0774650885099
2025-06-24,132.99909180881778
2025-06-25,133.28637310577113
2025-06-26,133.11934361994898
2025-06-27,133.34813272267093
2025-06-30,133.30431318333305
2025-07-01,133.17585270941876
2025-07-02,133.23501339768015
2025-07-03,133.10269380034606
2025-07-04,133.04181299160453
2025-07-07,133.2982849153438
2025-07-08,133.09536370917687
2025-07-09,133.25702920086232
2025-07-10,133.18772062843402
2025-07-11,132.806231110701
2025-07-14,132.92859971882007
2025-07-15,133.16762272235212
2025-07-16,133.16695381484044
2025-07-17,133.012702308002
2025-07-18,132.46467759455328
2025-07-21,132.3779017507015
2025-07-22,132.13545682866524
2025-07-23,132.42692529370834
2025-07-24,132.1582327340249
2025-07-25,132.21446584591146
2025-07-28,132.49023789963474
2025-07-29,131.50516960257843
2025-07-30,131.90194544734274
2025-07-31,132.45037981994952
2025-08-01,132.4889020421327
2025-08-04,132.28434005279064
2025-08-05,132.6404288216154
2025-08-06,132.36410321900516
2025-08-07,132.13800757171833
2025-08-08,132.14058305522113
2025-08-11,132.72118758236283
2025-08-12,132.47370661259174
2025-08-13,132.33374098413634
2025-08-14,132.6386206790512
2025-08-15,133.04890920357664
2025-08-18,132.9539030380327
2025-08-19,133.04243611270437
2025-08-20,133.17670628724267
2025-08-21,132.92247298274344
2025-08-22,133.19457719509478
2025-08-25,132.83693115748412
2025-08-26,132.97739522817685
2025-08-27,132.8386931082767
2025-08-28,132.595686702022
2025-08-29,132.7222363264014
2025-09-01,132.68850108551058
2025-09-02,132.71594719285187
2025-09-03,132.97897539019272
2025-09-04,133.09526353399175
2025-09-05,132.4785662148476
2025-09-08,132.76762555393236
2025-09-09,132.16606528559512
2025-09-10,132.96512249122375
2025-09-11,133.2127114655937
2025-09-12,133.0009519673207
2025-09-15,133.37787588663838
2025-09-16,133.6274204005426
2025-09-17,133.595504956134
2025-09-18,133.2022757432435
2025-09-19,133.49461072156802
2025-09-22,133.59158129287135
2025-09-23,133.55936948794266
2025-09-24,133.9206179790804
2025-09-25,133.17955786093015
2025-09-26,133.7053629522817
2025-09-29,133.81524393984893
2025-09-30,133.47292416716888
2025-10-09,133.48316269849678
2025-10-10,132.96943669314894
2025-10-13,132.99602442167787
2025-10-14,132.98033767380375
2025-10-15,132.8313885993224
2025-10-16,132.94476741694882
2025-10-17,132.84989530160013
2025-10-20,132.9375930816754
2025-10-21,132.6346645674253
2025-10-22,132.46010430838723
2025-10-23,132.7428348516348
2025-10-24,132.95413518124153
2025-10-27,132.7198546815914
2025-10-28,132.67298509425615
2025-10-29,132.71413951323376
2025-10-30,132.6436941924562
2025-10-31,132.4712017044317
2025-11-03,132.44862376162686
2025-11-04,132.82030449471287
2025-11-05,132.79223375013632
2025-11-06,132.88738457985377
2025-11-07,132.4904667157803
2025-11-10,132.66345240620728
2025-11-11,132.74471305363897
2025-11-12,132.35813573660957
2025-11-13,132.56241240978844
2025-11-14,132.28189761991317
2025-11-17,132.39758440029476
2025-11-18,132.41004695563035
2025-11-19,132.58243788946643
2025-11-20,132.56026288226712
2025-11-21,132.61474420957236
2025-11-24,132.57642088121216
2025-11-25,132.61087906503676
2025-11-26,132.2605774462732
2025-11-27,132.37935623009432
2025-11-28,132.43117756943866
2025-12-01,132.28827767221986
2025-12-02,132.20855409262708
2025-12-03,132.12599536003995
2025-12-04,132.25272258413295
2025-12-05,131.81431851193184
2025-12-08,132.3435782301354
2025-12-09,131.81660800876196
2025-12-10,132.3043568625502
2025-12-11,132.09261199515794
2025-12-12,131.55006293785146
2025-12-15,130.69995749635189
2025-12-16,131.0604838390715
2025-12-17,130.50981190974062
2025-12-18,130.62436145102333
2025-12-19,130.49138958561974
2025-12-22,130.2716365946672
2025-12-23,130.16524891552834
2025-12-24,129.5480841049025
2025-12-25,129.40611761022504
2025-12-26,129.67301477397768
2025-12-29,129.6965801448215
2025-12-30,129.06711238529064
2025-12-31,129.5850769526527
