,US
2016-04-19,99.840760765965
2016-04-20,99.616548446983
2016-04-21,99.66815758133959
2016-05-04,99.89015641349461
2016-05-05,99.86566251936844
2016-05-09,99.78680478423854
2016-05-11,99.82423583260825
2016-05-12,99.93573620478986
2016-05-13,99.91075467715895
2016-05-16,100.17947927185529
2016-05-20,99.53414586465234
2016-05-23,99.35646841677797
2016-05-24,99.22024842344338
2016-05-25,99.18351519835994
2016-05-27,99.02401566942684
2016-05-31,99.37488258662374
2016-06-01,99.33137402654873
2016-06-02,99.37123587748353
2016-06-03,100.22340680191219
2016-06-06,100.40174748446029
2016-06-07,100.40174748446029
2016-06-08,100.40174748446029
2016-06-09,100.40174748446029
2016-06-10,100.37753008374179
2016-06-13,100.31038205442395
2016-06-14,100.28564690397192
2016-06-15,100.00777237816476
2016-06-16,99.97437658953261
2016-06-20,100.41360353358178
2016-06-22,100.38960771417895
2016-06-24,99.22224655130184
2016-06-27,98.87198186507351
2016-06-28,99.14469165657525
2016-06-29,99.41764643761086
2016-06-30,99.18778739362344
2016-07-05,99.10558274937804
2016-07-06,99.16697420252697
2016-07-08,99.26305386235066
2016-07-11,99.44337289523135
2016-07-14,99.44337289523135
2016-07-18,99.42276794973814
2016-07-19,99.43137012083247
2016-07-20,99.41003191607301
2016-07-21,99.33079988297933
2016-07-22,99.31218328727411
2016-07-25,99.35338448923684
2016-07-26,99.44498263246126
2016-07-27,99.5788882469695
2016-07-28,99.71447761308119
2016-07-29,99.71447761308119
2016-08-01,99.71447761308119
2016-08-02,99.71447761308119
2016-08-03,99.71447761308119
2016-08-04,99.71447761308119
2016-08-05,99.69269690849622
2016-08-08,99.67381564557127
2016-08-09,99.92818606655501
2016-08-10,99.92818606655501
2016-08-11,99.90694903563374
2016-08-12,100.15089427545443
2016-08-15,99.97313554624164
2016-08-16,99.89373217573838
2016-08-17,99.97528181632191
2016-08-18,100.00744601669054
2016-08-19,99.87600260533988
2016-08-22,100.03668685530917
2016-08-23,99.9294212667862
2016-08-24,99.92132074314138
2016-08-25,99.73625413454633
2016-08-26,99.53384239979177
2016-08-29,99.72651917969122
2016-08-30,99.76075546980611
2016-08-31,99.67363496971979
2016-09-01,99.76431710880534
2016-09-06,99.76431710880534
2016-09-07,99.76431710880534
2016-09-08,99.76431710880534
2016-09-09,99.74246124224902
2016-09-12,99.8352145306323
2016-09-13,99.63158847993073
2016-09-14,99.84038694725382
2016-09-15,99.84977863991314
2016-09-16,99.76972033631783
2016-09-19,99.59878553600579
2016-09-20,99.58214654022598
2016-09-21,99.75410031279647
2016-09-23,99.8954058841548
2016-09-26,100.02212463188371
2016-09-27,100.16619762706938
2016-09-29,100.14184244746873
2016-09-30,99.93002999594331
2016-10-03,99.88099626006534
2016-10-05,99.33304181873726
2016-10-06,99.24237028223817
2016-10-07,99.45503164607847
2016-10-11,99.06026810595257
2016-10-12,99.04067293636729
2016-10-13,99.23456162888799
2016-10-14,98.98444489847074
2016-10-17,99.25844318811889
2016-10-18,99.37415840997913
2016-10-19,99.37415840997913
2016-10-20,99.37415840997913
2016-10-21,99.37415840997913
2016-10-24,99.34161331429218
2016-10-25,99.34390345502084
2016-10-26,99.31299107160797
2016-10-27,99.2810055592177
2016-10-28,99.2886558213248
2016-10-31,99.32143628830458
2016-11-01,99.23813229983097
2016-11-03,99.41781271193636
2016-11-04,99.5581049350888
2016-11-07,99.52510364805643
2016-11-08,99.33421415806703
2016-11-09,98.86209461401529
2016-11-10,98.76791531199697
2016-11-14,98.17753054161435
2016-11-15,98.25745282579253
2016-11-16,98.34436328820033
2016-11-18,97.90286051613062
2016-11-21,97.90126506640291
2016-11-22,97.87727578560198
2016-11-25,97.39755648380614
2016-11-28,97.59218034558944
2016-11-29,97.69510720582116
2016-11-30,97.33626292985431
2016-12-01,96.95515483410347
2016-12-08,96.79510929204919
2016-12-09,96.58272238550553
2016-12-12,96.39495558862987
2016-12-13,96.43669169471552
2016-12-14,95.81228099515813
2016-12-15,95.86033372761675
2016-12-16,95.68279713023608
2016-12-19,95.982754180305
2016-12-21,96.05824922626725
2016-12-22,95.87641077274672
2016-12-27,95.73590522722229
2016-12-28,95.74933287287264
2016-12-29,95.92405821113992
2017-01-03,95.95733626547627
2017-01-04,95.95733626547627
2017-01-05,95.95733626547627
2017-01-06,95.95733626547627
2017-01-09,95.95733626547627
2017-01-10,95.95733626547627
2017-01-11,95.92602882558896
2017-01-12,96.00178665449661
2017-01-13,96.12431830860059
2017-01-17,95.77360682256634
2017-01-18,96.26221265051669
2017-01-19,96.26221265051669
2017-01-20,96.26221265051669
2017-01-23,96.23162462341193
2017-01-24,96.45583938149035
2017-01-25,96.67655004895607
2017-01-27,96.70528328873984
2017-01-30,96.70528328873984
2017-02-03,96.6719665189326
2017-02-06,96.95104027418687
2017-02-07,96.8814112327998
2017-02-08,96.4841510427582
2017-02-09,96.84995916445493
2017-02-10,96.91890215899672
2017-02-13,97.0248481170067
2017-02-14,96.99279318610094
2017-02-17,96.88518208341489
2017-02-21,96.85340497522692
2017-02-22,96.92866954005794
2017-02-27,96.89477710858343
2017-03-02,97.89932634981838
2017-03-03,97.87004805591837
2017-03-06,97.74408863944733
2017-03-07,97.77342768267285
2017-03-08,98.04378731977904
2017-03-09,98.24637047177926
2017-03-10,98.29178463173749
2017-03-14,98.27946372385257
2017-03-15,97.97839882585065
2017-03-16,98.24746886343401
2017-03-17,98.22574612286
2017-03-20,98.03060544933552
2017-03-21,98.07717188787662
2017-03-22,97.94770016054389
2017-03-23,98.07153901414799
2017-03-24,97.97367365210071
2017-03-27,97.76026307853637
2017-03-28,97.89639810260803
2017-03-29,97.92782984091542
2017-03-30,98.19178890093772
2017-03-31,98.19178890093772
2017-04-03,98.1605648117676
2017-04-05,98.41176455451732
2017-04-06,98.49437317541764
2017-04-07,98.39432898360714
2017-04-10,98.37346592663253
2017-04-11,98.3412912756364
2017-04-12,98.22968779735494
2017-04-13,98.24173806046358
2017-04-17,98.27203427345734
2017-04-18,97.80848042524983
2017-04-19,97.90998106347243
2017-04-20,98.09085271165976
2017-04-21,98.0045578407801
2017-04-24,98.47121591918383
2017-04-25,98.440557900404
2017-04-26,98.57003729365604
2017-04-27,98.61908669724492
2017-04-28,98.58800305854561
2017-05-01,98.56323492717524
2017-05-02,98.56323492717524
2017-05-03,98.53215946189479
2017-05-04,98.48659270477718
2017-05-05,98.45376712350672
2017-05-08,98.11545499122029
2017-05-09,98.03564312051125
2017-05-10,98.04450727871816
2017-05-11,98.12580496155752
2017-05-12,98.34622501300616
2017-05-15,98.31366561995677
2017-05-16,98.35836877687777
2017-05-17,98.32651983119204
2017-05-18,98.52646173672298
2017-05-22,98.67849366820857
2017-05-23,98.93939962985164
2017-05-24,98.90620420348083
2017-05-25,99.10471214594904
2017-05-26,99.01309029820551
2017-05-30,99.01127160825129
2017-05-31,99.02279001436295
2017-06-01,99.22955321624029
2017-06-02,99.24328709063023
2017-06-05,99.2385779954563
2017-06-06,99.12934205686179
2017-06-07,99.28645529105904
2017-06-08,99.30233172991717
2017-06-09,99.35414541417839
2017-06-12,99.33020079132318
2017-06-13,99.43990132716438
2017-06-14,99.1762952106975
2017-06-15,99.03694493740917
2017-06-16,99.02559551858924
2017-06-19,99.1096629223074
2017-06-20,99.13083522714103
2017-06-21,99.07957259495898
2017-06-22,99.00891097653036
2017-06-23,99.15620512789314
2017-06-26,99.15620512789314
2017-06-27,99.11265094575477
2017-06-28,98.96828685042665
2017-06-29,98.91330247541352
2017-06-30,98.81610281843251
2017-07-03,98.6971545947256
2017-07-05,98.61736802198745
2017-07-06,98.56093309182235
2017-07-07,98.57392233000954
2017-07-10,98.53772755269853
2017-07-11,98.67624494639747
2017-07-12,98.85397193778111
2017-07-13,98.80641420065055
2017-07-14,98.64284700112343
2017-07-17,98.74009703797938
2017-07-18,98.90133008893423
2017-07-19,98.85084330263214
2017-07-20,98.97066645941892
2017-07-21,98.97066645941892
2017-07-24,98.97066645941892
2017-07-25,98.97066645941892
2017-07-26,98.97066645941892
2017-07-27,98.97066645941892
2017-07-28,98.9113525467757
2017-08-01,98.98411278771415
2017-08-02,98.95443812719654
2017-08-03,98.89544604501313
2017-08-04,99.21459876856439
2017-08-07,99.21459876856439
2017-08-08,99.15684837551554
2017-08-09,99.28703304963524
2017-08-10,99.50383602643086
2017-08-11,99.36903270031209
2017-08-14,99.63726724324233
2017-08-15,99.57619739027743
2017-08-16,99.6777802533699
2017-08-18,99.6777802533699
2017-08-21,99.60853636523377
2017-08-24,99.46318944327334
2017-08-28,99.59721443982097
2017-08-29,99.36384031918347
2017-08-30,99.4811619047566
2017-08-31,99.55130065193998
2017-09-01,99.95236749042576
2017-09-05,99.87901538550219
2017-09-07,99.75737356425206
2017-09-08,99.73384733101337
2017-09-11,100.0434402227165
2017-09-13,99.97014844481437
2017-09-14,99.84717577670537
2017-09-15,100.1024199545539
2017-09-18,99.83521993783103
2017-09-19,99.46882736907392
2017-09-20,99.41958427960454
2017-09-22,99.33113615592997
2017-09-25,99.41148218639144
2017-09-26,99.28974425114255
2017-09-28,98.95423417698659
2017-10-03,98.72323362338813
2017-10-04,98.57273475556121
2017-10-05,98.63717538340444
2017-10-06,98.5193712827069
2017-10-10,98.5064764922537
2017-10-11,98.44618855389335
2017-10-12,98.6283534247427
2017-10-13,98.58795874313047
2017-10-16,98.58003284937003
2017-10-17,98.54127022115959
2017-10-18,98.71771759913052
2017-10-19,98.66426102671275
2017-10-20,98.58885543951702
2017-10-23,98.44597630651661
2017-10-24,98.1431672710214
2017-10-25,97.89816905557441
2017-10-26,97.90063464980715
2017-10-27,97.89482341957299
2017-10-30,98.09872713185669
2017-10-31,98.09872713185669
2017-11-01,98.0220926312113
2017-11-07,98.3486148853224
2017-11-08,98.3147173197753
2017-11-09,98.47927636666907
2017-11-10,98.91055324516054
2017-11-13,98.91055324516054
2017-11-14,98.91055324516054
2017-11-15,98.8370170945672
2017-11-16,99.11818248680994
2017-11-17,99.01137165639818
2017-11-20,98.89338128842836
2017-11-21,98.7910179579239
2017-11-22,98.71394651655207
2017-11-24,98.72022673915369
2017-11-27,98.71934310095588
2017-11-28,98.7134084853889
2017-11-29,99.00309794905827
2017-11-30,99.00309794905827
2017-12-01,98.92160744058857
2017-12-04,98.95220592229943
2017-12-05,98.87149697266267
2017-12-06,98.77095514475064
2017-12-07,98.91247811068014
2017-12-08,99.20228740093229
2017-12-11,99.29414967350114
2017-12-12,99.13955218629648
2017-12-18,99.23993943881896
2017-12-19,99.15870580261402
2017-12-20,98.86465757780617
2017-12-22,99.24949824764677
2017-12-26,98.9697734742962
2017-12-27,99.1649658806896
2017-12-28,99.24478240473415
2017-12-29,98.882111161103
2018-01-02,98.5342271772478
2018-01-04,99.11486125287998
2018-01-05,99.22416334628498
2018-01-08,99.06276414024533
2018-01-09,98.97858727236172
2018-01-10,98.73852045581081
2018-01-11,99.20408704644609
2018-01-12,99.1237226724308
2018-01-16,99.27734221227786
2018-01-17,99.29248898636502
2018-01-18,99.21876851848128
2018-01-19,98.76959560278249
2018-01-22,99.11648364834278
2018-01-23,99.28262965788915
2018-01-24,99.20694000392467
2018-01-25,99.36226626094657
2018-01-26,99.28681578015687
2018-01-29,99.23602901141942
2018-01-30,99.11183488312703
2018-01-31,99.27197770748035
2018-02-01,99.57008965745511
2018-02-02,99.26613070160398
2018-02-05,98.45722106187779
2018-02-06,98.38937012523465
2018-02-07,98.27876971792111
2018-02-08,97.9426968128128
2018-02-09,97.77985896183348
2018-02-12,97.66902753804465
2018-02-13,97.90127128683454
2018-02-14,97.83429187847244
2018-02-15,97.88596274327324
2018-02-16,97.90832343064667
2018-02-20,98.15993645101832
2018-02-21,98.57846396191376
2018-02-22,97.96227506505673
2018-02-23,97.96227506505673
2018-02-26,97.89548421221531
2018-02-27,97.56267960598508
2018-02-28,97.62174362602666
2018-03-01,98.10176074682184
2018-03-02,98.03840031164326
2018-03-05,97.75318008680782
2018-03-06,97.65393189532784
2018-03-07,97.80575198919465
2018-03-08,97.83198375024136
2018-03-09,97.71847180130995
2018-03-12,97.61239547680785
2018-03-13,97.43780209351898
2018-03-14,97.31434766907132
2018-03-15,97.78873061078808
2018-03-16,97.72847839222045
2018-03-19,97.6820582011754
2018-03-20,97.53402567853546
2018-03-22,97.65280470186849
2018-03-23,97.8230504305682
2018-03-26,97.66152104294767
2018-03-27,97.84405599804141
2018-03-28,97.8241501067353
2018-03-29,97.95953789341378
2018-04-02,97.96847228996103
2018-04-03,97.85293656380205
2018-04-04,97.68490568046259
2018-04-05,97.98341963426455
2018-04-06,97.94441944594953
2018-04-09,97.93466090367015
2018-04-10,97.99900809385993
2018-04-11,97.9606365661793
2018-04-12,97.80339829652378
2018-04-13,97.80339829652378
2018-04-16,97.73782055542195
2018-04-17,97.73712396851771
2018-04-18,97.8174732411513
2018-04-19,98.07123280677676
2018-04-20,98.09433823223749
2018-04-23,98.17090166943247
2018-04-24,98.01091798616488
2018-04-25,98.0266007459677
2018-04-26,98.00230039627138
2018-04-27,97.90806790293286
2018-05-01,97.88051675623694
2018-05-02,97.71590847882396
2018-05-07,97.41607935185161
2018-05-08,97.6088878100079
2018-05-09,97.77452548765699
2018-05-10,97.79873020298557
2018-05-11,97.6918010277363
2018-05-14,97.36679146979805
2018-05-15,97.50827820954831
2018-05-16,97.68041164060165
2018-05-17,97.47121884576376
2018-05-18,96.95277822064267
2018-05-21,96.92317774045033
2018-05-22,97.07987665336995
2018-05-23,97.00851779621125
2018-05-24,97.19214906656515
2018-05-25,97.24670909981631
2018-05-29,98.04180440122721
2018-05-31,97.58572802437335
2018-06-01,97.62783794989639
2018-06-04,97.3266363203281
2018-06-05,97.56570285911916
2018-06-06,97.55780495298012
2018-06-08,97.48517325770007
2018-06-11,97.56625858704766
2018-06-12,97.51979357751821
2018-06-13,97.51979357751821
2018-06-14,97.4463895514978
2018-06-15,97.62587075429762
2018-06-18,97.62587075429762
2018-06-19,97.62587075429762
2018-06-20,97.55338309495885
2018-06-21,97.45020149750577
2018-06-22,97.45020149750577
2018-06-25,97.45020149750577
2018-06-26,97.45020149750577
2018-06-27,97.37195647998959
2018-06-28,97.49320055924335
2018-06-29,97.49320055924335
2018-07-02,97.49320055924335
2018-07-03,97.49320055924335
2018-07-05,97.49320055924335
2018-07-06,97.41634839421425
2018-07-09,97.40377609982745
2018-07-10,97.14504959212078
2018-07-11,97.35882961546201
2018-07-12,97.28157343318887
2018-07-13,97.07683644990519
2018-07-16,97.00011368138253
2018-07-17,97.2185363009129
2018-07-18,97.27879304921191
2018-07-19,97.19876062719023
2018-07-20,97.12111149479877
2018-07-24,97.27304048652286
2018-07-25,97.40019992944899
2018-07-27,96.74127772527056
2018-07-31,96.88574702435724
2018-08-01,96.83874276468998
2018-08-02,96.80921450415909
2018-08-06,96.36519132690523
2018-08-09,96.36519132690523
2018-08-10,96.29242459013581
2018-08-13,96.17275140138938
2018-08-15,96.45575148079067
2018-08-17,96.38988503744378
2018-08-27,96.38988503744378
2018-08-28,96.31812999136922
2018-08-29,96.17478162640518
2018-08-30,96.42154283075148
2018-08-31,96.715995256295
2018-09-04,96.49578109251584
2018-09-05,96.67353761889407
2018-09-06,97.04410449843039
2018-09-07,96.66880466997884
2018-09-10,96.59684748267779
2018-09-11,96.6020879674591
2018-09-12,96.74613725820403
2018-09-13,96.67365485147134
2018-09-14,96.88106740083826
2018-09-18,96.8098565821759
2018-09-19,96.72330334415946
2018-09-20,96.64456118645641
2018-09-21,96.78289837391915
2018-09-26,96.96210697298532
2018-10-01,97.25600210424032
2018-10-02,97.12454435336349
2018-10-03,97.01394818839613
2018-10-04,96.91473396142494
2018-10-05,96.67484841477264
2018-10-09,96.80667885629003
2018-10-10,96.34693153210598
2018-10-11,96.89807932989174
2018-10-12,97.1871429402965
2018-10-15,97.1107026860197
2018-10-16,97.10478723856588
2018-10-17,97.10478723856588
2018-10-18,97.10478723856588
2018-10-19,97.10478723856588
2018-10-22,97.10478723856588
2018-10-23,97.10478723856588
2018-10-24,97.02992303312978
2018-10-25,97.02312760113205
2018-10-26,97.25773915553553
2018-10-29,96.81657112434722
2018-10-30,96.89659200573657
2018-10-31,96.90080940740651
2018-11-02,96.82727004684787
2018-11-05,96.91159410247407
2018-11-06,96.8584792722305
2018-11-07,97.11977846040242
2018-11-08,97.17998921363228
2018-11-09,96.98219944777605
2018-11-13,96.6145094869316
2018-11-14,96.54147172886246
2018-11-15,96.46543667776099
2018-11-16,97.06950717588427
2018-11-19,96.88874574597452
2018-11-20,96.72279739657603
2018-11-21,96.57754286556309
2018-11-23,96.80280278408564
2018-11-26,96.70769279930657
2018-11-27,96.62611560950141
2018-11-28,96.88667747507213
2018-11-29,96.79117032540174
2018-11-30,97.2702034882431
2018-12-03,96.96230118907347
2018-12-04,96.64662761259288
2018-12-06,97.4284939676153
2018-12-07,97.71071516209982
2018-12-10,97.70752291208906
2018-12-11,97.6239630380148
2018-12-12,97.22567817347085
2018-12-14,97.85880540387723
2018-12-17,97.66586864067865
2018-12-18,98.03622492475453
2018-12-19,97.84535209539067
2018-12-28,98.73459701745591
2019-01-04,98.5485356354877
2019-01-07,98.60487369718352
2019-01-08,98.36421458685855
2019-01-09,98.38580992295711
2019-01-10,98.50092902631444
2019-01-11,98.51196653551347
2019-01-14,98.65546841118582
2019-01-15,98.60699973591488
2019-01-16,98.60699973591488
2019-01-17,98.60699973591488
2019-01-18,98.60699973591488
2019-01-22,98.60699973591488
2019-01-24,98.60699973591488
2019-01-25,98.60699973591488
2019-01-28,98.55306374160945
2019-01-29,98.43879044072304
2019-01-30,98.12594900805668
2019-01-31,98.12594900805668
2019-02-01,98.12594900805668
2019-02-05,98.12594900805668
2019-02-06,98.0709930049696
2019-02-08,98.14077975164213
2019-02-12,98.14077975164213
2019-02-13,98.08585084383242
2019-02-14,97.84470498588324
2019-02-15,98.07673537027588
2019-02-20,97.8547838337247
2019-02-21,97.91092771447198
2019-02-25,97.57744791410728
2019-02-28,97.36322900363383
2019-03-01,97.6144847803384
2019-03-05,97.56111372712766
2019-03-06,97.51964176939298
2019-03-07,97.48595575104143
2019-03-11,97.3444406277219
2019-03-12,97.1750523095269
2019-03-13,97.53152297159103
2019-03-14,97.38544135607741
2019-03-15,97.33147331901496
2019-03-18,97.27815489956788
2019-03-19,97.4183759959893
2019-03-27,97.44983462768793
2019-04-01,97.00090481719857
2019-04-05,97.42858891099007
2019-04-10,97.588607469331
2019-04-12,97.34539367342232
2019-04-17,97.29374619845164
2019-04-24,97.41445416933745
2019-04-25,97.34571267314949
2019-04-26,97.45707436002165
2019-05-03,97.24614413080889
2019-05-06,97.19354088103559
2019-05-07,97.22790272726617
2019-05-08,97.22790272726617
2019-05-09,97.22790272726617
2019-05-10,97.22790272726617
2019-05-13,97.17197428155382
2019-05-14,97.14595346560957
2019-05-15,97.12887855209372
2019-05-16,97.16753619493204
2019-05-17,97.03572212109178
2019-05-20,97.2672794311825
2019-05-21,97.2672794311825
2019-05-22,97.20031969965487
2019-05-23,97.2585857609381
2019-05-24,97.4541823162262
2019-05-27,97.35832928600303
2019-05-28,97.49554490668699
2019-05-29,97.13434773409556
2019-05-30,97.1054029605767
2019-05-31,96.92446903821748
2019-06-03,97.09058373244122
2019-06-04,96.78069981718161
2019-06-05,97.36515071937126
2019-06-06,96.85245555083577
2019-06-07,96.32402159908756
2019-06-10,97.18292177734281
2019-06-11,97.18292177734281
2019-06-12,97.18292177734281
2019-06-13,97.18292177734281
2019-06-14,97.12739347768297
2019-06-17,97.28308118522747
2019-06-18,97.2269673092076
2019-06-19,96.6303992336063
2019-06-20,99.23716766649852
2019-06-21,100.56812150979701
2019-06-24,100.54179217410109
2019-06-25,100.80457900715942
2019-06-26,100.77839286483857
2019-06-27,100.88156280097593
2019-06-28,100.85535691138554
2019-07-01,100.84327930035408
2019-07-02,100.84714421079859
2019-07-03,100.75912353192543
2019-07-04,100.9185208219257
2019-07-05,100.86891612728421
2019-07-08,100.83815080119925
2019-07-09,101.16267402779569
2019-07-10,101.13692117974236
2019-07-11,101.05163344614367
2019-07-12,101.12417227998192
2019-07-15,101.32869716355827
2019-07-16,101.30303909477631
2019-07-17,101.44581247587826
2019-07-18,101.44581247587826
2019-07-19,101.4203872532824
2019-07-22,101.76883849770407
2019-07-23,101.68995946009916
2019-07-24,101.77260019566444
2019-07-25,101.78558712744955
2019-07-26,101.80132664756243
2019-07-29,101.66363304648311
2019-07-30,101.84729658026316
2019-07-31,101.86896783242894
2019-08-01,101.93877218338842
2019-08-02,101.91393761696754
2019-08-05,101.81738908911588
2019-08-06,101.97408921498065
2019-08-07,101.65537363603134
2019-08-08,101.74321143403368
2019-08-09,101.78735062082444
2019-08-12,101.70887954271295
2019-08-13,101.0099650368683
2019-08-14,100.88862256109825
2019-08-15,100.66567872972425
2019-08-16,100.98259080259847
2019-08-19,101.08097313589424
2019-08-20,101.08011078930734
2019-08-21,101.18563050377509
2019-08-22,101.16462152711263
2019-08-23,101.71673197882194
2019-08-26,101.71673197882194
2019-08-27,101.71673197882194
2019-08-28,101.71673197882194
2019-08-29,101.71673197882194
2019-08-30,101.71673197882194
2019-09-02,101.71673197882194
2019-09-03,101.71673197882194
2019-09-04,101.71673197882194
2019-09-05,101.71673197882194
2019-09-06,101.71673197882194
2019-09-09,101.69644986066535
2019-09-10,101.70166055537454
2019-09-11,101.03125720199976
2019-09-12,101.72665330787818
2019-09-13,101.56682392386962
2019-09-16,101.74119482415782
2019-09-17,101.74119482415782
2019-09-18,101.74119482415782
2019-09-19,101.74119482415782
2019-09-20,101.74119482415782
2019-09-23,101.71853374383355
2019-09-24,101.93014495180132
2019-09-25,102.29804228776902
2019-09-26,102.52044555705567
2019-09-27,102.52044555705567
2019-09-30,102.52044555705567
2019-10-01,102.4983636936174
2019-10-02,102.6150319843832
2019-10-03,102.6150319843832
2019-10-04,102.59279616995552
2019-10-07,102.7330365329417
2019-10-08,102.7330365329417
2019-10-09,102.7110616649915
2019-10-10,102.22989483804423
2019-10-11,102.79532320530073
2019-10-15,102.90169481184294
2019-10-16,102.85561840829196
2019-10-17,102.99169984936971
2019-10-18,102.97078216242703
2019-10-21,102.87583025005465
2019-10-22,103.35965664385216
2019-10-23,103.84741285081243
2019-10-24,104.0031122404898
2019-10-25,104.04036484033693
2019-10-28,103.95579646752128
2019-10-29,103.97191889951625
2019-10-30,104.36880062106499
2019-10-31,104.71520475230996
2019-11-01,104.77261547391772
2019-11-04,104.6740749557263
2019-11-05,104.66647123608273
2019-11-06,104.70163483727231
2019-11-07,104.8231482978678
2019-11-08,104.8231482978678
2019-11-11,104.80301999122655
2019-11-12,104.98771032660173
2019-11-13,105.1282220751699
2019-11-14,105.10792286600363
2019-11-15,105.12775196947
2019-11-18,105.13459290296801
2019-11-19,105.13459290296801
2019-11-20,105.11302306227415
2019-11-21,105.1291892695964
2019-11-22,105.10668139180697
2019-11-25,105.16072589309995
2019-11-26,105.14467008722319
2019-11-27,105.24433601085886
2019-11-29,105.2215019212629
2019-12-02,105.4122741843518
2019-12-03,105.38944855853683
2019-12-04,105.44258809200306
2019-12-05,105.46505347437893
2019-12-06,105.46505347437893
2019-12-09,105.44199341900375
2019-12-10,105.46936491944476
2019-12-11,105.40127850784006
2019-12-12,105.44886152023247
2019-12-13,105.44886152023247
2019-12-16,105.42089972575918
2019-12-17,105.47841332215154
2019-12-18,105.45014507237065
2019-12-19,105.45123699485845
2019-12-20,105.45123699485845
2019-12-23,105.45123699485845
2019-12-24,105.42255068820789
2019-12-26,105.48451334624676
2019-12-27,105.30617634658861
2019-12-30,105.30916431561361
2019-12-31,105.28779512116711
2020-01-02,105.27075528360442
2020-01-03,105.37412978284497
2020-01-06,105.2082448133763
2020-01-07,105.2905497753202
2020-01-08,105.32046424823842
2020-01-09,105.23192108180692
2020-01-10,105.41724406126076
2020-01-13,105.38457114470754
2020-01-14,105.41207360273621
2020-01-15,105.47686872247846
2020-01-16,105.5945336002422
2020-01-17,105.5945336002422
2020-01-20,105.55732963428687
2020-01-21,105.83372631426462
2020-01-22,106.00024468810139
2020-01-23,105.91067646084701
2020-01-24,105.9034944031731
2020-01-27,105.78331759509372
2020-01-28,106.01553738308382
2020-01-29,106.14754483370339
2020-01-30,106.25412360338753
2020-01-31,106.18891492142694
2020-02-03,106.28162003707742
2020-02-04,106.26905713550147
2020-02-05,106.26905713550147
2020-02-06,106.20324584001621
2020-02-07,106.12826147107761
2020-02-10,106.02829432721337
2020-02-11,106.06804270537688
2020-02-12,105.88059741661513
2020-02-13,105.74503805340527
2020-02-14,105.74464617855573
2020-02-18,105.39897552209953
2020-02-19,105.18095119979931
2020-02-20,104.83704549152763
2020-02-21,104.81812058871891
2020-02-24,104.9525167806316
2020-02-25,104.74422025929069
2020-02-26,104.7410515726793
2020-02-27,103.83042141771044
2020-02-28,103.75055943832979
2020-03-02,103.06744893635673
2020-03-03,103.19847562864122
2020-03-04,103.578988639799
2020-03-05,101.12092696745538
2020-03-06,100.91284746702965
2020-03-09,99.1045546479792
2020-03-10,100.00473722523748
2020-03-11,99.97679756465767
2020-03-12,100.42930574968756
2020-03-13,100.40212348830984
2020-03-16,100.360886389712
2020-03-17,100.2340280908961
2020-03-18,99.49329947264903
2020-03-19,98.62827111198078
2020-03-20,99.02572682557455
2020-03-23,99.16347736803993
2020-03-24,99.8245032186142
2020-03-25,99.4463450098534
2020-03-26,99.78879690105852
2020-03-27,99.78879690105852
2020-03-30,99.7686499818448
2020-03-31,99.73325353390888
2020-04-01,100.00495200192958
2020-04-02,100.00495200192958
2020-04-03,100.00495200192958
2020-04-06,100.00495200192958
2020-04-07,100.00495200192958
2020-04-08,100.00495200192958
2020-04-09,99.9856085342891
2020-04-10,99.84595420960174
2020-04-13,100.11719345638679
2020-04-14,100.11719345638679
2020-04-15,100.09814252089424
2020-04-16,100.20283703979611
2020-04-17,100.18380464980477
2020-04-20,100.27314042137736
2020-04-21,100.43333003463675
2020-04-22,100.39132378027293
2020-04-23,100.39132378027293
2020-04-24,100.39132378027293
2020-04-27,100.39132378027293
2020-04-28,100.39132378027293
2020-04-29,100.39132378027293
2020-04-30,100.37239273078585
2020-05-01,100.41198052126306
2020-05-04,100.40316948514484
2020-05-05,100.40316948514484
2020-05-06,100.38441059501795
2020-05-07,100.30765900984986
2020-05-08,100.16370472155491
2020-05-11,100.1525670927519
2020-05-12,100.09125284855251
2020-05-13,100.27579000096839
2020-05-14,100.3369154380013
2020-05-15,100.2501816593055
2020-05-18,100.28745743572335
2020-05-19,100.26892435559343
2020-05-20,100.31656756065519
2020-05-21,100.31656756065519
2020-05-22,100.29808882869602
2020-05-25,100.35208863019898
2020-05-26,100.6042496248911
2020-05-27,100.6042496248911
2020-05-28,100.58574791332353
2020-05-29,100.60191985268685
2020-06-01,100.58339804571
2020-06-02,100.70413037020742
2020-06-03,100.68441465317271
2020-06-04,100.5335009733689
2020-06-05,100.65780012665985
2020-06-08,100.63437942558045
2020-06-09,100.46843012527256
2020-06-10,100.46122625505434
2020-06-11,100.99447466159243
2020-06-12,100.9717401960049
2020-06-15,101.05579619906592
2020-06-16,101.02998092121638
2020-06-17,101.13162094941528
2020-06-18,101.10499135911957
2020-06-19,101.35662582993186
2020-06-22,101.35662582993186
2020-06-23,101.32575249060203
2020-06-24,101.50637230755267
2020-06-25,101.50637230755267
2020-06-26,101.47450288912307
2020-06-29,101.6242304595036
2020-06-30,101.59144596949012
2020-07-01,101.61071488259262
2020-07-02,101.5779437388154
2020-07-03,101.36097610910039
2020-07-06,101.5564917159163
2020-07-07,101.521819452928
2020-07-08,101.61525526397337
2020-07-09,101.21863858358324
2020-07-10,101.30633673049869
2020-07-13,101.26651664700145
2020-07-14,101.22205810909144
2020-07-15,101.37300614729328
2020-07-16,101.39658047030187
2020-07-17,101.39658047030187
2020-07-20,101.35970227383172
2020-07-21,101.45659042815245
2020-07-22,101.4197462873633
2020-07-23,101.305330418248
2020-07-24,101.4188221204769
2020-07-27,101.51924283115217
2020-07-28,101.51924283115217
2020-07-29,101.51924283115217
2020-07-30,101.51924283115217
2020-07-31,101.51924283115217
2020-08-03,101.51924283115217
2020-08-04,101.51924283115217
2020-08-05,101.51924283115217
2020-08-06,101.51924283115217
2020-08-07,101.47982082573293
2020-08-10,101.24430370753106
2020-08-11,100.92303921236547
2020-08-12,100.93656020235962
2020-08-13,100.75891887172106
2020-08-14,100.31030666917925
2020-08-17,100.53057181912537
2020-08-18,100.64460306833574
2020-08-19,100.47746919600331
2020-08-20,100.70019283808726
2020-08-21,100.80245100392308
2020-08-24,100.80245100392308
2020-08-25,100.76170222947314
2020-08-26,100.57226607909169
2020-08-27,100.15579223473485
2020-08-28,99.76955162440177
2020-08-31,100.10061019960037
2020-09-01,100.34347524798761
2020-09-02,100.57259342741256
2020-09-03,100.53367564280147
2020-09-04,100.7895982657986
2020-09-07,100.75748145278172
2020-09-08,100.82722554895878
2020-09-09,100.82722554895878
2020-09-10,100.82722554895878
2020-09-11,100.82722554895878
2020-09-14,100.78050874156605
2020-09-15,100.80769653862905
2020-09-16,100.88047325375669
2020-09-17,100.67252882283348
2020-09-18,100.85905826652564
2020-09-21,100.64969362744552
2020-09-22,100.72381758792915
2020-09-23,100.74219792048456
2020-09-24,100.5874480277662
2020-09-25,100.65701984124533
2020-09-28,100.73510460772634
2020-09-29,100.81984528208197
2020-09-30,100.7679068552578
2020-10-01,100.66437781763311
2020-10-02,100.78756845856292
2020-10-05,101.24934956756731
2020-10-06,101.24934956756731
2020-10-07,101.24934956756731
2020-10-08,101.19479707428758
2020-10-09,101.25385010644055
2020-10-13,101.19918101043228
2020-10-14,101.2575345825341
2020-10-15,101.35704780223725
2020-10-16,101.33036635072972
2020-10-19,101.5189396742374
2020-10-20,101.73946144783352
2020-10-21,101.6841100324211
2020-10-22,101.2956000676452
2020-10-23,101.58535981835541
2020-10-26,101.82982851829108
2020-10-27,101.9986562326202
2020-10-28,101.9986562326202
2020-10-29,101.9986562326202
2020-10-30,101.94759703093487
2020-11-02,102.2964588143604
2020-11-03,101.69786548075382
2020-11-04,102.60112743376655
2020-11-05,102.54273047479975
2020-11-06,102.81821324306908
2020-11-09,102.81821324306908
2020-11-10,102.77504403535642
2020-11-11,102.8630087659336
2020-11-12,102.5939293194395
2020-11-13,102.56359827624661
2020-11-16,102.51921148291392
2020-11-17,102.7687623403637
2020-11-18,102.7687623403637
2020-11-19,102.72507472329889
2020-11-20,102.4070015532674
2020-11-23,102.694324376632
2020-11-24,103.09004384653903
2020-11-25,103.09004384653903
2020-11-26,103.09004384653903
2020-11-27,103.09004384653903
2020-11-30,103.04476959182121
2020-12-01,103.62237326070955
2020-12-02,103.5777336533603
2020-12-03,103.77566581206028
2020-12-04,103.73311961875406
2020-12-07,103.73601573394441
2020-12-08,103.97886757520236
2020-12-09,103.81635241936682
2020-12-10,104.16597221942061
2020-12-11,104.12410965701422
2020-12-14,104.03753609799986
2020-12-15,103.97471396398726
2020-12-16,103.83577950989664
2020-12-17,103.78426939418742
2020-12-18,103.62491032980394
2020-12-21,103.85580919228398
2020-12-22,103.85580919228398
2020-12-23,103.8141652231726
2020-12-24,103.85926413892592
2020-12-28,103.81778348040444
2020-12-29,103.8120842215019
2020-12-30,103.77062240838286
2020-12-31,103.80625990288237
2021-01-04,103.59786216995694
2021-01-05,103.5287495678886
2021-01-06,103.03373600471465
2021-01-07,103.10345540914298
2021-01-08,103.06229077091034
2021-01-11,102.96256930205048
2021-01-12,102.8788286362163
2021-01-13,102.85340244087212
2021-01-14,103.24207074049141
2021-01-15,103.24207074049141
2021-01-19,103.20178595784581
2021-01-20,103.37798907133893
2021-01-21,102.99530493254913
2021-01-22,102.99301785408628
2021-01-25,103.24500673563517
2021-01-26,103.29845042538696
2021-01-27,103.43239266638342
2021-01-28,103.23057075480735
2021-01-29,102.86602838846677
2021-02-01,102.82388214479772
2021-02-02,102.76065426669932
2021-02-03,102.52993350186348
2021-02-04,102.31821014618396
2021-02-05,101.84326966383199
2021-02-08,102.10307602483071
2021-02-09,102.19969110714062
2021-02-10,102.22551865324519
2021-02-11,102.0109217321786
2021-02-12,101.75973602393111
2021-02-16,101.42209767651993
2021-02-17,101.37736964209336
2021-02-18,101.56865724782125
2021-02-19,101.79915637417322
2021-02-22,101.72233632369831
2021-02-23,102.0405876129562
2021-02-24,101.99327518035182
2021-02-25,99.85545228287616
2021-02-26,99.63077459939768
2021-03-01,100.31127275653692
2021-03-02,100.48451063517851
2021-03-03,100.51112752436644
2021-03-04,100.57884515253588
2021-03-05,100.31737356543091
2021-03-08,99.75952464189123
2021-03-09,99.60222478337658
2021-03-10,99.68683360609546
2021-03-11,99.82845302579732
2021-03-12,100.14459942849503
2021-03-15,100.12277751638344
2021-03-16,100.15477874728363
2021-03-17,100.92232669985715
2021-03-18,100.92232669985715
2021-03-19,100.89483551055774
2021-03-22,100.7572882626088
2021-03-23,100.54874817185791
2021-03-24,100.52149311960044
2021-03-25,100.60950230887724
2021-03-26,100.724106314108
2021-03-29,100.65992220079865
2021-03-30,100.42513062824139
2021-03-31,100.27215373472795
2021-04-01,100.04876472896953
2021-04-02,99.53464546267486
2021-04-05,99.85677308267611
2021-04-06,100.14371881879134
2021-04-07,100.33348084049645
2021-04-08,100.33348084049645
2021-04-09,100.33348084049645
2021-04-12,100.33348084049645
2021-04-13,100.33348084049645
2021-04-14,100.33348084049645
2021-04-15,100.33348084049645
2021-04-16,100.33348084049645
2021-04-19,100.30805748412155
2021-04-20,100.33197293389524
2021-04-21,100.3786096785318
2021-04-22,100.49541458362813
2021-04-23,100.68676891074806
2021-04-26,100.68676891074806
2021-04-27,100.68676891074806
2021-04-28,100.68676891074806
2021-04-29,100.68676891074806
2021-04-30,100.68676891074806
2021-05-03,100.66101657568419
2021-05-04,100.71048828888397
2021-05-05,100.67549962761568
2021-05-06,100.83083267040489
2021-05-07,100.80556924987596
2021-05-10,100.58327154557027
2021-05-11,100.56749731787676
2021-05-12,100.76194974524564
2021-05-13,100.83211255184725
2021-05-14,100.84800152316163
2021-05-17,100.93160652982395
2021-05-18,100.90625371608589
2021-05-19,101.03807710467775
2021-05-20,101.03807710467775
2021-05-21,101.03807710467775
2021-05-24,101.03807710467775
2021-05-25,101.03807710467775
2021-05-26,101.03807710467775
2021-05-27,101.00507112087813
2021-05-28,101.04621556193104
2021-06-01,101.12537261205384
2021-06-02,101.12779818129826
2021-06-03,101.09455876029689
2021-06-04,101.25475460959403
2021-06-07,101.25475460959403
2021-06-08,101.25475460959403
2021-06-09,101.21970615128211
2021-06-10,101.27583601605004
2021-06-11,101.59358677828621
2021-06-14,101.43428375824155
2021-06-15,101.40119835188759
2021-06-16,100.27300073118641
2021-06-17,99.67171020028213
2021-06-18,99.1005816077908
2021-06-21,99.68516525728295
2021-06-22,99.68792974651556
2021-06-23,99.49834497672192
2021-06-24,99.27095547574154
2021-06-25,99.44923644455834
2021-06-28,99.20458623509099
2021-06-29,99.28738917993056
2021-06-30,99.1425891821307
2021-07-01,99.0295157243508
2021-07-02,99.2004433915483
2021-07-06,99.21065431611171
2021-07-07,99.21065431611171
2021-07-08,99.21065431611171
2021-07-09,99.21065431611171
2021-07-12,99.21065431611171
2021-07-13,99.21065431611171
2021-07-14,99.21065431611171
2021-07-15,99.21065431611171
2021-07-16,99.21065431611171
2021-07-19,99.17668796582836
2021-07-20,98.28417796984188
2021-07-21,98.3025673390063
2021-07-22,98.191590795715
2021-07-23,98.22322697171856
2021-07-26,98.2285719436638
2021-07-27,98.41434734950954
2021-07-28,98.40886047010059
2021-07-29,98.4256335748885
2021-07-30,98.4256335748885
2021-08-02,98.3948514910328
2021-08-03,98.38681691551758
2021-08-04,98.73244927952335
2021-08-05,98.70198403323732
2021-08-06,98.87459897679139
2021-08-09,98.84232001847518
2021-08-10,98.64486301893714
2021-08-11,98.66921774491796
2021-08-12,98.65105963950704
2021-08-13,98.5277130439026
2021-08-16,98.66849315690199
2021-08-17,98.64413612573864
2021-08-18,98.57306168545986
2021-08-19,98.32675147778313
2021-08-20,98.25130175203046
2021-08-23,98.4264263778377
2021-08-24,98.4690474131288
2021-08-25,98.59490011277079
2021-08-26,98.3477340693002
2021-08-27,98.53837759542714
2021-08-30,98.69369175144453
2021-08-31,98.66221506271276
2021-09-01,98.71430613228081
2021-09-02,98.74111422928557
2021-09-03,98.6215752943716
2021-09-07,98.58710768549646
2021-09-08,98.71891151283035
2021-09-09,98.8643030778672
2021-09-10,98.8643030778672
2021-09-13,98.8643030778672
2021-09-14,98.83232467303843
2021-09-15,98.914769771793
2021-09-16,98.87789035239933
2021-09-17,98.85554919350395
2021-09-20,98.70086222874494
2021-09-21,98.69886503919703
2021-09-22,97.97010665087494
2021-09-23,98.11923046591615
2021-09-24,98.63852678230549
2021-09-27,98.39134233378087
2021-09-28,98.72146589013668
2021-09-29,98.97206544803473
2021-09-30,98.8575716696422
2021-10-01,99.13352458319275
2021-10-04,99.13352458319275
2021-10-05,99.09624129066906
2021-10-06,99.33082344019853
2021-10-07,99.19829672737245
2021-10-08,99.28381994400101
2021-10-12,99.28381994400101
2021-10-13,99.28381994400101
2021-10-14,99.24667895109162
2021-10-15,99.61649381332872
2021-10-18,99.37316362773852
2021-10-19,99.33470260325494
2021-10-20,99.13513872239736
2021-10-21,99.5668139266949
2021-10-22,99.75100204451536
2021-10-25,99.36147784786658
2021-10-26,99.6434762462997
2021-10-27,99.79689825531985
2021-10-28,99.4992700104824
2021-10-29,99.6060865021962
2021-11-01,99.73772516810247
2021-11-02,99.77807508973463
2021-11-03,99.74123454679314
2021-11-04,99.68848360451332
2021-11-05,99.90239213584968
2021-11-08,99.90239213584968
2021-11-09,99.90239213584968
2021-11-10,99.90239213584968
2021-11-11,99.86966232075706
2021-11-12,100.45167281823784
2021-11-15,100.45167281823784
2021-11-16,100.45167281823784
2021-11-17,100.42023348500739
2021-11-18,100.58062300382285
2021-11-19,100.54986903587118
2021-11-22,100.45849801355344
2021-11-23,100.61212655895342
2021-11-24,100.20792454022941
2021-11-25,100.24912428272523
2021-11-26,100.47996027613486
2021-11-29,100.72703810872721
2021-11-30,100.69671335767158
2021-12-01,100.79965398936508
2021-12-02,101.00248176713906
2021-12-03,101.02955264662963
2021-12-06,100.96341380550776
2021-12-07,101.05741609433467
2021-12-08,100.96299097066894
2021-12-09,100.93257971128165
2021-12-10,100.83740368985539
2021-12-13,100.95556035277771
2021-12-14,100.95556035277771
2021-12-15,100.92488336779559
2021-12-16,100.38746631696394
2021-12-17,100.61721952285151
2021-12-20,100.4102139374419
2021-12-21,100.55240408981419
2021-12-22,100.68695192276817
2021-12-23,100.5047383255729
2021-12-27,100.55138947128415
2021-12-28,100.43631497124517
2021-12-29,100.2859397724398
2021-12-30,100.43176141865993
2021-12-31,100.45491347329359
2022-01-03,100.39623693981035
2022-01-04,100.2269957883594
2022-01-05,100.34905582767357
2022-01-06,100.57858107029828
2022-01-07,100.57858107029828
2022-01-10,100.57858107029828
2022-01-11,100.57858107029828
2022-01-12,100.54649306858519
2022-01-13,100.38829717993553
2022-01-14,100.45511275365368
2022-01-18,100.64499676566221
2022-01-19,100.6990875697489
2022-01-20,100.47856810332141
2022-01-21,100.66082816595897
2022-01-24,100.32512574492137
2022-01-25,100.31837285754067
2022-01-26,100.44514275589522
2022-01-27,100.5591231995153
2022-01-28,100.17418670457707
2022-01-31,99.83305291656261
2022-02-01,100.01177169761925
2022-02-02,100.00953578694745
2022-02-03,100.21337480894805
2022-02-04,100.1604788482671
2022-02-07,100.21155054547633
2022-02-08,100.17193138201957
2022-02-09,100.3302002876496
2022-02-10,99.92666780893433
2022-02-11,100.00011545294689
2022-02-14,99.98692386834101
2022-02-15,99.5673144697687
2022-02-16,99.59745250552443
2022-02-17,99.35618768105023
2022-02-18,99.57656868870333
2022-02-22,99.68660219007286
2022-02-23,99.43725216259476
2022-02-24,99.17506587900141
2022-02-25,99.43254335555307
2022-02-28,99.58237170223467
2022-03-01,99.58237170223467
2022-03-02,99.54029847787857
2022-03-03,99.68738737865834
2022-03-04,99.76696228305767
2022-03-07,99.95149180511072
2022-03-08,99.84010790161318
2022-03-09,99.55919290641812
2022-03-10,99.91827863818504
2022-03-11,100.08029689384932
2022-03-14,100.11381636378023
2022-03-15,100.07970024696442
2022-03-16,100.07970024696442
2022-03-17,100.040713658772
2022-03-18,100.04905669567654
2022-03-21,100.42588602932886
2022-03-22,100.30640632977588
2022-03-23,100.45805679509392
2022-03-24,100.48405486176229
2022-03-25,101.30002506458091
2022-03-28,101.26115048213234
2022-03-29,100.91925333225456
2022-03-30,100.82480366321307
2022-03-31,101.30439652188232
2022-04-01,101.90667008640342
2022-04-04,101.7427644326528
2022-04-05,101.7427644326528
2022-04-06,101.70972932038285
2022-04-07,101.36771506020948
2022-04-08,101.33491224452473
2022-04-11,100.80283772804424
2022-04-12,100.36246853857227
2022-04-13,100.24442541229092
2022-04-14,100.21346639190926
2022-04-18,100.08621964620292
2022-04-19,100.39986281985342
2022-04-20,100.3708503749765
2022-04-21,100.08813204049692
2022-04-22,100.6496799357389
2022-04-25,100.70293040982914
2022-04-26,100.67503752201807
2022-04-27,100.97326389092191
2022-04-28,100.97326389092191
2022-04-29,100.9453770019665
2022-05-02,101.1188968840412
2022-05-03,101.09096600942544
2022-05-04,101.76239080383765
2022-05-05,101.60948950515835
2022-05-06,101.50145647543695
2022-05-09,101.50145647543695
2022-05-10,101.47511768198191
2022-05-11,101.79465521331801
2022-05-12,101.66940663350941
2022-05-13,101.44121377697202
2022-05-16,101.16925439677811
2022-05-17,101.45371625418029
2022-05-18,101.72107081954636
2022-05-19,101.72107081954636
2022-05-20,101.6956641735574
2022-05-23,101.66886535566452
2022-05-24,101.85408805343829
2022-05-25,102.05139601756336
2022-05-26,102.17394208292936
2022-05-27,101.98445830752246
2022-05-31,102.27054813266136
2022-06-01,102.24504682199662
2022-06-02,102.37493455109498
2022-06-03,102.37493455109498
2022-06-06,102.349343304732
2022-06-07,102.15710000970404
2022-06-08,102.18656448613454
2022-06-09,102.09343626393633
2022-06-10,102.0680688650302
2022-06-13,101.53903584539401
2022-06-14,101.67042494560819
2022-06-15,101.53749182178422
2022-06-16,101.6119056732735
2022-06-17,101.71518406532132
2022-06-21,101.35025793047473
2022-06-22,101.35064258183155
2022-06-23,101.12429421699373
2022-06-24,101.14391057287936
2022-06-27,101.14391057287936
2022-06-28,101.14391057287936
2022-06-29,101.14391057287936
2022-06-30,101.14391057287936
2022-07-01,101.14391057287936
2022-07-05,101.14391057287936
2022-07-06,101.14391057287936
2022-07-07,101.14391057287936
2022-07-08,101.14391057287936
2022-07-11,101.14391057287936
2022-07-12,101.14391057287936
2022-07-13,101.1160856675708
2022-07-14,101.55818220429002
2022-07-15,101.53091896349855
2022-07-18,101.57304342435509
2022-07-19,101.60782339426859
2022-07-20,101.58037351132201
2022-07-21,102.02756951209832
2022-07-22,101.97283072550395
2022-07-25,102.14602259612957
2022-07-26,102.11630044829153
2022-07-27,102.37392584279725
2022-07-28,102.37392584279725
2022-07-29,102.34398838699859
2022-08-01,102.89640975522889
2022-08-02,102.86851319607764
2022-08-03,102.83288850636309
2022-08-04,102.9027400139052
2022-08-05,103.0291229349007
2022-08-08,103.0291229349007
2022-08-09,102.99948550208187
2022-08-10,103.27929536442788
2022-08-11,103.24999597125239
2022-08-12,103.39560716781142
2022-08-15,103.29083229604925
2022-08-16,103.59412530842131
2022-08-17,103.59412530842131
2022-08-18,103.56393672832152
2022-08-19,103.93273982940639
2022-08-22,103.93273982940639
2022-08-23,103.90303786558752
2022-08-24,103.98214265884285
2022-08-25,103.98214265884285
2022-08-26,103.95419511729216
2022-08-29,104.10433723336978
2022-08-30,104.0691704586316
2022-08-31,104.08349410927855
2022-09-01,104.3284794316087
2022-09-02,104.75246113035364
2022-09-06,104.7379001212726
2022-09-07,104.84006836229571
2022-09-08,104.81719915224998
2022-09-09,104.70973811957688
2022-09-12,105.07053416799914
2022-09-13,105.07053416799914
2022-09-14,105.07053416799914
2022-09-15,105.07053416799914
2022-09-16,105.07053416799914
2022-09-19,105.07053416799914
2022-09-20,105.0415145494002
2022-09-21,104.7037120430559
2022-09-22,104.67494179660738
2022-09-23,103.99224626436845
2022-09-26,103.88692166884334
2022-09-27,104.03399831892648
2022-09-28,104.655703028481
2022-09-29,104.50034297190017
2022-09-30,104.05652837447026
2022-10-03,104.20464160876428
2022-10-04,104.41447831101665
2022-10-05,104.64119068514599
2022-10-06,104.54247165313252
2022-10-07,104.31733180374837
2022-10-11,104.75845724425739
2022-10-12,104.79667107708094
2022-10-13,104.77092776893603
2022-10-14,104.75934468477244
2022-10-17,104.51446025653792
2022-10-18,104.57095599543773
2022-10-19,104.56443522856249
2022-10-20,104.38365651559577
2022-10-21,103.54445267943942
2022-10-24,103.49939277047953
2022-10-25,103.90417589598167
2022-10-26,104.16181170076091
2022-10-27,104.16181170076091
2022-10-28,104.16181170076091
2022-10-31,104.13727266867758
2022-11-01,104.45149247777334
2022-11-02,104.4268210500936
2022-11-03,104.50444040490503
2022-11-04,104.1064007865811
2022-11-07,103.98767168718643
2022-11-08,104.04357027427773
2022-11-09,103.84202686692984
2022-11-10,103.77675983440888
2022-11-11,103.77466531679553
2022-11-14,103.79882797374738
2022-11-15,103.77829201614051
2022-11-16,104.11873763182949
2022-11-17,104.09384192582989
2022-11-18,104.1736692703895
2022-11-21,104.325618564714
2022-11-22,104.325618564714
2022-11-23,104.325618564714
2022-11-24,104.325618564714
2022-11-25,104.29896718122396
2022-11-28,104.52272290981676
2022-11-29,104.79474049422532
2022-11-30,104.76916436060857
2022-12-01,105.13622532806497
2022-12-02,105.38771212235416
2022-12-05,105.65304564719729
2022-12-06,105.93333402528245
2022-12-07,106.02447917878655
2022-12-08,105.77751560057852
2022-12-09,106.23111708933631
2022-12-12,106.31043172432678
2022-12-13,106.26725162203252
2022-12-14,106.44877988509276
2022-12-15,106.15675250149951
2022-12-16,106.28731903143706
2022-12-19,106.43161606554345
2022-12-20,106.34718352817775
2022-12-21,106.34481337003633
2022-12-22,106.29765169716407
2022-12-23,106.45310192383204
2022-12-27,106.76958225061341
2022-12-28,106.74212593683323
2022-12-29,106.25129759743221
2022-12-30,106.42460710890037
2023-01-03,106.08611248968889
2023-01-04,106.28403952573437
2023-01-05,105.94893456632346
2023-01-06,106.4105795549087
2023-01-09,106.4105795549087
2023-01-10,106.4105795549087
2023-01-11,106.4105795549087
2023-01-12,106.38409976644108
2023-01-13,106.6006326922298
2023-01-17,106.25231257612413
2023-01-18,106.28241376141021
2023-01-19,106.56604650491326
2023-01-20,106.56604650491326
2023-01-23,106.53826833820621
2023-01-24,106.40711608646005
2023-01-25,106.61744921411345
2023-01-26,106.61050672692191
2023-01-27,106.44954802608304
2023-01-30,106.29154119981546
2023-01-31,106.44084350492228
2023-02-01,106.52138623526591
2023-02-02,106.62250611677655
2023-02-03,106.31056765647861
2023-02-06,105.69516775012985
2023-02-07,106.16657877927717
2023-02-08,106.13919094340207
2023-02-09,106.16527675626767
2023-02-10,106.3667698274082
2023-02-13,106.33985583268486
2023-02-14,105.84919154586265
2023-02-15,106.10752709904006
2023-02-16,106.45817898178147
2023-02-17,106.44333522333156
2023-02-21,106.44832081323254
2023-02-22,106.4221637534166
2023-02-23,106.33897902553002
2023-02-24,106.099085136371
2023-02-27,106.32515674954168
2023-02-28,106.32515674954168
2023-03-01,106.29902437826641
2023-03-02,106.35137543948797
2023-03-03,106.02979631025926
2023-03-06,106.0721101521224
2023-03-07,105.79812016827574
2023-03-08,105.79812016827574
2023-03-09,105.79812016827574
2023-03-10,105.77089326723319
2023-03-13,105.5084053477821
2023-03-14,106.00516348618223
2023-03-15,105.86827103192928
2023-03-16,105.71463474637378
2023-03-17,106.10938141813352
2023-03-20,106.12888140004277
2023-03-21,106.10322520846611
2023-03-22,106.70463840850972
2023-03-23,106.70463840850972
2023-03-24,106.67884446318561
2023-03-27,106.90246337983444
2023-03-28,106.90246337983444
2023-03-29,106.90246337983444
2023-03-30,106.90246337983444
2023-03-31,106.90246337983444
2023-04-03,106.87647429837148
2023-04-04,106.69944947633144
2023-04-05,106.69944947633144
2023-04-06,106.67297902951525
2023-04-07,106.98637045983072
2023-04-10,106.97864406731452
2023-04-11,106.99597609138026
2023-04-12,106.84635660848323
2023-04-13,106.65845501673661
2023-04-14,106.88130798115971
2023-04-17,106.88130798115971
2023-04-18,106.85335200865423
2023-04-19,106.88078147037339
2023-04-20,106.82158061004476
2023-04-21,106.82158061004476
2023-04-24,106.79296173043957
2023-04-25,107.0296426495722
2023-04-26,107.0296426495722
2023-04-27,107.00122593048336
2023-04-28,107.10485476651854
2023-05-01,106.91154054158878
2023-05-02,106.5429449001741
2023-05-03,105.95805637043125
2023-05-04,106.13936780458214
2023-05-05,106.1112711740411
2023-05-08,106.1670936807505
2023-05-09,106.0614911860717
2023-05-10,105.80457512826742
2023-05-11,106.151586780114
2023-05-12,106.20145262478881
2023-05-15,105.92965537671748
2023-05-16,106.14718180335441
2023-05-17,106.33834746465209
2023-05-18,106.33834746465209
2023-05-19,106.30781473153117
2023-05-22,106.52964668893297
2023-05-23,106.52964668893297
2023-05-24,106.52964668893297
2023-05-25,106.52964668893297
2023-05-26,106.4992801171801
2023-05-30,106.65805094956798
2023-05-31,106.65805094956798
2023-06-01,106.65805094956798
2023-06-02,106.65805094956798
2023-06-05,106.65805094956798
2023-06-06,106.62733641515561
2023-06-07,106.58729673749012
2023-06-08,106.55521277170072
2023-06-09,106.93764395767258
2023-06-12,106.93511766019648
2023-06-13,107.14355171741423
2023-06-14,107.38977330062365
2023-06-15,107.1783157742465
2023-06-16,107.57709468337924
2023-06-20,107.54442919011163
2023-06-21,107.5602139216302
2023-06-22,107.45384043971926
2023-06-23,107.22525597158344
2023-06-26,107.59919403016436
2023-06-27,107.40748116976044
2023-06-28,107.45149295693402
2023-06-29,107.4156379576565
2023-06-30,106.86688225355776
2023-07-03,106.67873982630589
2023-07-05,106.81672259003334
2023-07-06,106.80623276500638
2023-07-07,107.01568630506706
2023-07-10,107.93455636882294
2023-07-11,107.79895063591516
2023-07-12,108.28913468126939
2023-07-13,108.28913468126939
2023-07-14,108.28913468126939
2023-07-17,108.28913468126939
2023-07-18,108.25606038539348
2023-07-19,108.42344970140057
2023-07-20,108.65791336754079
2023-07-21,108.65791336754079
2023-07-24,108.6252707039133
2023-07-25,108.61505235563367
2023-07-26,108.91544651546441
2023-07-27,108.91544651546441
2023-07-28,108.91544651546441
2023-07-31,108.88260049304867
2023-08-01,108.4552097179015
2023-08-02,108.16736853412938
2023-08-03,108.13422908684115
2023-08-04,107.94959974417111
2023-08-07,107.73471538828846
2023-08-08,107.88947323914645
2023-08-09,108.38038048182688
2023-08-10,108.27231925407344
2023-08-11,108.2395928230793
2023-08-14,108.12676888855357
2023-08-15,108.12111125286287
2023-08-16,108.19040989717811
2023-08-17,108.37477575138941
2023-08-18,108.45703468257497
2023-08-21,108.51843184613192
2023-08-22,108.08154755317534
2023-08-23,107.82708400421713
2023-08-24,107.9677810194521
2023-08-25,107.81484475160627
2023-08-28,107.81484475160627
2023-08-29,107.81484475160627
2023-08-30,107.81484475160627
2023-08-31,107.81484475160627
2023-09-01,107.81484475160627
2023-09-05,107.78151891046764
2023-09-06,108.07477914565888
2023-09-07,108.06609489869183
2023-09-08,108.06609489869183
2023-09-11,108.06609489869183
2023-09-12,108.06609489869183
2023-09-13,108.06609489869183
2023-09-14,108.03262191280866
2023-09-15,108.101395094444
2023-09-18,108.101395094444
2023-09-19,108.06667415323732
2023-09-20,107.93101885502179
2023-09-21,107.8978790549175
2023-09-22,107.8975841844187
2023-09-25,107.86504358529704
2023-09-26,107.67027148692343
2023-09-27,107.7477744248625
2023-09-28,107.43021139777575
2023-09-29,107.32706517931479
2023-10-02,107.15411575773564
2023-10-03,106.76460821636896
2023-10-04,106.78102559795033
2023-10-05,106.74769696191417
2023-10-06,106.40213922752906
2023-10-10,106.60332283360721
2023-10-11,107.55332637316191
2023-10-12,107.55332637316191
2023-10-13,107.52199242016023
2023-10-16,107.75977652666735
2023-10-17,107.36244304867022
2023-10-18,107.42964011468897
2023-10-19,107.88767731815207
2023-10-20,108.17009976931895
2023-10-23,108.21704930730773
2023-10-24,107.70731935762818
2023-10-25,108.06520216140463
2023-10-26,108.19333251844878
2023-10-27,108.19333251844878
2023-10-30,108.19333251844878
2023-10-31,108.19333251844878
2023-11-01,108.1633519664423
2023-11-02,108.99377382685505
2023-11-03,108.9656747741997
2023-11-06,109.07427806072982
2023-11-07,109.39026025743033
2023-11-08,109.39026025743033
2023-11-09,109.39026025743033
2023-11-10,109.36288064636564
2023-11-13,109.52129715485401
2023-11-14,109.49414910793611
2023-11-15,109.34463146633986
2023-11-16,109.37547542849985
2023-11-17,109.57488666664888
2023-11-20,109.6995371462535
2023-11-21,109.5541425407119
2023-11-22,109.73903631218809
2023-11-23,109.69074064479982
2023-11-24,109.66191776159005
2023-11-27,109.63442791813127
2023-11-28,109.23037625240455
2023-11-29,109.42164506481818
2023-11-30,109.42164506481818
2023-12-01,109.42164506481818
2023-12-04,109.39477366278263
2023-12-05,109.11025550243308
2023-12-06,108.87694268173416
2023-12-07,108.92008568450815
2023-12-08,108.70039008915184
2023-12-11,108.6086622902967
2023-12-12,108.62193634594344
2023-12-13,108.93689176223585
2023-12-14,108.35963381831132
2023-12-15,108.38689946624518
2023-12-18,108.34155013097106
2023-12-19,108.26734042747069
2023-12-20,108.28092789987534
2023-12-21,108.5403397906334
2023-12-22,108.63965424307978
2023-12-26,108.53261333108198
2023-12-27,108.43667979557033
2023-12-28,108.46902430093847
2023-12-29,108.67549886338554
2024-01-02,108.48247325090918
2024-01-03,108.54852406676976
2024-01-04,108.52142070367921
2024-01-05,108.68907792734804
2024-01-08,108.6526084760632
2024-01-09,108.68438851094075
2024-01-10,108.68438851094075
2024-01-11,108.68438851094075
2024-01-12,108.65386931326486
2024-01-16,108.94374284234476
2024-01-17,108.50983928899353
2024-01-18,108.70133805672613
2024-01-19,108.48432398514535
2024-01-22,108.65656761846753
2024-01-23,108.62590065371083
2024-01-24,108.6589579158928
2024-01-25,108.84148681079391
2024-01-26,108.84148681079391
2024-01-29,108.84148681079391
2024-01-30,108.84148681079391
2024-01-31,108.8095297583964
2024-02-01,108.97883974054847
2024-02-02,108.97883974054847
2024-02-05,108.94262269641818
2024-02-06,109.08510413045407
2024-02-07,109.1948171897292
2024-02-08,109.15619853423719
2024-02-09,109.14865836569356
2024-02-12,109.14865836569356
2024-02-13,109.10917749342386
2024-02-14,109.27857161495152
2024-02-15,109.27857161495152
2024-02-16,109.23835895948568
2024-02-20,109.49011360144438
2024-02-21,109.58261934743716
2024-02-22,109.54262891305146
2024-02-23,109.22010151973598
2024-02-26,109.1802279474119
2024-02-27,109.02537975170344
2024-02-28,108.87360409361939
2024-02-29,108.97078348956025
2024-03-01,108.9293194811537
2024-03-04,108.97007138897851
2024-03-05,109.04893835982956
2024-03-06,109.42337603646726
2024-03-07,109.04918390481888
2024-03-08,108.76294870591833
2024-03-11,108.99287350925229
2024-03-12,109.05819932538688
2024-03-13,109.22243495987476
2024-03-14,109.17992314338198
2024-03-15,108.87388258928281
2024-03-18,108.92964778449672
2024-03-19,109.17102335763103
2024-03-20,109.68699093980831
2024-03-21,109.49820718892045
2024-03-22,109.50389063456481
2024-03-25,109.50389063456481
2024-03-26,109.45637624756976
2024-03-27,109.29536444109506
2024-03-28,109.02205339927113
2024-04-01,109.02205339927113
2024-04-02,108.97440144304404
2024-04-03,109.15660084353367
2024-04-04,109.10874414643455
2024-04-05,109.14145995494778
2024-04-08,108.77754524729816
2024-04-09,108.57572489907017
2024-04-10,108.02448684311096
2024-04-11,108.27821837991485
2024-04-12,108.38114092511948
2024-04-15,108.68549128286193
2024-04-16,108.46194153944771
2024-04-17,108.55096706606749
2024-04-18,108.26740928957237
2024-04-19,108.1715388765656
2024-04-22,108.37506635764117
2024-04-23,108.62239499866517
2024-04-24,108.87498370189417
2024-04-25,108.7725915683057
2024-04-26,108.52270333981737
2024-04-29,108.52270333981737
2024-04-30,108.52270333981737
2024-05-01,108.52270333981737
2024-05-02,108.47164097542274
2024-05-03,108.55647050435178
2024-05-06,108.75410682563822
2024-05-07,109.03936855193628
2024-05-08,108.8947429613696
2024-05-09,108.96410465096193
2024-05-10,108.98302135662823
2024-05-13,108.94464137163166
2024-05-14,108.842003898331
2024-05-15,108.60960890482203
2024-05-16,108.85952099140634
2024-05-17,109.01616086210866
2024-05-20,108.7417165834595
2024-05-21,108.80318385919752
2024-05-22,109.06467661942017
2024-05-23,109.22941456033908
2024-05-24,109.4177974539165
2024-05-28,108.9473548500875
2024-05-29,108.9473548500875
2024-05-30,108.9473548500875
2024-05-31,108.89185435687891
2024-06-03,109.110226386803
2024-06-04,109.1772528618015
2024-06-05,109.40672600397268
2024-06-06,109.34493711396837
2024-06-07,109.4635285334262
2024-06-10,109.4635285334262
2024-06-11,109.4635285334262
2024-06-12,109.40454748529251
2024-06-13,109.67438897280697
2024-06-14,110.04630597525366
2024-06-17,109.98105875296322
2024-06-18,109.98105875296322
2024-06-19,109.98105875296322
2024-06-20,109.98105875296322
2024-06-21,109.91831104184544
2024-06-24,109.69616450240378
2024-06-25,109.63328518264959
2024-06-26,109.96851738763931
2024-06-27,109.90585239520112
2024-06-28,110.55789481128417
2024-07-01,110.4976172445029
2024-07-02,110.49467708954855
2024-07-03,110.41327707964707
2024-07-05,110.2013879758208
2024-07-08,110.36789405993713
2024-07-09,110.30669310674158
2024-07-10,110.41487044464213
2024-07-11,110.15523942380112
2024-07-12,110.09008040814354
2024-07-15,109.77297719722141
2024-07-16,109.43337540874474
2024-07-17,109.38855803049195
2024-07-18,109.38855803049195
2024-07-19,109.32298682893757
2024-07-22,109.67634415150158
2024-07-23,109.67634415150158
2024-07-24,109.67634415150158
2024-07-25,109.67634415150158
2024-07-26,109.61172681436702
2024-07-29,110.00583713224276
2024-07-30,110.00583713224276
2024-07-31,109.94275112517096
2024-08-01,109.6299384566084
2024-08-02,109.24427968564466
2024-08-05,108.63932283560854
2024-08-06,109.00679364916463
2024-08-07,109.39322896146047
2024-08-08,108.89019955788018
2024-08-09,108.85451167930336
2024-08-12,109.17198199876319
2024-08-13,109.34507060150554
2024-08-14,109.0725653576583
2024-08-15,108.45889470064438
2024-08-16,108.38400469961114
2024-08-19,108.09033643582725
2024-08-20,107.9717621906936
2024-08-21,108.66766320441776
2024-08-22,108.7008318097966
2024-08-23,108.7008318097966
2024-08-26,108.7008318097966
2024-08-27,108.7008318097966
2024-08-28,108.7008318097966
2024-08-29,108.64468380524579
2024-08-30,108.41581169837818
2024-09-03,108.74066885046953
2024-09-04,108.73088774974009
2024-09-05,108.6754479244017
2024-09-06,109.20352746270594
2024-09-09,108.99084201026446
2024-09-10,109.05635582774285
2024-09-11,108.94395798236907
2024-09-12,108.88899704455739
2024-09-13,108.97447056555696
2024-09-16,108.65487450972526
2024-09-17,108.52649330593998
2024-09-18,108.90182832403734
2024-09-19,109.00322418886887
2024-09-20,109.3235921760561
2024-09-23,109.30336812786341
2024-09-24,109.52535464073488
2024-09-25,109.53159822837864
2024-09-26,109.08714795208014
2024-09-27,109.47409016910916
2024-09-30,109.03927205507422
2024-10-01,109.03927205507422
2024-10-02,108.985903425007
2024-10-03,109.10436464167947
2024-10-04,109.93812702605055
2024-10-07,109.88780138544867
2024-10-08,109.77022469070215
2024-10-09,109.82555722730183
2024-10-10,109.44366476403657
2024-10-11,109.02317909573624
2024-10-15,109.48240785330398
2024-10-16,109.6046035491895
2024-10-17,109.03568078684948
2024-10-18,108.88112171384083
2024-10-21,108.66583372017008
2024-10-22,108.93825355688153
2024-10-23,109.1451087882255
2024-10-24,109.1451087882255
2024-10-25,109.1451087882255
2024-10-28,109.1451087882255
2024-10-29,109.1451087882255
2024-10-30,109.10079271322124
2024-10-31,108.60069128516923
2024-11-01,109.40309182554226
2024-11-04,109.3629038962104
2024-11-05,108.95116504404821
2024-11-06,109.74489600642228
2024-11-07,109.74489600642228
2024-11-08,109.74489600642228
2024-11-12,109.70836177208373
2024-11-13,110.14090348182582
2024-11-14,109.72241141970977
2024-11-15,109.94358845494432
2024-11-18,109.94358845494432
2024-11-19,109.90791140124475
2024-11-20,109.92981738338791
2024-11-21,110.0754238032876
2024-11-22,110.22059056311949
2024-11-25,110.37013265783764
2024-11-26,110.1572180171156
2024-11-27,110.17796708284271
2024-11-28,110.17886536865062
2024-11-29,110.28228295159934
2024-12-02,110.51710737978047
2024-12-03,110.51710737978047
2024-12-04,110.48055935494739
2024-12-05,110.37501754895342
2024-12-06,110.5826002319058
2024-12-09,110.5826002319058
2024-12-10,110.5826002319058
2024-12-11,110.5826002319058
2024-12-12,110.5826002319058
2024-12-13,110.54568852885977
2024-12-16,110.63105140859142
2024-12-17,110.59410337805014
2024-12-18,110.31802353468365
2024-12-19,110.65410005311587
2024-12-20,110.77876269286173
2024-12-23,110.77876269286173
2024-12-24,110.7421257552862
2024-12-26,110.98607944043974
2024-12-27,110.80644811477028
2024-12-30,110.79821425603397
2024-12-31,110.69462157841589
2025-01-02,110.79761805593009
2025-01-03,110.86689941977899
2025-01-06,110.65512771500117
2025-01-07,110.31185663733231
2025-01-08,110.15097336118377
2025-01-09,110.13814329255615
2025-01-10,110.80987669091212
2025-01-13,110.77348402051892
2025-01-14,110.99366662828596
2025-01-15,110.95674146998738
2025-01-16,110.73414905316102
2025-01-17,111.05979880689507
2025-01-21,111.26808511208574
2025-01-22,111.34249562722742
2025-01-23,111.34249562722742
2025-01-24,111.34249562722742
2025-01-27,111.34249562722742
2025-01-28,111.30516888671266
2025-01-29,111.43349943545324
2025-01-30,111.39614167091277
2025-01-31,111.21004967330957
2025-02-03,111.42048405399659
2025-02-04,111.5116516611302
2025-02-05,111.80284124910105
2025-02-06,111.78647704206877
2025-02-07,111.73841169653436
2025-02-10,111.45155344757343
2025-02-11,111.24475948960398
2025-02-12,111.00999502235254
2025-02-13,111.0875990754977
2025-02-14,111.02853304524976
2025-02-18,111.197804107059
2025-02-19,110.81573324173873
2025-02-20,110.96476452254826
2025-02-21,111.11612785448388
2025-02-24,111.09635836877206
2025-02-25,111.21233338836458
2025-02-26,111.22411829864541
2025-02-27,111.04148601221809
2025-02-28,111.15459851190596
2025-03-03,111.03417543505844
2025-03-04,111.11651780499261
2025-03-05,111.06080787365072
2025-03-06,111.41646343015788
2025-03-07,111.41646343015788
2025-03-10,111.36357841223142
2025-03-11,111.35201810501643
2025-03-12,111.21678372387555
2025-03-13,111.25704332598418
2025-03-14,111.31498404499371
2025-03-17,111.59937747767003
2025-03-18,111.53169957792237
2025-03-19,111.4760392224076
2025-03-20,111.52796160982896
2025-03-21,111.14061084285407
2025-03-24,111.08409476426348
2025-03-25,111.00419101725653
2025-03-26,110.87260494406024
2025-03-27,110.25420463061953
2025-03-28,110.60448491750367
2025-03-31,110.90115218407679
2025-04-01,111.14963577420185
2025-04-02,110.98737985460079
2025-04-03,110.22190995228391
2025-04-04,110.78003415635558
2025-04-07,110.73481602035464
2025-04-08,109.72380707254892
2025-04-09,111.02148149083946
2025-04-10,110.98859419422111
2025-04-11,111.24901086511355
2025-04-14,110.61916978431347
2025-04-15,110.86857406272735
2025-04-16,110.55866485182703
2025-04-17,110.45290772828777
2025-04-21,109.77982584441706
2025-04-22,110.09319850738993
2025-04-23,110.62675304007452
2025-04-24,110.22353665639935
2025-04-25,110.38668660977157
2025-04-28,110.17538459651331
2025-04-29,110.05584287004955
2025-04-30,109.7607435498664
2025-05-01,110.00702008386507
2025-05-02,110.24177988115235
2025-05-05,109.9706227136576
2025-05-06,110.12454054391874
2025-05-07,110.12755270905895
2025-05-08,110.17506805599488
2025-05-09,110.33774346430437
2025-05-12,110.30861654490904
2025-05-13,110.27936101053722
2025-05-14,110.23406340285146
2025-05-15,110.19601700345171
2025-05-16,110.00690465734392
2025-05-19,110.1315941330052
2025-05-20,109.77288177649854
2025-05-21,109.45793815047628
2025-05-22,109.40525850646506
2025-05-23,109.40638752051741
2025-05-27,109.69415395331129
2025-05-28,109.62588418204528
2025-05-29,109.74122610490444
2025-05-30,109.4552372479753
2025-06-02,109.456045757362
2025-06-03,109.48292305968397
2025-06-04,109.48922406207203
2025-06-05,109.83526737748232
2025-06-06,109.83526737748232
2025-06-09,109.83526737748232
2025-06-10,109.80749201163147
2025-06-11,109.95151115951445
2025-06-12,109.92382715588313
2025-06-13,109.96971785075615
2025-06-16,110.16402329632564
2025-06-17,110.13649864109082
2025-06-18,110.11847911137113
2025-06-19,110.11930313885418
2025-06-20,110.23610292238573
2025-06-23,110.36209741850294
2025-06-24,110.3346014375733
2025-06-25,110.4194985666737
2025-06-26,110.5835325734319
2025-06-27,110.5835325734319
2025-06-30,110.55589100098777
2025-07-01,110.42200682853095
2025-07-02,110.47615088922865
2025-07-03,110.59877833368017
2025-07-07,110.57043531764693
2025-07-08,110.50241256840103
2025-07-09,110.58161271666069
2025-07-10,110.65481908993296
2025-07-11,110.61795852415963
2025-07-14,110.57655546830031
2025-07-15,110.61845269692164
2025-07-16,110.32968841834756
2025-07-17,110.27147300478379
2025-07-18,110.16357852601382
2025-07-21,110.33342231180212
2025-07-22,110.19169125470879
2025-07-23,110.28441212903988
2025-07-24,110.60378682744685
2025-07-25,110.60378682744685
2025-07-28,110.55540209956717
2025-07-29,110.89199102921437
2025-07-30,110.84275354484436
2025-07-31,110.98520893374855
2025-08-01,110.93766514250507
2025-08-04,110.66658839882757
2025-08-05,110.21173349891139
2025-08-06,110.71111044619224
2025-08-07,110.64372498752464
2025-08-08,110.55013501636957
2025-08-11,110.5857311461843
2025-08-12,110.83060282459971
2025-08-13,110.90728795765912
2025-08-14,110.97708430591089
2025-08-15,110.97708430591089
2025-08-18,110.93006980514272
2025-08-19,111.00699476110954
2025-08-20,110.95744614677956
2025-08-21,111.18119498178329
2025-08-22,110.80556338805599
2025-08-25,110.74667312262567
2025-08-26,110.15523169815373
2025-08-27,109.80787846691223
2025-08-28,110.42716545881619
2025-08-29,110.07635034013201
2025-09-02,109.89515687039508
2025-09-03,110.3024029748129
2025-09-04,110.43169199446862
2025-09-05,111.03881791686135
2025-09-08,110.68169632050964
2025-09-09,110.78867047314385
2025-09-10,110.31036647821027
2025-09-11,109.6513435848902
2025-09-12,109.80002617979238
2025-09-15,109.8143366762667
2025-09-16,109.93049070914454
2025-09-17,109.77565725307512
2025-09-18,110.0110522623659
2025-09-19,110.18342185195229
2025-09-22,110.15007931664623
2025-09-23,109.93031733211622
2025-09-24,109.76117371030638
2025-09-25,109.54704893934333
2025-09-26,109.54303850185447
2025-09-29,109.46816435644502
2025-09-30,109.51038760758965
2025-10-01,109.78176656055784
2025-10-02,109.55239992858772
2025-10-03,109.41799844161915
2025-10-06,109.7385411403704
2025-10-07,109.7385411403704
2025-10-08,109.6959376644272
2025-10-09,109.61238044354636
2025-10-10,109.57157777402355
2025-10-14,110.0723395068065
2025-10-15,110.0723395068065
2025-10-16,110.0723395068065
2025-10-17,110.02985166072637
2025-10-20,109.9215654812121
2025-10-21,109.81050707803632
2025-10-22,109.80873734488416
2025-10-23,109.71993268512112
2025-10-24,109.83074929340775
2025-10-27,109.63214526231685
2025-10-28,109.4924624707222
2025-10-29,109.64488420491693
2025-10-30,109.60200331023348
2025-10-31,109.443830141778
2025-11-03,109.54059503090411
2025-11-04,109.59521310402802
2025-11-05,109.54736076019269
2025-11-06,109.41782942252436
2025-11-07,109.25542390437101
2025-11-10,109.49036153820603
2025-11-11,109.66511512840363
2025-11-12,110.05991054375347
2025-11-13,109.98479465333715
2025-11-14,109.81640911659525
2025-11-17,109.9686888161532
2025-11-18,109.62648097285519
2025-11-19,109.67777769201047
2025-11-20,109.46427469422548
2025-11-21,109.38601667829026
2025-11-24,109.46729035362695
2025-11-25,109.50123867117524
2025-11-26,109.60835090579258
2025-11-27,109.63090158063437
2025-11-28,109.66569896666549
2025-12-01,109.63076182103993
2025-12-02,109.51561026960464
2025-12-03,109.44540179414099
2025-12-04,109.6178492796579
2025-12-05,109.65081569895155
2025-12-08,109.88205415334795
2025-12-09,109.8258753891765
2025-12-10,109.99650290778887
2025-12-11,109.99815271830688
2025-12-12,110.22295942544295
2025-12-15,110.5350435436
2025-12-16,110.61829413112821
2025-12-17,110.61829413112821
2025-12-18,110.61829413112821
2025-12-19,110.55625385022736
2025-12-22,110.49178071203673
2025-12-23,110.43098222751615
2025-12-24,110.37111901857376
2025-12-26,110.71966598645437
2025-12-29,110.86358611126856
2025-12-30,110.86358611126856
2025-12-31,110.86358611126856
