,Chile
2016-11-28,100.33416544577224
2016-11-29,100.3098045854919
2016-11-30,100.14051126785365
2016-12-02,100.20659650484711
2016-12-06,100.49701627244964
2016-12-07,100.46062812327547
2016-12-09,100.73899492424007
2016-12-12,100.99414066654273
2016-12-13,100.90128308180921
2016-12-14,100.89182834517241
2016-12-15,101.09151904952964
2016-12-19,100.8949579491586
2016-12-20,100.82313842404858
2016-12-21,100.72556730483934
2016-12-22,100.83574263480983
2016-12-23,100.8889326036974
2016-12-27,100.84574919326343
2016-12-28,100.97895538167947
2016-12-29,100.90895931250871
2016-12-30,101.00738598083463
2017-01-23,101.29534956906483
2017-01-24,101.23786608801113
2017-01-25,101.30604942033361
2017-01-26,101.09963372246946
2017-01-27,100.88599634390675
2017-01-31,101.03125528922368
2017-02-01,101.04323496906062
2017-02-02,101.08314942589391
2017-02-03,101.12349591806145
2017-02-06,101.01280428621213
2017-02-07,100.93605934020829
2017-02-08,100.76781346228212
2017-02-09,100.69539112706525
2017-02-10,100.67840271976465
2017-02-13,100.93089335062876
2017-02-14,100.88955485737962
2017-02-15,101.06780942956266
2017-02-16,100.97720527830948
2017-02-17,101.10984716403931
2017-02-21,101.07339864403313
2017-02-22,101.17944168347172
2017-02-23,101.1345355679826
2017-02-24,101.07155449931548
2017-02-28,101.0077311776771
2017-03-01,100.98826249587893
2017-03-02,100.92507671240926
2017-03-03,101.08955285463436
2017-03-07,101.16167428423807
2017-03-08,101.2479974636294
2017-03-09,101.40312000107461
2017-03-10,101.3431277079021
2017-03-13,101.31387227857695
2017-03-14,101.35576791237229
2017-03-15,101.15171746410614
2017-03-20,101.50586042934806
2017-03-21,101.45995506242993
2017-03-22,101.66736301427741
2017-03-23,101.59863783586734
2017-03-24,101.51998151222945
2017-03-28,101.58091328132859
2017-03-29,101.66731600898386
2017-03-30,101.71118058991007
2017-03-31,101.96025250922747
2017-04-10,101.49312306330059
2017-04-11,101.16625095869647
2017-04-12,101.37996100272943
2017-04-13,101.27072601287894
2017-04-18,101.37699829309909
2017-04-20,101.48238244228993
2017-04-21,101.38309792584627
2017-04-24,101.6051180521377
2017-04-25,101.5481592147166
2017-04-26,101.32390010675105
2017-04-27,101.74404750076226
2017-04-28,101.66567136148043
2017-05-04,101.67088453796767
2017-05-05,101.54043320313464
2017-05-08,101.3019278246573
2017-05-09,101.6121110030265
2017-05-10,101.53997555493561
2017-05-11,101.75958009941151
2017-05-12,101.66056087426692
2017-05-15,101.56701935208075
2017-05-16,101.48658441941627
2017-05-17,101.4979757011998
2017-05-18,101.50261279368749
2017-05-19,101.49101569410604
2017-05-23,101.49841314133221
2017-05-24,101.51057182417003
2017-05-25,101.58252354304923
2017-05-30,101.8844937900061
2017-05-31,101.83472940207427
2017-06-01,101.45311357011306
2017-06-02,101.77138376156974
2017-06-05,101.65613177937229
2017-06-06,101.3548951441374
2017-06-07,101.28937704373662
2017-06-08,101.03282884146698
2017-06-12,101.19950927134005
2017-06-13,101.31027639422399
2017-06-14,101.25608198176421
2017-06-15,101.26929425346714
2017-06-16,101.41990387745439
2017-06-27,101.33136043394444
2017-06-28,101.23211778829717
2017-06-29,101.23249494326065
2017-06-30,101.28905733804972
2017-07-03,101.42480443363344
2017-07-04,101.41466283910829
2017-07-05,101.75251090557069
2017-07-06,101.70993523222714
2017-07-07,102.0005081400068
2017-07-10,101.96864776114745
2017-07-12,102.04339822473771
2017-07-13,102.04595250517137
2017-07-14,101.65793933679632
2017-07-17,101.49556071439991
2017-07-18,101.78300807201623
2017-07-20,101.94192689021351
2017-07-21,102.13332263194168
2017-07-25,102.29714844512688
2017-07-26,102.01968376223893
2017-07-27,102.27801542519812
2017-07-28,102.1348662614631
2017-07-31,102.07780477553729
2017-08-01,101.85115883688103
2017-08-07,102.41778961670371
2017-08-08,102.48922183793658
2017-08-09,102.2613123082895
2017-08-10,102.36784015054707
2017-08-11,102.44542273496818
2017-08-14,102.52260870496708
2017-08-16,102.17108149506247
2017-08-17,101.96303589322369
2017-08-18,102.09308523584144
2017-08-21,101.88347173641847
2017-08-22,101.92857049842539
2017-08-23,102.0082904857391
2017-08-24,101.93135701369623
2017-08-25,101.63468011542194
2017-08-28,102.07717086033861
2017-08-29,101.99399192731391
2017-08-30,101.99939431749357
2017-08-31,102.02365880730673
2017-09-01,102.12654191739195
2017-09-04,101.91102128047984
2017-09-05,101.96515786520999
2017-09-06,101.55820442122383
2017-09-07,101.51029233297022
2017-09-11,101.48369472333974
2017-09-12,101.7013138372455
2017-09-15,102.11725142504584
2017-09-20,102.17066413371356
2017-09-21,102.2426349744072
2017-09-22,102.21697647717075
2017-09-25,102.13881573825994
2017-09-26,101.98343948080202
2017-09-27,102.26435575931075
2017-09-28,102.1509176202795
2017-09-29,102.21811134965371
2017-10-02,102.13592551957358
2017-10-03,102.12317142687239
2017-10-04,102.04562314549428
2017-10-05,102.17169132834579
2017-10-06,102.37894292314138
2017-10-10,102.27483075920529
2017-10-11,102.14236442583433
2017-10-12,102.06985241627268
2017-10-13,102.02649050834131
2017-10-16,101.99097182033941
2017-10-17,102.10381272677141
2017-10-18,101.8730658146078
2017-10-19,101.98638126231248
2017-10-20,101.96303418994508
2017-11-07,101.80308463333942
2017-11-08,101.81501623399183
2017-11-09,101.57002163240854
2017-11-29,101.82711259713541
2017-12-13,101.62087038537271
2017-12-14,101.70796998168188
2017-12-15,101.69148117129669
2017-12-19,101.65648234091664
2017-12-20,101.76049322795949
2017-12-21,101.87456798268404
2017-12-27,101.96596597089791
2017-12-28,102.0838737607767
2017-12-29,102.14534609972172
2018-01-02,101.67111902496796
2018-01-03,101.83143772900445
2018-01-04,101.64996769733499
2018-01-08,101.65062286019942
2018-01-12,101.73095103297567
2018-01-17,101.8810054008298
2018-01-18,101.81780613785077
2018-01-19,101.84642568884843
2018-01-22,101.84356980031784
2018-01-23,102.13817491871038
2018-01-24,102.31154158522078
2018-01-25,102.43278345583897
2018-01-26,102.13012928387069
2018-01-29,102.25610936794646
2018-01-30,102.3801222296707
2018-01-31,102.2754709440946
2018-02-01,102.3933422975644
2018-02-02,102.23301472302029
2018-02-05,102.37028507113268
2018-02-06,102.28328332755761
2018-02-07,102.3050565966888
2018-02-08,102.26601145712675
2018-02-19,102.23667887700023
2018-02-20,102.20698886316136
2018-02-21,102.13862558452891
2018-02-22,102.60447653007785
2018-02-23,102.69068886194583
2018-02-26,102.68445786557945
2018-02-27,102.87675882275873
2018-02-28,102.76196773075354
2018-03-01,102.9247862520029
2018-03-02,102.92001463695928
2018-03-05,103.01024225900723
2018-03-06,102.76392269206853
2018-03-07,102.76291822724784
2018-03-08,102.71006236362751
2018-03-09,102.7010387639773
2018-03-12,102.60194425856355
2018-03-13,102.35884184917062
2018-03-14,102.11082145981474
2018-03-15,102.09279613756736
2018-03-16,102.2618595395183
2018-03-20,102.52698888035611
2018-03-28,102.16181471801728
2018-03-29,102.48569651133752
2018-04-02,102.49095403600772
2018-04-03,102.5026421313729
2018-04-04,102.56996611855966
2018-04-05,102.55573885063549
2018-04-06,102.55051206448378
2018-04-09,102.41422876040774
2018-04-10,102.58822631478553
2018-04-11,102.6485548515353
2018-04-12,102.55973634186775
2018-04-13,102.52578205730818
2018-04-16,102.30661264746111
2018-04-17,102.78541796092051
2018-04-18,102.15542315446255
2018-04-19,102.19054246015904
2018-04-20,102.23693944165393
2018-04-27,102.60573716631104
2018-05-07,102.62683689382288
2018-05-08,102.59246172826084
2018-05-09,102.40839119689717
2018-05-10,102.21245415184184
2018-05-11,102.4381251856937
2018-05-14,102.462851496626
2018-05-15,102.31159214516322
2018-05-17,101.75802975810674
2018-05-18,101.48037445522525
2018-05-22,101.51017499629576
2018-05-23,101.4862218298041
2018-05-24,101.41575991601755
2018-05-25,101.23867110890129
2018-05-28,101.29011953032861
2018-05-29,101.09604566173935
2018-05-30,101.13386334762534
2018-06-05,101.42697773522463
2018-06-06,101.49508545418607
2018-06-07,101.12431317044201
2018-06-08,101.34180323691304
2018-06-11,101.23293553862527
2018-06-12,101.51537370775547
2018-06-13,101.34099451665395
2018-06-14,101.5907627622789
2018-06-15,101.5778207038748
2018-06-18,101.48274483753514
2018-06-19,101.3504923004944
2018-06-20,101.37542728493511
2018-06-21,101.41099160018089
2018-06-22,101.16345462496778
2018-06-25,101.18647391945221
2018-06-26,101.50448381525949
2018-06-27,101.50567615231205
2018-06-28,101.37107098760217
2018-06-29,101.40457737507111
2018-07-03,101.49156015877567
2018-07-04,101.35742654052369
2018-07-05,101.48115628247388
2018-07-06,101.54511053200079
2018-07-09,101.31146377003265
2018-07-10,101.54231864028071
2018-07-11,101.57356973998021
2018-07-12,101.26342588731151
2018-07-13,101.51977534304277
2018-07-17,101.44549902129663
2018-07-18,101.33245368833612
2018-07-19,101.23608863283434
2018-07-20,101.25375440639091
2018-07-23,101.09104057294618
2018-07-24,100.98923044600978
2018-07-25,101.22671715613023
2018-07-26,101.03569086570646
2018-07-27,101.04480266810837
2018-07-30,101.01376195628495
2018-07-31,100.90463815943333
2018-08-01,100.9564911880894
2018-08-02,101.09499854115369
2018-08-03,101.25807576251968
2018-08-06,101.23900171562585
2018-08-07,101.26384264871606
2018-08-08,101.14590256099356
2018-08-09,100.95143135076687
2018-08-10,101.16377242016317
2018-08-13,101.14408741030137
2018-08-14,101.00686078036578
2018-08-16,100.79776683904464
2018-08-17,100.55272792497745
2018-08-20,101.13124652488075
2018-08-21,101.29358544760187
2018-08-22,101.33461354486624
2018-08-23,101.29261151976525
2018-08-24,101.59544297090038
2018-08-27,101.55990769975072
2018-08-28,101.73088553176439
2018-08-29,101.59128051366638
2018-08-30,101.89033857060915
2018-08-31,101.89004466372349
2018-09-03,101.82918007871697
2018-09-04,101.93785552991581
2018-09-05,101.28891909361573
2018-09-06,100.94252739468143
2018-09-07,100.99164412087124
2018-09-10,100.92023751065508
2018-09-11,101.25974239411019
2018-09-12,101.0215412150623
2018-09-13,100.67661424246874
2018-09-14,100.53482456166
2018-09-20,100.69854566220444
2018-09-21,100.77702538823637
2018-09-24,100.68867679584255
2018-09-25,100.68293415088934
2018-09-26,100.49359779728255
2018-09-27,100.59221827703475
2018-09-28,100.74622364092522
2018-10-01,100.72123112727598
2018-10-02,100.8188262190943
2018-10-03,100.95381648035246
2018-10-04,100.75395547206779
2018-10-05,100.56260203280189
2018-10-08,100.7799237489432
2018-10-09,100.72026306245017
2018-10-10,100.4282165588962
2018-10-11,100.60796631799154
2018-10-12,100.58506420892941
2018-10-17,100.71392226056552
2018-10-18,100.76304309156328
2018-10-19,100.67728422173884
2018-10-22,100.71508281197315
2018-10-23,100.68272072242146
2018-10-24,100.45911560393081
2018-10-29,100.37034092845836
2018-10-30,100.59598866632915
2018-10-31,100.56946558758754
2018-11-05,100.48440416845136
2018-11-06,100.6768276937298
2018-11-07,100.61028344923983
2018-11-08,100.50400207985784
2018-11-09,100.56036983487886
2018-11-12,100.59878115343395
2018-11-13,100.65502352862248
2018-11-14,100.66384479976809
2018-11-15,100.51054643292592
2018-11-16,100.76788521374489
2018-11-19,100.44966226754559
2018-11-20,100.59330047021386
2018-11-21,100.69576007030471
2018-11-22,100.9347965099461
2018-11-23,100.85593252070646
2018-11-26,100.81331411527002
2018-11-27,100.76540013518871
2018-11-28,100.88976540634572
2018-11-29,100.86921180445843
2018-11-30,100.904475725477
2018-12-03,101.04782501227858
2018-12-04,101.06957982146324
2018-12-05,100.96215493528611
2018-12-06,100.74692060682425
2018-12-07,100.95639314962793
2018-12-10,101.19549431521034
2018-12-11,101.00490529845972
2018-12-12,101.06292013451166
2018-12-13,100.66773636278295
2018-12-14,101.0025608341193
2018-12-17,100.7294478575206
2018-12-18,100.7861057230136
2018-12-19,100.8511781154666
2018-12-20,100.78113466863567
2018-12-21,100.86867631812207
2018-12-24,100.86494930306833
2018-12-26,100.92296362530442
2018-12-27,101.0582257363046
2018-12-28,101.16279448386139
2019-01-02,100.83630712518288
2019-01-03,100.97639135958045
2019-01-04,100.57169450168556
2019-01-07,100.82054850301365
2019-01-08,101.02919097339208
2019-01-09,101.13641878747204
2019-01-10,101.17725407019762
2019-01-11,101.16120782722969
2019-01-14,101.01115833516954
2019-01-15,100.93728197990568
2019-01-16,100.9015058306313
2019-01-17,100.84004481725877
2019-01-18,100.87191490261125
2019-01-21,100.99257811313613
2019-01-22,100.90374180201123
2019-01-23,100.74209496497082
2019-01-24,100.82454741193037
2019-01-25,100.6719329240384
2019-01-28,100.65207619814984
2019-01-29,100.66912334651296
2019-01-30,100.72881649311482
2019-01-31,100.68729681451654
2019-02-01,100.71033745860709
2019-02-04,100.69195895877927
2019-02-05,100.61956571972053
2019-02-06,100.385858384096
2019-02-07,100.65598381178806
2019-02-08,100.87019716325156
2019-02-11,100.57308893890784
2019-02-12,100.19716700207513
2019-02-13,100.4712742729877
2019-02-14,100.36160726889057
2019-02-15,100.32487154475096
2019-02-18,100.44019922991352
2019-02-19,100.70237908856467
2019-02-20,100.87840332386378
2019-02-21,100.87419666602635
2019-02-22,100.71828420223979
2019-02-25,100.6391554689356
2019-02-26,100.61264492658992
2019-02-27,100.79231955922035
2019-02-28,100.81756000066302
2019-03-01,100.93428622752647
2019-03-04,100.85526282915424
2019-03-05,100.65300870971198
2019-03-06,100.8620098693008
2019-03-07,100.72418292926561
2019-03-08,101.0238804183321
2019-03-11,100.95645198416281
2019-03-12,101.05120437983457
2019-03-13,101.27800347862872
2019-03-14,101.2515145380702
2019-03-15,101.11142853558749
2019-03-18,101.13724383747878
2019-03-19,101.10521135379031
2019-03-20,101.10121386878164
2019-03-21,101.19503673364707
2019-03-22,101.13969168363649
2019-03-25,101.25100785357341
2019-03-26,100.98545046232724
2019-03-27,101.02885098461954
2019-03-28,100.99063543706282
2019-03-29,100.99737840646277
2019-04-01,100.94602713015759
2019-04-02,101.0592813942212
2019-04-03,100.9170367076164
2019-04-04,100.72257221544393
2019-04-05,100.71985156208481
2019-04-08,100.84560429268848
2019-04-09,100.87485140748136
2019-04-10,100.71211614478102
2019-04-11,100.98448391998569
2019-04-12,101.0485651959056
2019-04-15,100.68607285735523
2019-04-16,100.61053002551365
2019-04-17,100.79118298009837
2019-04-18,100.91266417489936
2019-04-22,100.89073141080425
2019-04-23,100.84732549364696
2019-04-24,100.8180576401519
2019-04-25,100.78451638902548
2019-04-26,100.94238767329293
2019-04-29,101.03917845803412
2019-04-30,100.7936932922805
2019-05-02,100.87903257094474
2019-05-03,100.87835839161276
2019-05-06,100.85786469335902
2019-05-07,100.97350674176148
2019-05-08,100.91203384962995
2019-05-09,100.70679120852053
2019-05-10,100.75898976215343
2019-05-13,100.97180469082447
2019-05-14,100.9779275840683
2019-05-15,100.90574882645573
2019-05-16,100.89993176580745
2019-05-17,100.82791673101312
2019-05-20,100.7608852972419
2019-05-21,100.75123117048727
2019-05-22,100.48039804766786
2019-05-23,100.91721715194883
2019-05-24,100.6511539661607
2019-05-27,100.90454719231778
2019-05-28,101.76667451498696
2019-05-29,101.57225142059652
2019-05-30,101.53202453247332
2019-05-31,101.1093371889265
2019-06-03,101.33934459875987
2019-06-04,101.36875337185971
2019-06-05,101.68701574891703
2019-06-06,101.46292921630034
2019-06-07,101.4987411045841
2019-06-10,101.07239136785087
2019-06-11,101.05899469326883
2019-06-12,101.03450631462185
2019-06-13,100.9442337503709
2019-06-14,100.77064772800387
2019-06-17,100.62013733374681
2019-06-18,100.7050448376327
2019-06-19,100.67471835949856
2019-06-20,100.66311464154838
2019-06-21,100.79894917030722
2019-06-24,100.99062714237851
2019-06-25,100.9523976294735
2019-06-26,100.93660256155353
2019-06-27,101.29593488962207
2019-06-28,101.22853720810883
2019-07-01,101.4217741047581
2019-07-02,101.39805984835985
2019-07-03,101.39649009028761
2019-07-04,101.3957691665681
2019-07-05,101.64051077105975
2019-07-08,101.36694601703115
2019-07-09,101.36301758474917
2019-07-10,101.3499601180929
2019-07-11,101.56307764129228
2019-07-12,101.33935513861363
2019-07-15,101.39192195938568
2019-07-17,101.4350664734883
2019-07-18,101.53991505445661
2019-07-19,101.4798709311896
2019-07-22,101.46189708598902
2019-07-23,101.64807600591284
2019-07-24,101.50807185400954
2019-07-25,101.54067120883556
2019-07-26,101.78351840286936
2019-07-29,101.55779255364533
2019-07-30,101.75227449321326
2019-07-31,101.9996751068441
2019-08-01,102.04752300591898
2019-08-02,101.97236512831269
2019-08-05,101.97968840245477
2019-08-06,102.16564793028627
2019-08-07,101.97013435758173
2019-08-08,102.01688087241696
2019-08-09,101.98269681735074
2019-08-12,102.20765564373082
2019-08-13,102.1068202912116
2019-08-14,102.45250977402327
2019-08-16,102.55210720599553
2019-08-19,102.50150694368239
2019-08-20,102.58661856199178
2019-08-21,102.60450682417567
2019-08-22,102.70908197209133
2019-08-23,102.49805915208792
2019-08-26,102.59758401655273
2019-08-27,102.37110047055351
2019-08-28,102.33590504485399
2019-08-29,102.55691311969348
2019-08-30,102.33060444311035
2019-09-02,102.35961196880854
2019-09-03,102.33199411479394
2019-09-04,102.30722538999579
2019-09-05,102.09629924454089
2019-09-06,102.23573702788724
2019-09-09,102.45225835648006
2019-09-10,102.2923029032142
2019-09-11,102.48092968062733
2019-09-12,102.4084908101689
2019-09-13,102.32667402129339
2019-09-16,102.48492850148871
2019-09-17,102.52930246514038
2019-09-23,102.76492213635433
2019-09-24,102.59480886714714
2019-09-25,102.75453299883756
2019-09-26,102.50534987027254
2019-09-27,102.4332683373141
2019-09-30,102.31268587673934
2019-10-01,102.25787365913884
2019-10-02,102.20355742707396
2019-10-03,102.18602010001159
2019-10-04,102.10263581615928
2019-10-07,102.00988452199218
2019-10-08,101.89238928829833
2019-10-09,101.97179889177876
2019-10-10,101.73445198619171
2019-10-11,101.60322049188753
2019-10-14,101.73402079947525
2019-10-15,101.79747459962158
2019-10-16,101.76476712116396
2019-10-17,101.5163175312576
2019-10-18,101.38252272854538
2019-10-21,101.1737021702875
2019-10-22,100.78443789487321
2019-10-23,101.37800947354908
2019-10-24,100.95485545176399
2019-10-25,100.90730879381024
2019-10-28,100.36576874105869
2019-10-29,100.4338071834633
2019-10-30,100.55046764596031
2019-11-04,100.77837017058692
2019-11-05,100.73389056074538
2019-11-06,100.48036427620204
2019-11-07,100.20844721990758
2019-11-08,100.25898686114812
2019-11-11,100.10182736239209
2019-11-12,99.85612800554054
2019-11-13,99.80453258962048
2019-11-14,99.85892750947124
2019-11-15,100.3144806573363
2019-11-18,100.2146278032776
2019-11-19,99.7830076385084
2019-11-20,99.84466421508074
2019-11-21,100.16650271502803
2019-11-22,100.1800167191863
2019-11-25,100.50343002231905
2019-11-26,100.59530381940445
2019-11-27,100.32899640768511
2019-11-28,100.33522617083841
2019-11-29,100.11005029666298
2019-12-02,100.56474098239082
2019-12-03,100.83962905118891
2019-12-04,100.8978156060979
2019-12-05,100.981167726398
2019-12-06,100.8024498575528
2019-12-09,100.93320372858214
2019-12-10,100.77822325854642
2019-12-11,100.62410980611732
2019-12-12,100.73547458549181
2019-12-13,100.73349227721027
2019-12-16,100.53632377812151
2019-12-17,100.78187705714019
2019-12-18,100.93109443534615
2019-12-19,100.995406649247
2019-12-20,100.98221569506671
2019-12-23,101.10960298782632
2019-12-24,101.18683993143327
2019-12-26,101.22851493560428
2019-12-27,101.2925552903537
2019-12-30,101.30390680234885
2020-01-02,101.36713496587959
2020-01-03,101.21259634391812
2020-01-06,101.34713595798873
2020-01-07,101.08235646516472
2020-01-08,101.05142333104868
2020-01-09,101.03667504517493
2020-01-10,100.98270411953325
2020-01-13,101.02010592823834
2020-01-14,100.87248223919238
2020-01-15,101.25394225055584
2020-01-16,101.27377553623262
2020-01-17,101.3179642201125
2020-01-20,101.23504888243711
2020-01-21,101.33562453259408
2020-01-22,101.32350260213008
2020-01-23,101.1771146274951
2020-01-24,101.33896014156957
2020-01-27,101.32195808275159
2020-01-28,101.27560835203965
2020-01-29,101.29107542239844
2020-01-30,100.9865068101397
2020-01-31,100.96933863369748
2020-02-03,100.92674886528768
2020-02-04,100.73673482848307
2020-02-05,100.52959456291855
2020-02-06,100.48987998947025
2020-02-07,100.59122898559019
2020-02-10,100.5603493842552
2020-02-11,100.76849254660057
2020-02-12,100.55146172309539
2020-02-13,100.51672976814143
2020-02-14,100.49900152439577
2020-02-17,100.80859319975379
2020-02-18,100.60969445744146
2020-02-19,100.41815445741773
2020-02-20,100.32872775256523
2020-02-21,100.9617524445481
2020-02-24,100.602889566194
2020-02-25,100.54385243535752
2020-02-26,100.74563828389525
2020-02-27,100.83936573959198
2020-02-28,100.7639698488549
2020-03-02,100.35032517078879
2020-03-03,100.34133044995986
2020-03-04,100.7326021292436
2020-03-05,100.7712027049716
2020-03-06,100.59774972295317
2020-03-09,100.42031765361527
2020-03-10,100.33790053085694
2020-03-11,100.3679456183583
2020-03-12,100.8643700972345
2020-03-13,101.79453525680024
2020-03-16,102.18476898131277
2020-03-17,102.19034988775057
2020-03-18,101.67341936781942
2020-03-19,101.58625458268484
2020-03-20,102.36745776769718
2020-03-23,101.99679244341296
2020-03-24,101.87176205938025
2020-03-25,101.88304240024809
2020-03-26,102.12251147666025
2020-03-27,102.01238464753474
2020-03-30,102.11994016130174
2020-03-31,102.24075163819111
2020-04-01,102.44218173862514
2020-04-02,102.5126179053474
2020-04-03,102.56612611393629
2020-04-06,102.49937055308098
2020-04-07,102.66591811909491
2020-04-08,102.96736668823524
2020-04-09,103.11408086998807
2020-04-13,103.1313977649284
2020-04-14,103.29550726774153
2020-04-15,103.40023091414781
2020-04-16,103.33397407648313
2020-04-17,103.36201996710099
2020-04-20,103.3493599666376
2020-04-21,103.51535392917054
2020-04-22,103.4424871661126
2020-04-23,103.29575032172514
2020-04-24,103.25522921542205
2020-04-27,103.22843873896794
2020-04-28,103.34559086715018
2020-04-29,103.27528998098998
2020-04-30,103.53905345787537
2020-05-04,103.88917679297353
2020-05-05,103.7463520064526
2020-05-06,103.80531712756719
2020-05-07,103.73119269836906
2020-05-08,103.8549465923465
2020-05-11,103.99336248437199
2020-05-12,103.84351363794771
2020-05-13,103.92742104686221
2020-05-14,104.0249448644035
2020-05-15,103.91414929856275
2020-05-18,103.93829759932616
2020-05-19,103.91158180442972
2020-05-20,103.77830437970988
2020-05-22,103.67486143311058
2020-05-25,103.71025399620875
2020-05-26,103.64883979895623
2020-05-27,103.56437431959331
2020-05-28,103.66543897460092
2020-05-29,103.64070749461025
2020-06-01,103.55967236416379
2020-06-02,103.3771546677085
2020-06-03,103.4748488601138
2020-06-04,103.43366335219908
2020-06-05,103.50322551848976
2020-06-08,103.37327180516291
2020-06-09,103.3412653373922
2020-06-10,103.45631047289419
2020-06-11,103.43210085231375
2020-06-12,103.46991375618086
2020-06-15,103.45562620771804
2020-06-16,103.35305517130391
2020-06-17,103.42502905825268
2020-06-18,103.58556882522458
2020-06-19,103.7105946209598
2020-06-22,103.48254051376979
2020-06-23,103.30298011044907
2020-06-24,103.37529896272764
2020-06-25,103.62606169205444
2020-06-26,103.4229550736376
2020-06-30,103.27776768433748
2020-07-01,103.41395104968103
2020-07-02,103.4072525020121
2020-07-03,103.46463137290857
2020-07-06,103.47570809196462
2020-07-07,103.46584969769961
2020-07-08,103.51212867106679
2020-07-09,103.05463412400914
2020-07-10,103.14371581584734
2020-07-13,103.22978850420606
2020-07-14,102.97643055658905
2020-07-15,102.9683060568446
2020-07-17,102.85061970825421
2020-07-20,102.589337976843
2020-07-21,102.60234697559028
2020-07-22,102.61421045714808
2020-07-23,102.52571477288903
2020-07-24,102.3022803102092
2020-07-27,102.35579179855914
2020-07-28,102.37815794211062
2020-07-29,102.56642587047884
2020-07-30,102.57491551498073
2020-07-31,102.1631746504319
2020-08-03,102.10745678236282
2020-08-04,102.09757761629838
2020-08-05,102.02323478965008
2020-08-06,102.26375027652175
2020-08-07,102.50568680996639
2020-08-10,102.36413933937484
2020-08-11,102.16628162368818
2020-08-12,102.0567451700965
2020-08-13,102.18434827738136
2020-08-14,102.35796920401529
2020-08-17,102.21032179659568
2020-08-18,102.21816489234286
2020-08-19,102.06967925235107
2020-08-20,102.04367692160426
2020-08-21,101.88130540513339
2020-08-24,102.0959746361554
2020-08-25,101.9481972274024
2020-08-26,101.6906285556538
2020-08-27,101.40781749034613
2020-08-28,101.54906774441312
2020-08-31,101.36893980766123
2020-09-01,101.26738083365726
2020-09-02,101.43831023223653
2020-09-03,101.4217046145025
2020-09-04,101.22874313523977
2020-09-07,101.22672690664866
2020-09-08,101.24085026415368
2020-09-09,101.38723887454108
2020-09-10,101.09940304148657
2020-09-11,101.19144581217365
2020-09-14,101.22791961946103
2020-09-15,101.63864457165441
2020-09-16,101.50377894907392
2020-09-17,101.55919162954541
2020-09-21,101.76823189838802
2020-09-22,101.6427382578103
2020-09-23,101.57920761903046
2020-09-24,101.26388701849515
2020-09-25,100.89013462245862
2020-09-28,101.02996264483917
2020-09-29,101.32217482740155
2020-09-30,101.6594330932993
2020-10-01,101.76048752945374
2020-10-02,101.83800855399797
2020-10-05,101.63810746845678
2020-10-06,101.41509267079476
2020-10-07,101.32160707506375
2020-10-08,101.32817738583803
2020-10-09,101.365334401716
2020-10-13,101.44354683166559
2020-10-14,101.54037198444068
2020-10-15,101.69325093160182
2020-10-16,101.3301778330667
2020-10-19,101.0934159011613
2020-10-20,101.41786320304
2020-10-21,101.27000181509771
2020-10-22,101.22503707191157
2020-10-23,101.1865793917862
2020-10-26,101.01416244887615
2020-10-27,101.08393434601848
2020-10-28,101.43553810239172
2020-10-29,101.62311853316388
2020-10-30,101.72471457743148
2020-11-02,101.48126613530712
2020-11-03,101.44485593506968
2020-11-04,100.97004365139446
2020-11-05,101.01887213551694
2020-11-06,100.9119169268886
2020-11-09,100.70269729999815
2020-11-10,100.56313675470835
2020-11-11,100.48706173312922
2020-11-12,100.29797178567385
2020-11-13,100.74327438778086
2020-11-16,100.44882869270882
2020-11-17,100.59933343444611
2020-11-18,100.87307298962467
2020-11-19,101.0743962853874
2020-11-20,101.31473514176659
2020-11-23,101.35829345391029
2020-11-24,101.13603839706423
2020-11-25,100.9267944107301
2020-11-26,101.1624430862206
2020-11-27,101.21793067268317
2020-11-30,101.05293813781103
2020-12-01,100.79490355563416
2020-12-02,100.46566765943447
2020-12-03,100.62056831672488
2020-12-04,100.48846794622798
2020-12-07,100.47087917674544
2020-12-09,100.43885672140698
2020-12-10,100.80061365024049
2020-12-11,101.07301234520062
2020-12-14,101.13368232600646
2020-12-15,101.20653205979195
2020-12-16,101.17934820764948
2020-12-17,101.04118867066909
2020-12-18,101.15307949322201
2020-12-21,100.97422824921145
2020-12-22,101.15547527697066
2020-12-23,100.96689282563362
2020-12-24,101.12526062100522
2020-12-28,101.30457190948283
2020-12-29,101.47086519633206
2020-12-30,101.34267229746447
2021-01-04,101.38885018429579
2021-01-05,101.31900607895933
2021-01-06,101.15302482455539
2021-01-07,101.10654685732668
2021-01-08,101.27012906609988
2021-01-11,101.35863408104338
2021-01-12,101.57990034414941
2021-01-13,101.52739607930776
2021-01-14,101.48843496755946
2021-01-15,101.43502211324822
2021-01-18,101.36513480327561
2021-01-19,101.7739583564351
2021-01-20,101.24739757934056
2021-01-21,101.24916671652642
2021-01-22,101.34968672709313
2021-01-25,101.22372419593675
2021-01-26,101.30380037481505
2021-01-27,101.13666169683017
2021-01-28,101.31874170206015
2021-01-29,101.24075011322186
2021-02-01,101.28262670339258
2021-02-02,101.08956905343697
2021-02-03,100.93617578666483
2021-02-04,100.73169049346093
2021-02-05,100.7325453136693
2021-02-08,100.83872881982
2021-02-09,100.97796748251855
2021-02-10,101.0628688141849
2021-02-11,100.9380249002495
2021-02-12,100.63175398450181
2021-02-15,100.78450309783453
2021-02-16,100.43775264946211
2021-02-17,100.44639347353113
2021-02-18,100.61062393456356
2021-02-19,100.66602822604686
2021-02-22,100.21605663895659
2021-02-23,99.75622130555874
2021-02-24,99.19490606244864
2021-02-25,99.05694434689137
2021-02-26,99.07485170644925
2021-03-01,99.41954064358124
2021-03-02,99.41572175267771
2021-03-03,99.53006346245503
2021-03-04,99.37208327772711
2021-03-05,99.25023954951033
2021-03-08,99.39978178226676
2021-03-09,98.89567849156442
2021-03-10,98.58306617376577
2021-03-11,98.80529307970785
2021-03-12,98.72220372339432
2021-03-15,99.0825671421376
2021-03-16,99.0074186890163
2021-03-17,98.79093828832141
2021-03-18,98.7224857506232
2021-03-19,98.74888649485399
2021-03-22,99.04075565069539
2021-03-23,99.14905110635951
2021-03-24,99.00641320317845
2021-03-25,98.89574995946923
2021-03-26,99.15837920201666
2021-03-29,99.0897364073119
2021-03-30,99.29605039776138
2021-03-31,99.92014284990896
2021-04-01,100.321714169969
2021-04-05,100.25791739105854
2021-04-06,100.69176356757983
2021-04-07,100.69216150051423
2021-04-08,100.79644663602927
2021-04-09,101.1261277322284
2021-04-12,101.26264293749271
2021-04-13,101.25774143408113
2021-04-14,101.1899761544362
2021-04-15,100.92360399390068
2021-04-16,101.15051630455811
2021-04-19,101.44836844802055
2021-04-20,101.36404412177697
2021-04-21,101.25285705355233
2021-04-22,101.29417853120903
2021-04-23,101.3591516249658
2021-04-26,101.2150440134314
2021-04-27,101.20839303827553
2021-04-28,101.23039742586204
2021-04-29,101.0736446167748
2021-04-30,101.02379214515827
2021-05-03,101.00133566121816
2021-05-04,101.09135381318168
2021-05-05,100.94877815676031
2021-05-06,101.13567885273595
2021-05-07,101.4680081597815
2021-05-10,101.48857602218374
2021-05-11,101.21524599039735
2021-05-12,101.5705794252941
2021-05-13,101.41220342311026
2021-05-14,101.68257080007442
2021-05-17,101.34394849935633
2021-05-18,101.46893971207922
2021-05-19,101.27734421894002
2021-05-20,101.13706236480556
2021-05-24,101.24821908321233
2021-05-25,101.23253753622387
2021-05-26,101.37035792047926
2021-05-27,101.57803042301813
2021-05-28,101.5210532277371
2021-05-31,101.38728166664852
2021-06-01,101.33243793760552
2021-06-02,101.65647951430073
2021-06-03,101.62014319187432
2021-06-04,101.26762801135192
2021-06-07,100.96011759741177
2021-06-08,100.65362418826793
2021-06-09,100.57181042829733
2021-06-10,100.18846282479694
2021-06-11,100.43087698806636
2021-06-14,100.6142906962204
2021-06-15,100.94859524728628
2021-06-16,101.27724547363637
2021-06-17,101.43437633213233
2021-06-18,101.30887718667947
2021-06-22,101.17689379344723
2021-06-23,100.86466051151287
2021-06-24,100.6917721132299
2021-06-25,100.83722515789448
2021-06-29,100.74395334274382
2021-06-30,100.66648368883516
2021-07-01,100.63516372184498
2021-07-02,100.13629216877177
2021-07-05,100.2444527245809
2021-07-06,100.39264536107308
2021-07-07,100.44960485889322
2021-07-08,100.53483080722827
2021-07-09,100.46059402351443
2021-07-12,100.37325902719572
2021-07-13,100.49139575727382
2021-07-14,100.55683193567859
2021-07-15,100.50842264203064
2021-07-19,100.29747669538114
2021-07-20,100.3952377625695
2021-07-21,100.50623849476712
2021-07-22,100.6730967003229
2021-07-23,100.80871083187108
2021-07-26,100.86647429248072
2021-07-27,101.15374761227152
2021-07-28,101.00243579962702
2021-07-29,100.94837874048845
2021-07-30,100.77901166212591
2021-08-02,100.81337597645772
2021-08-03,100.8747741326253
2021-08-04,100.89849243962274
2021-08-05,100.99367582083933
2021-08-06,100.87873694949903
2021-08-09,100.84030392445322
2021-08-10,100.87139022591136
2021-08-11,100.69806636223704
2021-08-12,100.7471286553645
2021-08-13,100.82881970458683
2021-08-16,100.91747709360222
2021-08-17,100.7591662665963
2021-08-18,100.8286776539165
2021-08-19,100.93094900250495
2021-08-20,101.06839856191594
2021-08-23,100.8661202897776
2021-08-24,100.8177804922785
2021-08-25,100.79993928310466
2021-08-26,100.69569251611443
2021-08-27,100.54921217768174
2021-08-30,100.72463275870605
2021-08-31,101.14237758352851
2021-09-01,101.30375823660387
2021-09-02,101.6622071165318
2021-09-03,101.48431383950943
2021-09-06,101.51844741136726
2021-09-07,101.4586545687784
2021-09-08,101.58778744866464
2021-09-09,100.8442133551274
2021-09-10,101.15270453070345
2021-09-13,101.54259551063183
2021-09-14,101.22364726364088
2021-09-15,100.91333260614022
2021-09-16,101.02071892552122
2021-09-20,101.42230622466725
2021-09-21,101.33449447734377
2021-09-22,101.54393059629818
2021-09-23,101.10181418695757
2021-09-24,101.1185640839226
2021-09-27,100.88029819387391
2021-09-28,100.67369619264144
2021-09-29,100.78446177836207
2021-09-30,100.81480058954158
2021-10-01,101.02215944589013
2021-10-04,100.53867977092312
2021-10-05,100.21270228988077
2021-10-06,100.35130980146371
2021-10-07,100.34932381993917
2021-10-08,100.0572107816227
2021-10-12,100.05808806706011
2021-10-13,100.13234134870663
2021-10-14,99.52320844592244
2021-10-15,99.52516397125069
2021-10-18,99.59179088946951
2021-10-19,100.11897253356203
2021-10-20,100.02525277401288
2021-10-21,100.05634263193006
2021-10-22,100.06429055111931
2021-10-25,100.12326007192507
2021-10-26,100.19038971408119
2021-10-27,100.21265001349057
2021-10-28,100.15752908720465
2021-10-29,100.31849468229257
2021-11-02,100.26435790289933
2021-11-03,100.27224840841653
2021-11-04,100.36817429365846
2021-11-05,100.21239735712528
2021-11-08,100.40398660038856
2021-11-09,100.33118338777773
2021-11-10,100.22124552951401
2021-11-11,100.51270634616249
2021-11-12,100.7128590411296
2021-11-15,100.68820717061588
2021-11-16,100.53716455635498
2021-11-17,100.57697790040375
2021-11-18,100.15408732329787
2021-11-19,100.1909341237721
2021-11-22,100.89850293709692
2021-11-23,100.95309958792052
2021-11-24,101.21540056241282
2021-11-25,101.09508913925676
2021-11-26,101.09256970365364
2021-11-29,101.07133117658216
2021-11-30,101.06329773148659
2021-12-01,101.28489000380605
2021-12-02,101.14206256297797
2021-12-03,101.1839678710872
2021-12-06,101.27542446677109
2021-12-07,101.28772544581525
2021-12-09,101.57626455935052
2021-12-10,101.71529374047061
2021-12-13,101.70769614699917
2021-12-14,101.8692465045135
2021-12-15,101.75796935128236
2021-12-16,101.87662175506932
2021-12-17,101.94887457353865
2021-12-20,101.83125059540181
2021-12-21,101.95906005482564
2021-12-22,102.0464704956866
2021-12-23,101.97170153739768
2021-12-24,101.94752277466333
2021-12-27,101.82725988254127
2021-12-28,101.83476037905814
2021-12-29,102.18655569387593
2021-12-30,102.18227180067892
2022-01-03,102.3849659563603
2022-01-04,102.62291612697358
2022-01-05,102.69899671281055
2022-01-06,102.70481807451159
2022-01-07,102.38557965853639
2022-01-10,102.15688555989534
2022-01-11,102.48501077100119
2022-01-12,102.53669768492458
2022-01-13,102.55370510987218
2022-01-14,102.79923255799825
2022-01-17,102.67940242937637
2022-01-18,102.65141952659826
2022-01-19,102.72690060821978
2022-01-20,102.55278194115733
2022-01-21,102.12982542774982
2022-01-24,102.05520829195893
2022-01-25,102.16815346794994
2022-01-26,101.97246434051273
2022-01-27,101.56448195914311
2022-01-28,101.69263951755283
2022-01-31,101.58903201505376
2022-02-01,101.24632193987848
2022-02-02,101.53732586113561
2022-02-03,101.34487157376722
2022-02-04,101.34680126195627
2022-02-07,101.26858525219376
2022-02-08,100.74987268607624
2022-02-09,100.60932195789367
2022-02-10,100.68842633980657
2022-02-11,100.97079079095244
2022-02-14,100.90665985147265
2022-02-15,101.00618013955376
2022-02-16,100.50666737682117
2022-02-17,100.6331150922914
2022-02-18,100.7602619264175
2022-02-21,100.62756984196663
2022-02-22,100.68607488832939
2022-02-23,100.47949233156803
2022-02-24,100.41109254941543
2022-02-25,99.9951843179654
2022-02-28,99.94111043736432
2022-03-01,100.22403189880916
2022-03-02,100.69809591690293
2022-03-03,100.7004604459905
2022-03-04,100.92229999092088
2022-03-07,100.97539872229015
2022-03-08,101.13713403588487
2022-03-09,101.41803188358018
2022-03-10,101.21840837337126
2022-03-11,100.77326495269918
2022-03-14,100.41171533646474
2022-03-15,100.13183286548862
2022-03-16,99.85529234064686
2022-03-17,99.49871891542037
2022-03-18,99.51022034740701
2022-03-21,99.93673217070096
2022-03-22,100.48977771045071
2022-03-23,100.41477214735966
2022-03-24,100.7703432262183
2022-03-25,101.17872097666363
2022-03-28,101.59567746725706
2022-03-29,101.756158864646
2022-03-30,102.27036383874149
2022-03-31,102.30759549828971
2022-04-01,102.60093815773392
2022-04-04,102.62102486096933
2022-04-05,102.58884462558875
2022-04-06,102.55381591782904
2022-04-07,102.88544231279066
2022-04-08,102.89316828942286
2022-04-11,102.96029800367921
2022-04-12,103.01564432718564
2022-04-13,102.75921160071657
2022-04-14,102.79285721877474
2022-04-18,102.86026856821893
2022-04-19,102.90344469738277
2022-04-20,102.8943083029785
2022-04-21,102.72357072676303
2022-04-22,102.58097875736387
2022-04-25,102.57601443829512
2022-04-26,102.87247417064307
2022-04-27,102.82049575733163
2022-04-28,103.0021807441428
2022-04-29,102.95980593054507
2022-05-02,102.88935232001026
2022-05-03,102.95423095479781
2022-05-04,102.86764310646646
2022-05-05,102.73371693067521
2022-05-06,102.97762882294744
2022-05-09,102.98423061486442
2022-05-10,102.85020007744117
2022-05-11,102.73937891958305
2022-05-12,102.84091377697952
2022-05-13,103.0985663578917
2022-05-16,103.15333214381806
2022-05-17,103.15136676070998
2022-05-18,103.1366116614549
2022-05-19,102.80058576406968
2022-05-20,102.41703040871823
2022-05-23,102.28047778253506
2022-05-24,102.30494930737277
2022-05-25,102.22344065350785
2022-05-26,102.2831113631164
2022-05-27,102.43884242263523
2022-05-31,102.58075535176725
2022-06-01,102.59114299217538
2022-06-02,102.70606805096199
2022-06-03,102.74968143580378
2022-06-06,102.8094356151251
2022-06-07,102.9212787378518
2022-06-08,102.71728256444423
2022-06-09,102.64868407416591
2022-06-10,102.73590636739706
2022-06-13,102.7929057175085
2022-06-14,102.68442567616948
2022-06-15,102.85926268886966
2022-06-16,103.0598987576221
2022-06-17,103.14691952432607
2022-06-22,103.0961176776104
2022-06-23,103.14193400487173
2022-06-24,103.11062674742031
2022-06-28,103.02817300137615
2022-06-29,103.03228449104735
2022-06-30,103.33002710879893
2022-07-01,103.39530923933484
2022-07-04,103.31280752892273
2022-07-05,103.03963831788955
2022-07-06,102.6838536983981
2022-07-07,102.65243352248952
2022-07-08,102.78895976784328
2022-07-11,103.01100924401318
2022-07-12,102.7650137982199
2022-07-13,102.52607309464746
2022-07-14,102.31120770419099
2022-07-15,102.23367797955602
2022-07-18,101.84940141619379
2022-07-19,101.7751036407677
2022-07-20,101.70470584980045
2022-07-21,102.15955884637947
2022-07-22,102.38400653378837
2022-07-25,102.47413050027419
2022-07-26,102.52461332112671
2022-07-27,102.6747879106812
2022-07-28,102.60596018894535
2022-07-29,102.43210898594937
2022-08-01,102.30850082294944
2022-08-02,102.45346529006613
2022-08-03,102.47046928734048
2022-08-04,102.48075032773754
2022-08-05,102.54529678732058
2022-08-08,102.68824728345297
2022-08-09,102.25842739551754
2022-08-10,102.54058343085357
2022-08-11,102.81504133758379
2022-08-12,102.91563546934042
2022-08-16,102.71912558900738
2022-08-17,102.80292121934966
2022-08-18,102.77669307526193
2022-08-19,102.80267738230499
2022-08-22,101.94066650042795
2022-08-23,101.96840018547732
2022-08-24,101.82765512518766
2022-08-25,101.81640507112635
2022-08-26,101.58620735313492
2022-08-29,101.5561588594619
2022-08-30,101.54861702036304
2022-08-31,101.75641694771376
2022-09-01,101.98741793976033
2022-09-02,101.7711318681496
2022-09-05,102.20559040778383
2022-09-06,102.4870075365289
2022-09-07,102.50909002894176
2022-09-08,102.64197942174415
2022-09-09,102.59022814531326
2022-09-12,102.69312323347913
2022-09-13,102.44138579140585
2022-09-14,102.5432338518412
2022-09-15,102.55565223093413
2022-09-20,102.72479279108066
2022-09-21,102.94193159406416
2022-09-22,103.15896336898764
2022-09-23,103.25713551296423
2022-09-26,103.31001404092777
2022-09-27,103.41816027439772
2022-09-28,103.33670649033498
2022-09-29,103.2867411012949
2022-09-30,103.13077676258808
2022-10-03,102.82728979301388
2022-10-04,102.86821910338342
2022-10-05,103.09283232891467
2022-10-06,103.6970225464818
2022-10-07,103.37642556638458
2022-10-12,103.49867598088818
2022-10-13,104.16245315079902
2022-10-14,103.77499657219886
2022-10-17,104.13201888804113
2022-10-18,104.20700083875451
2022-10-19,104.33378698571647
2022-10-20,104.45485980837424
2022-10-21,104.26836603949216
2022-10-24,104.19314872000469
2022-10-25,104.16411976183177
2022-10-26,104.11011866296913
2022-10-27,103.96976777616595
2022-10-28,104.0394195483619
2022-11-02,104.19524994866836
2022-11-03,104.28878416045282
2022-11-04,104.21139249255478
2022-11-08,103.81133375266387
2022-11-09,103.64964846694495
2022-11-10,103.89465260217258
2022-11-11,103.91525657907377
2022-11-15,103.68049940334949
2022-11-16,103.70473588369458
2022-11-17,103.66651221721477
2022-11-18,103.43542042435527
2022-11-22,103.2577466607466
2022-11-25,102.59640676418911
2022-11-28,102.62841592361833
2022-11-29,102.33033629209638
2022-11-30,102.26932656937207
2022-12-01,102.21504634404812
2022-12-02,102.6364213507292
2022-12-05,102.53995827212195
2022-12-06,102.43532352354107
2022-12-07,102.34067931733102
2022-12-09,102.31095454546357
2022-12-12,102.085322437521
2022-12-13,102.18249497903477
2022-12-14,102.18141304561736
2022-12-15,102.21780120356205
2022-12-16,102.13156827726033
2022-12-19,102.03245051595937
2022-12-20,102.04690673614418
2022-12-21,101.97393734855964
2022-12-22,102.11999155890217
2022-12-23,102.20095926496768
2022-12-27,101.64279134921613
2022-12-28,101.83667053840296
2022-12-29,102.0325799503041
2022-12-30,102.0909412392577
2023-01-03,102.11835940716523
2023-01-04,101.97363951733085
2023-01-05,101.57652417363275
2023-01-06,101.32103912822521
2023-01-09,101.41880529011722
2023-01-10,101.39376242088282
2023-01-11,101.39754062994261
2023-01-12,101.39062720122539
2023-01-13,101.48731249447319
2023-01-16,101.52057316318171
2023-01-17,101.26890651810089
2023-01-18,101.26954946442768
2023-01-19,101.26841226721925
2023-01-20,101.4974332737749
2023-01-23,101.36512907841934
2023-01-24,101.5177883698529
2023-01-25,101.49847802518994
2023-01-26,101.57704041379472
2023-01-27,101.52489241959819
2023-01-30,101.73386569546821
2023-01-31,101.73337300484948
2023-02-01,101.86110345694797
2023-02-02,102.13977883620653
2023-02-03,102.13370138120095
2023-02-06,102.30625577985859
2023-02-07,102.39418763107786
2023-02-08,102.21892363865082
2023-02-09,101.93667918409284
2023-02-10,102.20758917265785
2023-02-13,102.2016334253923
2023-02-14,102.13509004745916
2023-02-15,102.20165070108507
2023-02-16,102.32861404058431
2023-02-17,102.2339603442489
2023-02-21,102.19106567043377
2023-02-22,102.03616251483041
2023-02-23,102.02531007519362
2023-02-24,101.74930059082669
2023-02-27,101.56234115071064
2023-02-28,101.54828766242032
2023-03-01,101.53334274014689
2023-03-02,101.39917847627058
2023-03-03,101.90878408689
2023-03-06,101.80429943853373
2023-03-07,101.6528139054
2023-03-08,101.5489146679071
2023-03-09,101.40522873949705
2023-03-10,101.77879717345589
2023-03-13,101.91054263751182
2023-03-14,102.0006971177096
2023-03-15,101.72198390876761
2023-03-16,101.54177045164113
2023-03-17,101.13622632261001
2023-03-20,101.36073732407299
2023-03-21,101.43213685480691
2023-03-22,101.68540574954751
2023-03-23,101.3874229966405
2023-03-24,101.36411249649922
2023-03-27,101.35768257754107
2023-03-28,101.4582863186892
2023-03-29,101.62762227131859
2023-03-30,101.7434096420232
2023-03-31,101.73702529994888
2023-04-03,101.63987863583807
2023-04-04,101.84485257956875
2023-04-05,102.18183919714545
2023-04-06,102.10939306245288
2023-04-10,102.10077461053824
2023-04-11,102.27719914234301
2023-04-12,102.46109834320907
2023-04-13,102.32827444166983
2023-04-14,102.21054895796391
2023-04-17,102.27363854809343
2023-04-18,102.3023238011215
2023-04-19,102.23483840872257
2023-04-20,102.20415413226986
2023-04-21,102.3092474243449
2023-04-24,102.27622195364819
2023-04-25,102.38500398140388
2023-04-26,102.40965896556273
2023-04-27,102.39143890283941
2023-04-28,102.45938582407261
2023-05-02,102.62269018873084
2023-05-03,102.61475668398985
2023-05-04,102.76036615462765
2023-05-05,102.68917195964342
2023-05-08,102.37874984719002
2023-05-09,102.5309785469825
2023-05-10,102.6741945696202
2023-05-11,102.80503300478992
2023-05-12,102.9173731261099
2023-05-15,102.38673093648787
2023-05-16,102.49246483061837
2023-05-17,102.64391758244153
2023-05-18,102.73352945736742
2023-05-19,102.70422068868919
2023-05-22,102.56188558856145
2023-05-23,102.77793490350629
2023-05-25,102.75007992109855
2023-05-26,102.67707700232629
2023-05-29,102.51833779120008
2023-05-30,102.37199370470016
2023-05-31,102.59913364064343
2023-06-01,102.73977238186
2023-06-02,102.62606061730135
2023-06-05,102.6096964762871
2023-06-06,102.35190591720813
2023-06-07,102.32361257184976
2023-06-08,102.7128313757141
2023-06-09,102.58669897101494
2023-06-12,102.59804271023975
2023-06-13,102.84213418087758
2023-06-14,102.71440280962419
2023-06-15,102.79094704610489
2023-06-16,102.86222489079182
2023-06-20,102.8086492768708
2023-06-22,102.71413731740044
2023-06-23,102.71644617616535
2023-06-27,102.73158559528595
2023-06-28,102.98418673240381
2023-06-29,102.75590708629838
2023-06-30,102.66527273349372
2023-07-03,102.47727331882204
2023-07-04,102.20784505883995
2023-07-05,102.21734296036568
2023-07-06,102.14284231982779
2023-07-07,102.13952527771661
2023-07-10,102.14067022561039
2023-07-11,102.12322427201205
2023-07-12,102.13146959597744
2023-07-13,102.47704277165444
2023-07-14,102.44687006064332
2023-07-18,102.28497970536074
2023-07-19,102.63924605751735
2023-07-20,102.7887404340956
2023-07-21,102.6485291524839
2023-07-24,102.7403928891166
2023-07-25,102.74080180282976
2023-07-26,102.52290997354592
2023-07-27,102.63818959019456
2023-07-28,102.48446799031747
2023-07-31,102.58106171576011
2023-08-01,102.8212537787246
2023-08-02,102.39737130991504
2023-08-03,102.5681589683493
2023-08-04,102.81749440970157
2023-08-08,102.9349898995187
2023-08-09,103.0968303637344
2023-08-10,103.24079150442446
2023-08-16,102.59542368854144
2023-08-17,102.7932523791686
2023-08-18,102.9147095592315
2023-08-22,103.1551949781448
2023-08-23,103.24107360938915
2023-08-24,103.41548756069574
2023-08-25,103.41596820114836
2023-08-29,103.12866277821655
2023-08-30,103.1924394121541
2023-08-31,103.09969584324965
2023-09-01,103.28550079164542
2023-09-05,103.34619972017474
2023-09-06,103.48193205825496
2023-09-07,103.559579751482
2023-09-08,103.69856866502727
2023-09-12,103.63707155859865
2023-09-13,103.59826136447825
2023-09-14,103.40699748080782
2023-09-15,103.37465451567758
2023-09-21,103.34108761400734
2023-09-22,103.54369565067626
2023-09-26,103.56095393357285
2023-09-27,103.66350357536956
2023-09-28,103.57224922844163
2023-09-29,103.85292019952684
2023-10-02,103.7692948664215
2023-10-03,103.9859243680935
2023-10-04,103.87032050839882
2023-10-05,103.87232506913615
2023-10-06,103.7888852558378
2023-10-10,103.82866474927968
2023-10-11,103.98002506332482
2023-10-12,104.27353241510511
2023-10-13,104.15807277890066
2023-10-16,103.69227988777192
2023-10-18,103.33426172618503
2023-10-19,103.41887762747734
2023-10-20,103.74481749064273
2023-10-23,103.60443788045906
2023-10-24,103.65808070014799
2023-10-25,103.78946790145524
2023-10-26,104.02248316198319
2023-10-30,103.87252112180194
2023-10-31,103.82250917324762
2023-11-02,104.01229135463565
2023-11-03,104.10761005339333
2023-11-06,103.81937648676542
2023-11-07,103.85195092888146
2023-11-08,103.80473353035993
2023-11-09,103.7012949718732
2023-11-10,103.70212947299282
2023-11-13,103.72242046065512
2023-11-14,104.03451184981125
2023-11-15,104.01394020311747
2023-11-16,103.95645595901742
2023-11-17,103.9133449272891
2023-11-20,103.91679227422243
2023-11-21,104.15228504306329
2023-11-22,103.98204588279995
2023-11-23,103.99141850008297
2023-11-24,103.95676795408735
2023-11-27,103.88687071628999
2023-11-28,103.92794326371543
2023-11-29,103.83833037152958
2023-11-30,104.16896608363115
2023-12-01,103.85583052187243
2023-12-04,104.04060712029349
2023-12-05,104.25427111056058
2023-12-06,104.08292892078708
2023-12-07,104.34070512338486
2023-12-11,104.28600270135837
2023-12-12,104.12699407147753
2023-12-13,103.91311004209483
2023-12-14,104.25962793654362
2023-12-15,104.01866897036072
2023-12-18,103.638957412633
2023-12-19,103.91536190208993
2023-12-20,103.65593582069377
2023-12-21,103.86034381197418
2023-12-22,103.71898977733976
2023-12-26,103.88076669365194
2023-12-27,103.59140962411801
2023-12-28,103.55976711001293
2023-12-29,103.6968248164003
2024-01-02,103.68753021124274
2024-01-03,103.55556434440403
2024-01-04,103.38498761741192
2024-01-05,103.40130611891195
2024-01-08,103.69868301339218
2024-01-09,103.63730475246288
2024-01-10,103.60163811148215
2024-01-11,103.53007836289892
2024-01-12,103.52753109023529
2024-01-15,103.51818559815035
2024-01-16,103.44838527016154
2024-01-17,103.21887419936087
2024-01-18,103.49915571026042
2024-01-19,103.66437367225174
2024-01-22,103.5755687620997
2024-01-23,103.75275563862505
2024-01-24,103.87256328798793
2024-01-25,103.72734597397132
2024-01-26,103.89493615568762
2024-01-29,103.98456425272107
2024-01-30,104.09746621189937
2024-01-31,104.04875478332849
2024-02-01,104.09114493096716
2024-02-02,104.1134710445141
2024-02-05,104.6287348958566
2024-02-06,104.86695829195168
2024-02-07,104.82358594100474
2024-02-08,104.80047071944038
2024-02-09,104.49080846823347
2024-02-12,104.1166177731344
2024-02-13,104.07473109246293
2024-02-14,103.75879282215665
2024-02-15,103.86246955679073
2024-02-16,104.11822706516571
2024-02-19,103.92034241060968
2024-02-20,104.29881985958475
2024-02-21,104.38070397750737
2024-02-22,104.01122473931781
2024-02-23,103.92313448737343
2024-02-26,103.91753468453615
2024-02-27,103.8226743720784
2024-02-28,103.81006315442995
2024-02-29,103.62024073764017
2024-03-01,103.4121909794609
2024-03-05,103.29556495513228
2024-03-06,103.16191216698888
2024-03-07,103.49538622494761
2024-03-08,103.40755024926465
2024-03-11,103.48977331551377
2024-03-12,103.60452042028056
2024-03-13,103.45819231366049
2024-03-14,103.57722130846949
2024-03-15,103.57695355410861
2024-03-18,103.49325350017304
2024-03-19,103.39760230601638
2024-03-20,103.42322617388137
2024-03-21,103.19613284101739
2024-03-22,103.09237814351377
2024-03-25,103.13191281672165
2024-03-26,103.21418590733937
2024-03-27,103.18496409499065
2024-03-28,103.13336659777053
2024-03-29,103.12881751994074
2024-04-01,103.17210735359201
2024-04-02,103.04828149242411
2024-04-03,102.84571296407947
2024-04-04,102.94502583809289
2024-04-05,103.00453845972977
2024-04-08,103.0949525324263
2024-04-09,103.29384330677634
2024-04-10,103.77092846274118
2024-04-11,103.61399228324974
2024-04-12,103.75183132286172
2024-04-15,103.83943960110673
2024-04-16,103.27268596729617
2024-04-17,103.40370158638919
2024-04-18,103.58876215140612
2024-04-19,103.58155136011406
2024-04-22,103.67334520798389
2024-04-23,103.60921971247402
2024-04-24,103.55848879072703
2024-04-25,103.56397609878067
2024-04-26,103.74933706552967
2024-04-29,103.67787199736338
2024-04-30,103.82225191943515
2024-05-02,104.08240048455568
2024-05-03,103.84567026208549
2024-05-06,103.98372980690608
2024-05-07,104.00151744195603
2024-05-08,104.08452133878043
2024-05-09,104.06198758889028
2024-05-10,103.84920626477935
2024-05-13,103.67013301078111
2024-05-14,103.76995329592154
2024-05-15,103.96139312709629
2024-05-16,103.9985986190568
2024-05-17,104.38071463940055
2024-05-20,104.02246561245406
2024-05-22,104.00778934722833
2024-05-23,104.11282643675214
2024-05-24,103.93326439795536
2024-05-27,103.77874857117779
2024-05-28,103.52879734007755
2024-05-29,103.33388152264149
2024-05-30,103.15122484286657
2024-05-31,103.12453663956147
2024-06-03,103.27973790119125
2024-06-04,103.42472019763133
2024-06-05,103.4462384465422
2024-06-06,103.4792169553842
2024-06-07,103.67150886656695
2024-06-10,103.37561913718815
2024-06-11,103.42572620684862
2024-06-12,103.73195855367719
2024-06-13,103.7575105016233
2024-06-14,103.71378470075108
2024-06-17,103.76350587457152
2024-06-18,103.63865425561775
2024-06-19,103.39187349127738
2024-06-20,103.54902322425905
2024-06-21,103.29742519498933
2024-06-24,102.92552684577186
2024-06-25,102.82297743386451
2024-06-26,103.13397295467522
2024-06-27,102.91349527098848
2024-06-28,102.85245005955225
2024-07-01,102.88707755644097
2024-07-02,103.09343208621972
2024-07-03,103.03475295142981
2024-07-04,102.82886378492924
2024-07-05,102.9718370750979
2024-07-08,102.9577044151927
2024-07-09,103.05706753529272
2024-07-10,102.87284188285308
2024-07-11,102.81873914833936
2024-07-12,103.15060237109802
2024-07-15,103.14983155994992
2024-07-17,103.02260769339242
2024-07-18,103.21818845687427
2024-07-19,103.05166737708743
2024-07-22,103.10662978633833
2024-07-23,103.35648150755891
2024-07-24,103.00257805354897
2024-07-25,102.95976192178668
2024-07-26,103.13573596707191
2024-07-29,102.19248246104627
2024-07-30,102.80380613517382
2024-07-31,102.93080650266364
2024-08-01,102.79565708120171
2024-08-02,102.78072347887036
2024-08-05,102.8216262613391
2024-08-06,102.68903884237372
2024-08-07,102.67760803272579
2024-08-08,102.79664833782043
2024-08-09,102.85252718131595
2024-08-12,102.91131554699436
2024-08-13,103.0186097940511
2024-08-14,102.91907160087904
2024-08-15,102.91900971690436
2024-08-16,102.88407935411905
2024-08-19,102.88049429080262
2024-08-20,102.99400867854212
2024-08-21,103.03939229523102
2024-08-22,103.23530025567045
2024-08-23,102.9376611323946
2024-08-26,102.95942263500177
2024-08-27,102.92730008571613
2024-08-28,102.96003920370266
2024-08-29,103.03584459224051
2024-08-30,103.18855447757068
2024-09-02,103.59531576065883
2024-09-03,103.58076692692786
2024-09-04,103.4911447443879
2024-09-05,103.24400736328691
2024-09-06,103.2338013113234
2024-09-09,103.43286260602196
2024-09-10,103.29061762926048
2024-09-11,103.42527596856108
2024-09-12,103.26449844752412
2024-09-13,103.36904865767697
2024-09-16,103.56718057110609
2024-09-17,103.40234124049302
2024-09-18,103.33100540669366
2024-09-23,103.53294472600551
2024-09-24,103.5460946395659
2024-09-25,103.4923452639545
2024-09-26,103.41506407882788
2024-09-27,103.2515986507563
2024-09-30,103.18563631005829
2024-10-01,103.43580839481446
2024-10-02,103.54744347798932
2024-10-03,103.53639571892785
2024-10-04,103.57196465534282
2024-10-07,103.45766179437865
2024-10-08,103.67831834765167
2024-10-09,103.64776908855984
2024-10-10,103.73633954447519
2024-10-11,103.74021503414774
2024-10-14,103.86838394668096
2024-10-15,103.80045051854705
2024-10-16,103.82339048094708
2024-10-17,103.71655248560532
2024-10-18,103.91945856822831
2024-10-21,103.87028032933041
2024-10-22,103.96242940790017
2024-10-23,103.96873307730982
2024-10-24,104.20899708156442
2024-10-25,104.04789135088373
2024-10-28,104.09314828234812
2024-10-29,104.2101955162819
2024-10-30,104.01599927189726
2024-11-01,104.01494243178749
2024-11-04,103.89436227623199
2024-11-05,104.07299176396553
2024-11-06,104.3574733101976
2024-11-07,104.43115857153336
2024-11-08,104.55962220511023
2024-11-11,104.30151860885144
2024-11-12,104.37257641266146
2024-11-13,104.495334176596
2024-11-14,104.5860390334041
2024-11-15,104.42699429764008
2024-11-18,104.45665579189385
2024-11-19,104.81087079113456
2024-11-20,104.94260214331659
2024-11-21,104.61265294707071
2024-11-22,104.5921511158717
2024-11-25,104.61729509598241
2024-11-26,104.80071018320747
2024-11-27,104.87346972930993
2024-11-28,104.95354181526797
2024-11-29,105.01853187190693
2024-12-02,105.26491248589534
2024-12-03,105.45048716468577
2024-12-04,105.30077836383609
2024-12-05,105.38868205002301
2024-12-06,105.33417655645225
2024-12-09,105.25993691088067
2024-12-10,105.34836584982263
2024-12-11,105.58740513926787
2024-12-12,105.46172542293115
2024-12-13,105.18809035169797
2024-12-16,105.1119445283188
2024-12-17,105.18743370981285
2024-12-18,105.04112906564234
2024-12-19,105.15630172635441
2024-12-20,105.46030551423043
2024-12-23,105.52370510478161
2024-12-24,105.406178761037
2024-12-26,105.58406907194416
2024-12-27,105.72077719334132
2024-12-30,105.87274362224144
2025-01-02,105.60245125570755
2025-01-03,105.28589469756848
2025-01-06,104.90487125420228
2025-01-07,105.33880832818765
2025-01-08,105.31295453782867
2025-01-09,105.08799594126063
2025-01-10,105.00949924106371
2025-01-13,104.75815406263018
2025-01-14,104.56249935868938
2025-01-15,104.64383021176538
2025-01-16,104.64583898475645
2025-01-17,105.02594067656234
2025-01-20,104.99807830557756
2025-01-21,105.16791291969913
2025-01-22,105.03907897015961
2025-01-23,104.81698258469179
2025-01-24,104.77830260302629
2025-01-27,104.73564223511941
2025-01-28,104.52530630952516
2025-01-29,104.89011456327066
2025-01-30,105.04028106148002
2025-01-31,105.12951421719447
2025-02-03,104.82984580946066
2025-02-04,105.0136354806122
2025-02-05,105.01411406869722
2025-02-06,104.95310537414808
2025-02-07,104.95548059811553
2025-02-10,104.63512219862379
2025-02-11,104.73242097876965
2025-02-12,105.20176993044883
2025-02-13,104.16485197979937
2025-02-14,104.48529766935036
2025-02-17,104.19069139425996
2025-02-18,104.38626588997913
2025-02-19,104.13117332776505
2025-02-20,103.90819183110067
2025-02-21,104.14475175709777
2025-02-24,103.93677401204296
2025-02-25,103.75658012005857
2025-02-26,103.8936320232642
2025-02-27,104.33067598954877
2025-02-28,103.79745646205872
2025-03-03,104.16419413857095
2025-03-04,104.22915622122129
2025-03-05,104.29998693243138
2025-03-06,104.19459144020615
2025-03-07,104.23084907549907
2025-03-10,104.197434029562
2025-03-11,103.67879367950476
2025-03-12,103.97128201904427
2025-03-13,104.20035859911638
2025-03-14,104.20025394624615
2025-03-17,104.49950283222313
2025-03-18,104.40468249821669
2025-03-19,104.28021186946698
2025-03-20,104.16755893253142
2025-03-21,104.07065485760687
2025-03-24,104.11986723177415
2025-03-25,103.91818655132525
2025-03-26,103.9842201986967
2025-03-27,103.81782068255174
2025-03-28,103.87720868901455
2025-03-31,103.92025733674059
2025-04-01,103.82607724387847
2025-04-02,103.70671007320584
2025-04-03,103.85273897047391
2025-04-04,103.92577978303788
2025-04-07,103.32133040934079
2025-04-08,103.53995777117267
2025-04-09,103.54475180569631
2025-04-10,103.07064227158578
2025-04-11,102.74215687045086
2025-04-14,103.06291890711425
2025-04-15,103.2551819870545
2025-04-16,103.12625391373061
2025-04-17,102.86756588207308
2025-04-21,102.53919343986344
2025-04-22,102.5153786546801
2025-04-23,102.86236768995967
2025-04-24,102.77769728606442
2025-04-25,102.81539521896501
2025-04-28,102.65721438937503
2025-04-29,102.96558080282622
2025-04-30,103.15377213924388
2025-05-02,103.17093372140332
2025-05-05,103.15329207665233
2025-05-06,103.1540509653933
2025-05-07,103.10223859212917
2025-05-08,103.21023849630913
2025-05-09,103.30098365382881
2025-05-12,103.16079277164903
2025-05-13,103.37214790062426
2025-05-14,103.56895881739064
2025-05-15,103.56035027446528
2025-05-16,103.6335669429428
2025-05-19,103.48899101924405
2025-05-20,103.57302198377572
2025-05-22,103.28084546906273
2025-05-23,103.39463905064441
2025-05-26,103.29964819560644
2025-05-27,103.45953969565768
2025-05-28,103.51689140153218
2025-05-29,103.68956128110565
2025-05-30,103.75275957256369
2025-06-02,103.76958990186473
2025-06-03,103.78428185669257
2025-06-04,103.66174186551397
2025-06-05,103.4793648391932
2025-06-06,103.44091367966664
2025-06-09,103.58305203010578
2025-06-10,103.51042470943214
2025-06-11,103.54633549368901
2025-06-12,103.40266465373769
2025-06-13,103.21765789204376
2025-06-16,103.31496114029261
2025-06-17,103.31729394693035
2025-06-18,103.20178659046641
2025-06-19,103.28538862989728
2025-06-23,103.31056577720918
2025-06-24,103.37087970342027
2025-06-25,103.42203817384761
2025-06-26,103.20333604976668
2025-06-27,103.34814450105813
2025-06-30,103.30546851087479
2025-07-01,103.05019090599568
2025-07-02,103.46461617245544
2025-07-03,103.29952234105528
2025-07-04,103.39657194530707
2025-07-07,103.40642845011602
2025-07-08,103.48475299715598
2025-07-09,103.67364981964373
2025-07-10,103.68013015719444
2025-07-11,103.61315126750917
2025-07-14,103.82676861004383
2025-07-15,103.89367414518946
2025-07-17,103.95104828043561
2025-07-18,103.8447667893548
2025-07-21,103.83162604520506
2025-07-22,103.8398610029214
2025-07-23,104.10261719395812
2025-07-24,104.00840319858075
2025-07-25,103.82586540378023
2025-07-28,103.9457764151079
2025-07-29,103.93219668854073
2025-07-30,104.0299303255176
2025-07-31,103.70001153803747
2025-08-01,103.39773320605359
2025-08-04,103.61694621185087
2025-08-05,103.68148718539405
2025-08-06,103.73356207577997
2025-08-07,103.72745733962697
2025-08-08,103.83704239420139
2025-08-11,103.95663952229704
2025-08-12,103.81433589840874
2025-08-13,103.78748246346339
2025-08-14,103.8950116149444
2025-08-15,103.82947780532588
2025-08-18,103.78869599585643
2025-08-19,103.9101421972654
2025-08-20,103.8586268299637
2025-08-21,103.61277875944627
2025-08-22,103.42617594111574
2025-08-25,103.55910751873769
2025-08-26,103.49150633257325
2025-08-27,103.49647636155701
2025-08-28,103.711718938391
2025-08-29,103.58062999071814
2025-09-01,103.58716891836835
2025-09-02,103.41366413620894
2025-09-03,103.5375433551522
2025-09-04,103.97445768749458
2025-09-05,103.79935000181992
2025-09-08,103.56817559900557
2025-09-09,103.59894769122577
2025-09-10,103.79357157329329
2025-09-11,103.48685859808313
2025-09-12,103.45798166024845
2025-09-15,103.20751442616086
2025-09-16,103.1779424755101
2025-09-17,103.0818424018737
2025-09-18,103.08127662512622
2025-09-19,103.08111327646037
2025-09-22,103.49736685887866
2025-09-23,103.63991324795938
2025-09-24,103.43821241148443
2025-09-25,103.39907853061665
2025-09-26,103.44966055202516
2025-09-29,103.34003658775521
2025-09-30,103.19924640787066
2025-10-01,103.28625647185845
2025-10-02,103.14451435144902
2025-10-03,103.20537620978469
2025-10-06,103.15854841809127
2025-10-07,103.30700824883212
2025-10-08,103.24549919883393
2025-10-09,103.08784953066932
2025-10-10,102.86573626645985
2025-10-13,102.77418717848221
2025-10-14,103.03169962242993
2025-10-15,103.03906683761876
2025-10-16,103.09107945336655
2025-10-17,103.2192867517005
2025-10-20,103.2091759688285
2025-10-21,103.1754337330064
2025-10-22,102.90836823760053
2025-10-23,102.64352201684301
2025-10-24,102.82583817263394
2025-10-27,102.70653651598344
2025-10-28,102.81687270496526
2025-10-29,103.04080696981039
2025-10-30,102.95171151266258
2025-11-03,103.00497863189828
2025-11-04,102.76203517213867
2025-11-05,102.88902697493334
2025-11-06,103.06792524670887
2025-11-07,103.27475792931044
2025-11-10,103.1127849082735
2025-11-11,102.80762044418896
2025-11-12,102.98739816548546
2025-11-13,103.18532866976742
2025-11-14,102.86510650714438
2025-11-17,102.27353291170958
2025-11-18,102.36857123856484
2025-11-19,102.59482620839553
2025-11-20,102.67758116422581
2025-11-21,102.86569413993945
2025-11-24,102.7726135032911
2025-11-25,102.87861282549503
2025-11-26,102.83457378952883
2025-11-27,102.72121902723859
2025-11-28,103.25017721884204
2025-12-01,102.91253660494462
2025-12-02,103.00661835138331
2025-12-03,102.99371021292562
2025-12-04,103.12297720018438
2025-12-05,103.2101131232253
2025-12-09,103.02457110517842
2025-12-10,102.92353279561306
2025-12-11,102.91417302056249
2025-12-12,102.6684440507121
2025-12-15,102.54078331416355
2025-12-16,102.74177458394529
2025-12-17,102.76597521837057
2025-12-18,102.30335821888428
2025-12-19,102.60064452507261
2025-12-22,102.76942609820463
2025-12-23,102.80426239747302
2025-12-24,102.68345174553065
2025-12-25,102.64361775856108
2025-12-26,102.00812757941769
2025-12-29,101.94697892266049
2025-12-30,102.08522337751344
2025-12-31,102.08456489977446
