,India
2016-04-20,100.00129347336488
2016-04-21,100.09063238835752
2016-04-22,100.36072128133941
2016-04-26,100.44800314023024
2016-04-27,100.46811146355714
2016-04-28,100.46811146355714
2016-04-29,100.41921902859447
2016-05-04,101.31895083938434
2016-05-05,101.27979428942595
2016-05-06,101.30358374442865
2016-05-09,101.54631393892075
2016-05-10,101.46634907515737
2016-05-12,101.45977563787989
2016-05-13,101.34029088784196
2016-05-16,101.28466107516721
2016-05-17,101.45403852591295
2016-05-18,101.69998849725187
2016-05-19,102.04311697562419
2016-05-20,102.18145230528573
2016-05-23,102.70892570520023
2016-05-24,102.57526510043289
2016-05-25,102.4752003089991
2016-05-26,102.4752003089991
2016-06-01,102.4752003089991
2016-06-02,102.4752003089991
2016-06-03,102.4752003089991
2016-06-06,102.43691979870775
2016-06-07,102.97193111680991
2016-06-10,103.49803071961014
2016-06-13,103.75485786441794
2016-06-14,103.75485786441794
2016-06-16,103.75485786441794
2016-06-20,103.72008961392629
2016-06-22,104.22821704532026
2016-06-23,104.2916694484483
2016-06-24,104.28440069525608
2016-06-27,104.61414319637983
2016-06-28,104.61414319637983
2016-06-29,104.61414319637983
2016-06-30,104.5809147838703
2016-07-01,104.66476722165474
2016-07-04,104.65722579324988
2016-07-05,104.56230869698966
2016-07-07,104.5964554450386
2016-07-08,104.26736001157968
2016-07-11,104.30606261066804
2016-07-12,104.29954733105231
2016-07-13,104.25864387965997
2016-07-14,104.34672959356972
2016-07-15,104.54475608765918
2016-07-18,104.54475608765918
2016-07-19,104.54475608765918
2016-07-20,104.54475608765918
2016-07-21,104.54475608765918
2016-07-22,104.50875058523319
2016-07-25,104.86150151281115
2016-07-26,104.6868314610686
2016-07-27,104.6868314610686
2016-07-28,104.6868314610686
2016-07-29,104.65088463581156
2016-08-01,104.77146357915753
2016-08-02,104.73544105229439
2016-08-03,104.8743746580888
2016-08-04,104.81204370522808
2016-08-08,104.80807956884095
2016-08-09,104.85774164783844
2016-08-10,104.85774164783844
2016-08-11,104.8217532924224
2016-08-12,105.1001747397146
2016-08-22,104.64539508146164
2016-08-23,105.16808195771337
2016-08-24,105.14574772612686
2016-08-29,105.07316915506229
2016-08-30,105.07055604103893
2016-08-31,105.1408098349587
2016-09-01,105.34149707307347
2016-09-02,105.34149707307347
2016-09-06,105.34149707307347
2016-09-07,105.34149707307347
2016-09-12,105.3011602853192
2016-09-14,105.36347425771275
2016-09-15,105.36347425771275
2016-09-16,105.36347425771275
2016-09-19,105.36347425771275
2016-09-20,105.36347425771275
2016-09-22,105.36347425771275
2016-09-23,105.36347425771275
2016-09-26,105.36347425771275
2016-09-27,105.32090998538253
2016-09-29,105.52236947704021
2016-09-30,105.52236947704021
2016-10-03,105.52236947704021
2016-10-04,105.47348761531663
2016-10-05,105.32207664780793
2016-10-06,105.52268205882581
2016-10-07,105.81462068957175
2016-10-10,105.97616997271066
2016-10-14,105.97616997271066
2016-10-17,105.92418468094793
2016-10-18,105.9006403640696
2016-10-19,105.77748715165514
2016-10-21,105.83900579478104
2016-10-24,105.9424545548884
2016-10-25,105.8876577276442
2016-10-26,106.40572030505855
2016-10-27,106.66834199472291
2016-10-28,106.70974389970196
2016-11-01,106.70974389970196
2016-11-02,106.65615277627872
2016-11-03,106.80606549867571
2016-11-08,106.80606549867571
2016-11-09,106.80606549867571
2016-11-10,106.75298673631586
2016-11-11,107.04451809803888
2016-11-15,107.38612942904248
2016-11-16,107.38612942904248
2016-11-17,107.33258875881937
2016-11-18,107.8389524144131
2016-11-21,107.72559919072431
2016-11-22,107.72559919072431
2016-11-23,107.67109363613005
2016-11-24,107.91461019995707
2016-11-25,107.91461019995707
2016-11-28,107.91461019995707
2016-11-29,107.91461019995707
2016-11-30,107.86136156292305
2016-12-01,108.45554668879672
2016-12-02,108.45554668879672
2016-12-05,108.45554668879672
2016-12-06,108.4045946870114
2016-12-07,108.420171736042
2016-12-08,108.6365154671547
2016-12-09,107.58715078517804
2016-12-14,107.61019656697486
2016-12-15,107.72466540452999
2016-12-16,107.74408712837386
2016-12-21,107.50793752789056
2016-12-30,107.83396959566281
2017-01-02,107.61873407236118
2017-01-03,107.38300052187539
2017-01-04,107.41401162213107
2017-01-05,107.41280011180557
2017-01-06,107.49546882318408
2017-01-09,107.85990666579453
2017-01-10,107.85990666579453
2017-01-11,107.85990666579453
2017-01-12,107.85990666579453
2017-01-13,107.81113320502888
2017-01-16,108.38612563367418
2017-01-17,108.65028670808911
2017-01-18,108.60447782346712
2017-01-19,108.55513892064043
2017-01-20,108.81867694473999
2017-01-23,108.68421069784165
2017-01-24,108.64915006135105
2017-01-25,108.55059454461254
2017-01-30,108.1574584349726
2017-01-31,108.666083293101
2017-02-01,108.77725806365599
2017-02-02,108.73479925755971
2017-02-03,108.73093587359122
2017-02-07,109.10307790232639
2017-02-08,109.08651813155386
2017-02-09,108.39179208308678
2017-02-10,109.61348810345683
2017-02-13,110.18458490988505
2017-02-14,110.75757586449582
2017-02-17,111.42697961623543
2017-02-20,111.59962853118518
2017-02-22,111.5691940057919
2017-02-23,111.99644265561972
2017-02-28,111.99644265561972
2017-03-01,111.96725834623524
2017-03-07,112.51252673519197
2017-03-08,112.51252673519197
2017-03-09,112.51252673519197
2017-03-10,112.51252673519197
2017-03-14,112.51252673519197
2017-03-15,112.51252673519197
2017-03-16,112.51252673519197
2017-03-17,112.51252673519197
2017-03-20,112.51252673519197
2017-03-21,112.51252673519197
2017-03-22,112.51252673519197
2017-03-23,112.48423403226566
2017-03-24,112.49120669389295
2017-03-27,112.50690566704347
2017-03-29,112.53743231163646
2017-03-30,112.24370983419647
2017-03-31,112.57608617626684
2017-04-03,112.54686655954336
2017-04-05,112.51907522016973
2017-04-06,112.5742524528131
2017-04-07,112.5742524528131
2017-04-10,112.5742524528131
2017-04-11,112.5742524528131
2017-04-13,112.5742524528131
2017-04-17,112.5742524528131
2017-04-18,112.54516685920433
2017-04-19,112.75592409525021
2017-04-20,112.72682481118044
2017-04-21,112.8543750274782
2017-04-24,112.8543750274782
2017-04-25,112.8252456789569
2017-04-26,112.97683504370546
2017-04-27,112.9153805034205
2017-04-28,112.9153805034205
2017-05-02,112.88621792139631
2017-05-03,113.0821770416008
2017-05-04,113.05331958082205
2017-05-05,113.0742471383192
2017-05-08,113.11814715947179
2017-05-09,113.02525616897402
2017-05-10,113.0808598415469
2017-05-11,113.0065180531231
2017-05-12,113.33076157565083
2017-05-15,113.33076157565083
2017-05-16,113.30133971505644
2017-05-17,113.38552547209335
2017-05-18,113.26966134165288
2017-05-19,113.37514932682915
2017-05-22,113.30666811926608
2017-05-23,113.28209638238175
2017-05-24,113.35984921079118
2017-05-25,113.35984921079118
2017-05-26,113.3292415901211
2017-05-30,113.4525286581525
2017-05-31,113.4525286581525
2017-06-01,113.41585882366702
2017-06-02,113.57945661005209
2017-06-05,113.37163171975233
2017-06-06,113.53461339243233
2017-06-07,113.398070564985
2017-06-08,113.48718296177655
2017-06-09,113.06197288180637
2017-06-12,113.46635936168057
2017-06-13,113.41608531015801
2017-06-14,113.57212680059705
2017-06-15,113.57212680059705
2017-06-16,113.57212680059705
2017-06-19,113.52031795169373
2017-06-20,113.59741643799688
2017-06-21,113.90107345537082
2017-06-22,113.84930812925332
2017-06-23,113.57600583208031
2017-06-27,113.82179309428977
2017-06-28,113.62184887187439
2017-06-29,113.63262687593405
2017-06-30,113.7966801399266
2017-07-03,114.04859395432464
2017-07-04,113.96741203944687
2017-07-05,114.31764292690887
2017-07-06,114.26348508848537
2017-07-07,114.57157794417235
2017-07-10,114.52211572167377
2017-07-11,115.59802437512585
2017-07-12,115.35753884689434
2017-07-13,115.31320226893
2017-07-19,115.40761360355663
2017-07-21,115.40761360355663
2017-07-24,115.40761360355663
2017-07-25,115.40761360355663
2017-07-26,115.36225182990935
2017-07-27,115.8692596810027
2017-07-31,115.4819641680431
2017-08-01,115.4819641680431
2017-08-02,115.4819641680431
2017-08-03,115.4377290791319
2017-08-04,115.51075054447568
2017-08-07,115.1797041255785
2017-08-08,115.86491352523704
2017-08-10,115.17054045590469
2017-08-11,115.80650806313231
2017-08-16,115.23658988260583
2017-08-18,115.50651207685215
2017-08-21,115.46819199616894
2017-08-22,115.81736781809803
2017-08-23,115.80788608269128
2017-08-24,115.7870204321652
2017-08-29,116.00526164997942
2017-08-31,116.00526164997942
2017-09-01,116.00526164997942
2017-09-05,116.00526164997942
2017-09-06,116.00526164997942
2017-09-07,116.00526164997942
2017-09-11,116.00526164997942
2017-09-12,116.00526164997942
2017-09-13,116.00526164997942
2017-09-14,116.00526164997942
2017-09-15,115.96593206757181
2017-09-18,116.39978994589264
2017-09-20,116.25108561763004
2017-09-21,116.2124765560313
2017-09-22,116.2115208971271
2017-09-25,116.42049665908188
2017-09-26,116.47258834086361
2017-09-27,116.47258834086361
2017-09-28,116.47258834086361
2017-09-29,116.47258834086361
2017-10-03,116.43324529264387
2017-10-04,116.26573522679939
2017-10-05,116.33519644575838
2017-10-06,116.38095341890502
2017-10-11,116.12857567000556
2017-10-12,116.34968804639931
2017-10-13,116.22990340331738
2017-10-16,116.2992111163289
2017-10-17,116.20887722613111
2017-10-18,116.65178887455905
2017-10-23,116.61292733199701
2017-10-24,117.31118921812018
2017-10-25,117.1274978122127
2017-10-26,117.33499426706236
2017-10-27,117.33499426706236
2017-10-30,117.33499426706236
2017-10-31,117.33499426706236
2017-11-01,117.33499426706236
2017-11-02,117.29627237546862
2017-11-03,117.49980590687281
2017-11-07,117.45872918739187
2017-11-08,117.69065939071976
2017-11-09,117.69065939071976
2017-11-10,117.65009985765036
2017-11-13,118.02175497238652
2017-11-14,117.98175713967734
2017-11-15,118.41388818086875
2017-11-16,119.05022138200736
2017-11-17,119.11998635240582
2017-11-20,119.33408195378736
2017-11-21,119.33408195378736
2017-11-22,119.295743858782
2017-11-23,119.40318295961718
2017-11-24,119.29049317863996
2017-11-28,119.74937602487114
2017-11-29,119.8229343374829
2017-11-30,120.0277657042896
2017-12-04,120.0277657042896
2017-12-05,119.98418702187578
2017-12-06,119.89731013216422
2017-12-07,120.05122101659987
2017-12-08,119.92222001191637
2017-12-11,119.98189820622251
2017-12-12,120.04495364498572
2017-12-13,120.064518736748
2017-12-14,120.01976895626672
2017-12-15,120.20298620519321
2017-12-18,120.20298620519321
2017-12-21,120.16018525524682
2017-12-22,120.73342573669889
2017-12-27,120.69229139340135
2017-12-28,120.91299570952066
2017-12-29,120.87211855132742
2018-01-02,120.88735913973994
2018-01-03,121.02163828457924
2018-01-04,120.97983584037944
2018-01-05,121.05725929304427
2018-01-08,121.06710244004559
2018-01-09,121.13546923359893
2018-01-10,121.09299205828576
2018-01-11,120.86729673276848
2018-01-12,121.03615677744773
2018-01-15,121.21393380204853
2018-01-16,121.17149533425888
2018-01-17,121.330455274936
2018-01-19,121.330455274936
2018-01-22,121.330455274936
2018-01-23,121.28774855146855
2018-01-24,121.34100541090736
2018-01-29,121.02570819376123
2018-01-30,121.18095291494966
2018-01-31,121.19745647387286
2018-02-01,121.14754063909243
2018-02-02,121.13968401926965
2018-02-05,121.1029441170093
2018-02-06,121.03834259577701
2018-02-07,121.40446855235727
2018-02-08,121.35730004414339
2018-02-09,121.26673019682215
2018-02-12,121.25273236087048
2018-02-14,121.4275012423832
2018-02-15,121.4275012423832
2018-02-16,121.37927820047705
2018-02-20,121.59585986311964
2018-02-21,121.59585986311964
2018-02-22,121.59585986311964
2018-02-23,121.59585986311964
2018-02-26,121.59585986311964
2018-02-27,121.5443662308728
2018-02-28,121.67923503445179
2018-03-01,121.3628856578912
2018-03-05,121.72623859357918
2018-03-06,121.72623859357918
2018-03-07,121.67080172643028
2018-03-08,122.21107431495248
2018-03-09,122.21107431495248
2018-03-12,122.15612011910535
2018-03-13,122.41192490748278
2018-03-14,122.41192490748278
2018-03-15,122.41192490748278
2018-03-16,122.35466500361775
2018-03-19,122.80415251549192
2018-03-20,122.80415251549192
2018-03-21,122.80415251549192
2018-03-22,122.80415251549192
2018-03-23,122.80415251549192
2018-03-26,122.7475044615664
2018-03-27,123.10151297310455
2018-03-28,123.29660221774839
2018-04-03,123.38592930171781
2018-04-04,123.45602291053576
2018-04-05,123.45602291053576
2018-04-06,123.39120395579815
2018-04-09,123.20231121604381
2018-04-10,123.73156920257631
2018-04-11,123.61183274153582
2018-04-12,123.61183274153582
2018-04-13,123.54494375960205
2018-04-16,123.73281911743072
2018-04-17,123.73281911743072
2018-04-18,123.66577538544723
2018-04-19,123.85032876961752
2018-04-20,123.85032876961752
2018-04-23,123.85032876961752
2018-04-24,123.78289269975136
2018-04-25,123.96146067584128
2018-04-26,123.96146067584128
2018-04-27,123.96146067584128
2018-05-01,123.96146067584128
2018-05-02,123.96146067584128
2018-05-03,123.96146067584128
2018-05-04,123.89260909844543
2018-05-07,124.20254671881936
2018-05-08,124.6266203747771
2018-05-09,124.96798537677296
2018-05-10,124.96798537677296
2018-05-11,124.96798537677296
2018-05-14,124.90153138788784
2018-05-15,124.96247216373027
2018-05-16,125.044160433274
2018-05-17,125.044160433274
2018-05-18,125.044160433274
2018-05-21,125.044160433274
2018-05-22,125.044160433274
2018-05-23,124.97378835838555
2018-05-24,125.01362775616865
2018-05-25,124.94236660941856
2018-05-28,125.32806084994401
2018-05-29,125.32595686718018
2018-05-30,125.55323832860866
2018-05-31,125.55261514718991
2018-06-01,125.50229405617908
2018-06-04,125.50229405617908
2018-06-05,125.50229405617908
2018-06-06,125.42834718974886
2018-06-07,125.1864888606275
2018-06-08,125.17450555017547
2018-06-11,125.27406670794939
2018-06-12,125.07580490008654
2018-06-13,125.19929720508524
2018-06-14,125.14118445940092
2018-06-15,125.19568591229215
2018-06-18,125.28245213191522
2018-06-19,125.37613334628071
2018-06-20,125.67242928219893
2018-06-21,125.67242928219893
2018-06-22,125.5753880073131
2018-06-25,125.66606469862889
2018-06-26,125.6318894946182
2018-06-27,125.6046259739988
2018-06-28,125.50688028018699
2018-06-29,125.53095962444807
2018-07-02,125.53095962444807
2018-07-03,125.53095962444807
2018-07-04,125.53095962444807
2018-07-05,125.42751646646488
2018-07-06,125.79820821349404
2018-07-09,125.91623611463754
2018-07-10,125.93687777578546
2018-07-11,125.82136868200269
2018-07-12,125.71717602280965
2018-07-13,125.93504571104725
2018-07-16,125.81385542022403
2018-07-17,125.6008093452734
2018-07-18,125.75449828805083
2018-07-19,125.5804116333144
2018-07-20,125.76507430683057
2018-07-23,125.84841827504825
2018-07-24,125.84841827504825
2018-07-25,125.84841827504825
2018-07-26,125.84841827504825
2018-07-27,125.84841827504825
2018-07-30,125.84841827504825
2018-07-31,125.84841827504825
2018-08-01,125.73402967958091
2018-08-02,125.80310741163596
2018-08-03,125.80310741163596
2018-08-06,125.80310741163596
2018-08-07,125.67015254099658
2018-08-08,126.16237786480863
2018-08-09,126.027120818823
2018-08-10,125.56199543775448
2018-08-13,125.85945041610016
2018-08-14,126.2932410668648
2018-08-15,126.77960508627469
2018-08-16,127.59406845715748
2018-08-17,127.59406845715748
2018-08-20,127.59406845715748
2018-08-21,127.47365468051302
2018-08-22,127.71719270560095
2018-08-23,127.50845617134077
2018-08-24,127.63600504082959
2018-08-27,127.63600504082959
2018-08-28,127.63600504082959
2018-08-29,127.63600504082959
2018-08-30,127.50959949479814
2018-08-31,127.7824524691235
2018-09-03,127.66498065531509
2018-09-04,127.97790792810329
2018-09-05,128.57838437876669
2018-09-06,129.09799323948897
2018-09-07,128.36475296360035
2018-09-10,128.62374032709494
2018-09-11,128.78644502320842
2018-09-12,128.68726719241278
2018-09-14,129.22614484092225
2018-09-17,129.69416011959592
2018-09-18,129.51476265261095
2018-09-19,129.43523861731842
2018-09-20,129.75652927486706
2018-09-21,129.75652927486706
2018-09-24,129.75652927486706
2018-09-25,129.75652927486706
2018-09-26,129.66285068579552
2018-09-27,129.59535432046562
2018-09-28,129.1830713033193
2018-10-01,129.6640381470068
2018-10-03,129.6640381470068
2018-10-04,129.57288621562316
2018-10-05,129.51744664511432
2018-10-08,129.79922353244226
2018-10-09,129.79069042835297
2018-10-10,129.79069042835297
2018-10-11,129.79069042835297
2018-10-12,129.79069042835297
2018-10-15,129.79069042835297
2018-10-16,129.79069042835297
2018-10-17,129.69584708035168
2018-10-19,130.10553756147394
2018-10-22,129.97913374165663
2018-10-23,129.97913374165663
2018-10-24,129.97913374165663
2018-10-25,129.97913374165663
2018-10-26,129.88554834480038
2018-10-29,129.97274903508543
2018-10-30,129.8000119242391
2018-10-31,129.60057798750188
2018-11-01,129.79013147281123
2018-11-02,129.90091346373026
2018-11-05,129.90091346373026
2018-11-06,129.90091346373026
2018-11-08,129.90091346373026
2018-11-09,129.90091346373026
2018-11-12,129.90091346373026
2018-11-13,129.8044271183471
2018-11-14,129.8798610976221
2018-11-15,129.90534623365127
2018-11-16,129.83382320843788
2018-11-19,129.7325503486744
2018-11-20,129.943037830287
2018-11-22,130.11495888022358
2018-11-23,130.0905706083576
2018-11-26,130.28124868746912
2018-11-27,130.18104059268708
2018-11-28,130.1344769607777
2018-11-29,130.15372544496753
2018-11-30,130.05450658255214
2018-12-03,130.07523098741035
2018-12-04,130.37519765890787
2018-12-05,131.87194320166049
2018-12-06,131.24447330275945
2018-12-07,131.7236208671038
2018-12-10,132.4272753683436
2018-12-11,132.467823058321
2018-12-12,133.0455884625585
2018-12-13,133.0455884625585
2018-12-14,133.0455884625585
2018-12-17,133.0455884625585
2018-12-18,133.0455884625585
2018-12-19,133.0455884625585
2018-12-20,133.0455884625585
2018-12-21,133.0455884625585
2018-12-24,133.0455884625585
2018-12-25,133.0455884625585
2018-12-26,132.95272926513678
2018-12-27,133.44249867295954
2018-12-28,133.44249867295954
2018-12-31,133.35714704167356
2019-01-01,134.0782610443494
2019-01-02,133.9965784326081
2019-01-03,134.18773395883235
2019-01-04,134.11263361945515
2019-01-07,134.06586324612718
2019-01-08,134.547120346481
2019-01-09,134.4669489518219
2019-01-10,134.55312741842994
2019-01-11,134.73207300715825
2019-01-14,134.73207300715825
2019-01-15,134.73207300715825
2019-01-16,134.73207300715825
2019-01-17,134.73207300715825
2019-01-18,134.73207300715825
2019-01-21,134.73207300715825
2019-01-22,134.73207300715825
2019-01-23,134.73207300715825
2019-01-24,134.65387616922567
2019-01-25,134.56482806108167
2019-01-28,134.75764545329218
2019-01-29,134.72061847796544
2019-01-30,134.88268557503383
2019-01-31,134.81138326982415
2019-02-01,135.98600553760824
2019-02-04,135.98600553760824
2019-02-05,135.98600553760824
2019-02-06,135.98600553760824
2019-02-07,135.92124358909948
2019-02-08,135.97921640009122
2019-02-11,135.75518192550268
2019-02-12,136.05423150339152
2019-02-13,135.9902906956789
2019-02-14,136.09598386564812
2019-02-15,136.09598386564812
2019-02-18,136.09598386564812
2019-02-20,136.09598386564812
2019-02-21,136.09598386564812
2019-02-22,136.09598386564812
2019-02-25,136.09598386564812
2019-02-26,136.09598386564812
2019-02-27,136.09598386564812
2019-02-28,136.09598386564812
2019-03-01,136.09598386564812
2019-03-04,136.03678477615404
2019-03-05,137.02456856029127
2019-03-06,137.02456856029127
2019-03-07,137.02456856029127
2019-03-08,137.02456856029127
2019-03-11,137.02456856029127
2019-03-12,137.02456856029127
2019-03-13,137.02456856029127
2019-03-14,137.02456856029127
2019-03-15,137.02456856029127
2019-03-18,137.02456856029127
2019-03-19,137.02456856029127
2019-03-20,137.02456856029127
2019-03-21,137.02456856029127
2019-03-22,137.02456856029127
2019-03-25,137.02456856029127
2019-03-26,136.96276037101762
2019-03-27,137.0615052956185
2019-03-28,137.37243172035357
2019-03-29,137.4418788398518
2019-04-01,137.23571753269783
2019-04-02,137.16853965465813
2019-04-03,137.19732902888654
2019-04-04,137.19732902888654
2019-04-05,137.13016494995574
2019-04-08,136.74463931570835
2019-04-09,137.14399845760954
2019-04-10,137.07728433319244
2019-04-11,136.881776264933
2019-04-12,137.20821726921676
2019-04-15,137.1422063753447
2019-04-16,137.19372660634946
2019-04-17,137.26569899569787
2019-04-18,137.19981002623908
2019-04-19,136.7942929568761
2019-04-22,137.4182871511693
2019-04-23,137.35492317757289
2019-04-24,137.4372130578814
2019-04-25,137.41481946700972
2019-04-26,137.73554314773335
2019-04-29,137.8544696726026
2019-04-30,138.12762622588775
2019-05-01,138.21956044677012
2019-05-02,138.21956044677012
2019-05-03,138.21956044677012
2019-05-06,138.21956044677012
2019-05-07,138.21956044677012
2019-05-08,138.21956044677012
2019-05-09,138.14564845566844
2019-05-10,138.17734326139558
2019-05-13,138.11945034107256
2019-05-14,138.1563597726611
2019-05-15,138.18010219124307
2019-05-16,138.104592264712
2019-05-17,138.25518526633311
2019-05-20,138.66633055669936
2019-05-21,138.82518104101754
2019-05-22,138.82518104101754
2019-05-23,138.82518104101754
2019-05-24,138.82518104101754
2019-05-27,138.75041490273927
2019-05-28,138.93196330408188
2019-05-29,138.81593246455145
2019-05-30,138.7802472818569
2019-05-31,139.25549909434974
2019-06-03,139.28569753774383
2019-06-04,139.57866791012415
2019-06-06,139.48045538434067
2019-06-07,139.55612812562003
2019-06-10,139.55612812562003
2019-06-11,139.55612812562003
2019-06-12,139.55612812562003
2019-06-13,139.55612812562003
2019-06-14,139.55612812562003
2019-06-17,139.55612812562003
2019-06-18,139.55612812562003
2019-06-19,139.45653881278494
2019-06-20,139.4303220349394
2019-06-21,139.45790288627424
2019-06-24,139.45790288627424
2019-06-25,139.45790288627424
2019-06-26,139.45790288627424
2019-06-27,139.45790288627424
2019-06-28,139.45790288627424
2019-07-01,139.45790288627424
2019-07-02,139.35541232796632
2019-07-03,139.46229761654433
2019-07-04,139.51305250470793
2019-07-05,139.41065682680295
2019-07-08,139.7690139017504
2019-07-09,139.66474809041415
2019-07-10,139.64871281491784
2019-07-11,139.69909356200316
2019-07-12,139.69909356200316
2019-07-15,139.59126056934392
2019-07-16,140.00148762662462
2019-07-17,140.19822036797802
2019-07-18,140.19822036797802
2019-07-19,140.19822036797802
2019-07-22,140.19822036797802
2019-07-23,140.0744734631003
2019-07-24,140.25683831724103
2019-07-25,140.43873674710096
2019-07-26,140.43873674710096
2019-07-29,140.3054915237222
2019-07-30,140.54550580458215
2019-07-31,140.54550580458215
2019-08-01,140.54550580458215
2019-08-02,140.41196545753505
2019-08-05,140.42921822093928
2019-08-06,140.42921822093928
2019-08-07,140.2938987852177
2019-08-08,140.4871974115582
2019-08-09,140.35335916234007
2019-08-12,140.32668621008202
2019-08-13,140.21408233132314
2019-08-14,140.83350061714776
2019-08-15,140.29837159382424
2019-08-16,140.27477383294575
2019-08-19,140.46824170140488
2019-08-20,140.12130707325298
2019-08-21,140.31802290629392
2019-08-22,140.2906306099388
2019-08-23,140.50288858666363
2019-08-26,140.50288858666363
2019-08-27,140.50288858666363
2019-08-28,140.36502272135357
2019-08-29,139.85957321978609
2019-08-30,140.58581799680215
2019-09-02,140.44691214225108
2019-09-03,140.5099567493134
2019-09-04,140.84804432249814
2019-09-05,140.84804432249814
2019-09-06,140.7106643854234
2019-09-09,140.95598580040968
2019-09-11,141.39289718959338
2019-09-12,141.25922910530466
2019-09-13,141.30711344403687
2019-09-16,141.4160696762344
2019-09-17,141.49685215645644
2019-09-18,141.4726687927863
2019-09-19,141.43476786020483
2019-09-20,141.39641119675204
2019-09-23,141.40280792827596
2019-09-24,141.40280792827596
2019-09-25,141.27359224311837
2019-09-26,141.82998195858374
2019-09-27,141.82998195858374
2019-09-30,141.70511028380582
2019-10-01,141.5579793009847
2019-10-02,142.44312994068477
2019-10-03,141.80234094879702
2019-10-04,142.36134614618442
2019-10-07,142.68628989978376
2019-10-08,142.68628989978376
2019-10-09,142.68628989978376
2019-10-10,142.68628989978376
2019-10-11,142.68628989978376
2019-10-14,142.68628989978376
2019-10-15,142.56423233789857
2019-10-16,142.62513691142922
2019-10-17,143.07032883134428
2019-10-18,143.0054936552172
2019-10-21,143.4833729798315
2019-10-22,143.58662185078316
2019-10-23,143.60000496015024
2019-10-24,143.60553176468304
2019-10-25,143.58071502480158
2019-10-28,143.58461714813612
2019-10-29,143.5261261419673
2019-10-30,143.57472067027606
2019-10-31,143.43670760366481
2019-11-01,143.67333650392231
2019-11-04,143.67333650392231
2019-11-05,143.5545931187417
2019-11-06,143.7347776287053
2019-11-07,143.61790006429047
2019-11-08,143.85293046860787
2019-11-11,144.0260929788369
2019-11-12,144.0942504351996
2019-11-13,144.2727785300216
2019-11-14,144.5325304302688
2019-11-15,144.78294992891418
2019-11-18,144.84646448533002
2019-11-19,144.8531866597663
2019-11-20,144.86535849398797
2019-11-21,144.86535849398797
2019-11-22,144.86535849398797
2019-11-25,144.86535849398797
2019-11-26,144.86535849398797
2019-11-27,144.86535849398797
2019-11-28,144.86535849398797
2019-11-29,144.86535849398797
2019-12-02,144.73967209249682
2019-12-03,144.85220606986647
2019-12-04,144.7257035174252
2019-12-05,144.7420877479232
2019-12-06,144.61251508608342
2019-12-09,144.79495559499748
2019-12-10,144.79495559499748
2019-12-11,144.79495559499748
2019-12-12,144.66292011315932
2019-12-13,144.85463911842407
2019-12-16,144.3198181419353
2019-12-17,144.757608354332
2019-12-18,144.59903479866912
2019-12-19,144.7548960270445
2019-12-20,144.7548960270445
2019-12-23,144.7548960270445
2019-12-24,144.7548960270445
2019-12-25,144.61687169164915
2019-12-26,144.8674134620696
2019-12-27,144.60881231548163
2019-12-30,144.83089780802317
2019-12-31,144.73098642702115
2020-01-01,144.8130764596757
2020-01-02,144.8130764596757
2020-01-03,144.8130764596757
2020-01-06,144.64593641290494
2020-01-07,144.47269016053107
2020-01-08,144.59903216393062
2020-01-09,144.4352500998684
2020-01-10,144.9663871345533
2020-01-13,144.8086493340349
2020-01-14,144.7664265909812
2020-01-15,145.147574185026
2020-01-16,145.147574185026
2020-01-17,145.147574185026
2020-01-20,145.147574185026
2020-01-21,145.147574185026
2020-01-22,145.147574185026
2020-01-23,145.147574185026
2020-01-24,145.147574185026
2020-01-27,144.97699940300845
2020-01-28,145.04033756068202
2020-01-29,145.6302540648296
2020-01-30,145.75641271215284
2020-01-31,145.75641271215284
2020-02-03,145.75641271215284
2020-02-04,145.5836727183645
2020-02-05,145.25438769773388
2020-02-06,145.18108400219205
2020-02-07,144.95042459488928
2020-02-10,145.12135370743152
2020-02-11,145.5035455156781
2020-02-12,145.5035455156781
2020-02-13,145.31796280995852
2020-02-14,145.93841895172886
2020-02-17,145.93841895172886
2020-02-18,145.93841895172886
2020-02-19,145.93841895172886
2020-02-20,145.93841895172886
2020-02-24,145.93841895172886
2020-02-25,145.93841895172886
2020-02-26,145.93841895172886
2020-02-27,145.93841895172886
2020-02-28,145.7660860389482
2020-03-02,146.5366580269909
2020-03-03,145.9291817205916
2020-03-04,145.9291817205916
2020-03-05,145.9291817205916
2020-03-06,145.7776177397974
2020-03-09,145.53934614909315
2020-03-10,146.2128691451349
2020-03-11,145.45285774294823
2020-03-12,145.7089447125991
2020-03-13,144.61133983706688
2020-03-16,144.7509996684818
2020-03-17,144.03456426065776
2020-03-18,146.10314622407702
2020-03-19,146.10314622407702
2020-03-20,146.10314622407702
2020-03-23,146.01135422390647
2020-03-24,147.2467663879554
2020-03-26,147.2467663879554
2020-03-27,147.2467663879554
2020-03-30,147.2467663879554
2020-03-31,147.2467663879554
2020-04-01,147.2467663879554
2020-04-02,147.2467663879554
2020-04-03,147.2467663879554
2020-04-06,147.2467663879554
2020-04-07,147.2467663879554
2020-04-08,147.2467663879554
2020-04-09,147.2467663879554
2020-04-13,147.2467663879554
2020-04-14,147.2467663879554
2020-04-15,147.2467663879554
2020-04-16,147.16472186876055
2020-04-17,147.05743010603527
2020-04-20,146.80001452502898
2020-04-21,146.38981518428696
2020-04-22,146.51030415931484
2020-04-23,146.56203456762466
2020-04-24,146.42157785038125
2020-04-27,146.70405268954966
2020-04-28,146.16895177803875
2020-04-29,145.59894189844206
2020-04-30,145.1620830230314
2020-05-04,145.17651902004116
2020-05-05,145.80905386218845
2020-05-06,144.86826087373424
2020-05-08,145.01894230288553
2020-05-11,145.1316728642219
2020-05-12,144.95875212659334
2020-05-13,144.89210197754275
2020-05-14,144.50498813035205
2020-05-15,142.60831030507683
2020-05-18,142.70437693525363
2020-05-19,142.8329456302573
2020-05-20,142.60946948223457
2020-05-21,142.85283661790422
2020-05-22,143.44599784485018
2020-05-25,143.41320518390287
2020-05-26,143.36235002044967
2020-05-27,143.43473648042936
2020-05-28,143.43026266143548
2020-05-29,143.45310514333198
2020-06-01,143.4039922755496
2020-06-02,143.60640023292163
2020-06-03,143.37377110484664
2020-06-04,143.08269648141444
2020-06-05,143.30594936276847
2020-06-08,143.42144340259665
2020-06-09,143.42144340259665
2020-06-10,143.3707151031998
2020-06-11,143.54423766727257
2020-06-12,143.25924027110554
2020-06-15,143.56320875840146
2020-06-16,143.56320875840146
2020-06-17,143.51263415246135
2020-06-18,143.45776706659288
2020-06-19,143.48360463507248
2020-06-22,143.49764082002773
2020-06-23,143.5192140243583
2020-06-24,143.60721528564605
2020-06-25,143.60721528564605
2020-06-26,143.60721528564605
2020-06-29,143.60721528564605
2020-06-30,143.60721528564605
2020-07-01,143.60721528564605
2020-07-02,143.60721528564605
2020-07-03,143.54956135940492
2020-07-06,143.2382619104985
2020-07-07,143.3602792826895
2020-07-08,143.40308705645612
2020-07-09,143.51737470773386
2020-07-10,143.63045593492018
2020-07-13,143.65311050450254
2020-07-14,143.87903475783114
2020-07-15,143.87903475783114
2020-07-16,143.87903475783114
2020-07-17,143.87903475783114
2020-07-20,143.82126058560405
2020-07-21,143.74444923541475
2020-07-22,143.80178221013975
2020-07-23,143.8150700927571
2020-07-24,143.87284357630816
2020-07-27,143.60676580348635
2020-07-28,143.83637412687577
2020-07-29,143.88991147138142
2020-07-30,143.88624759998083
2020-07-31,143.63429641082448
2020-08-03,143.63598962032117
2020-08-04,143.73402593172182
2020-08-05,143.81650429255816
2020-08-06,143.4398013088222
2020-08-07,143.42712596679203
2020-08-10,143.57087881914535
2020-08-11,143.4192746482694
2020-08-12,143.3200693598482
2020-08-13,143.35573378075128
2020-08-14,143.7542925110153
2020-08-17,143.727276451396
2020-08-18,143.69959711170006
2020-08-19,143.69652063761416
2020-08-20,143.31527281003244
2020-08-21,143.89843545193318
2020-08-24,143.89843545193318
2020-08-25,143.89843545193318
2020-08-26,143.79744596296058
2020-08-27,143.58206727213457
2020-08-28,144.05292912233034
2020-08-31,144.45348590303948
2020-09-01,144.35320127440846
2020-09-02,144.72186893414292
2020-09-03,144.72186893414292
2020-09-04,144.72186893414292
2020-09-07,144.72186893414292
2020-09-08,144.72186893414292
2020-09-09,144.72186893414292
2020-09-10,144.61123490883202
2020-09-11,145.21422636146315
2020-09-14,145.21422636146315
2020-09-15,145.21422636146315
2020-09-16,145.21422636146315
2020-09-17,145.10277016375915
2020-09-18,145.06289384109968
2020-09-21,144.97762565452675
2020-09-22,145.08046354024154
2020-09-23,144.97790922762462
2020-09-24,145.12192620347273
2020-09-25,145.47655303331734
2020-09-28,144.62820811163377
2020-09-29,144.82167825671831
2020-09-30,144.61448867996853
2020-10-01,144.44853885582478
2020-10-02,144.5552350946457
2020-10-05,144.6509417917535
2020-10-06,144.6154703804924
2020-10-07,144.31711784106375
2020-10-08,143.77590318464812
2020-10-09,143.65286130037225
2020-10-12,143.78809328176686
2020-10-13,143.4592859298639
2020-10-14,143.2835169397709
2020-10-15,143.2594595215147
2020-10-16,143.83095036323482
2020-10-19,144.00075779475998
2020-10-20,144.02419935890583
2020-10-21,143.91563952625822
2020-10-22,143.09441107651105
2020-10-23,143.64765862129101
2020-10-26,143.77342238783686
2020-10-27,143.58731054158415
2020-10-28,143.24540635472906
2020-10-29,143.85744708574012
2020-10-30,143.7562180514777
2020-11-02,143.8714514833699
2020-11-03,143.82278847630386
2020-11-04,143.60470314437637
2020-11-05,143.86173224931494
2020-11-06,143.5678165673867
2020-11-09,143.60782820858333
2020-11-10,143.7493226428911
2020-11-11,143.680455336072
2020-11-12,143.99910625268276
2020-11-13,143.99910625268276
2020-11-16,143.99910625268276
2020-11-17,143.99910625268276
2020-11-18,143.99910625268276
2020-11-19,143.99910625268276
2020-11-20,143.8881023872112
2020-11-23,143.62956494281923
2020-11-24,143.89637309805096
2020-11-25,143.78391005199643
2020-11-26,143.7424358375896
2020-11-27,143.59458392040162
2020-11-30,143.57091408917748
2020-12-01,143.6405077658385
2020-12-02,143.5480352795995
2020-12-03,143.50743449047715
2020-12-04,143.61235859256897
2020-12-07,143.648035832869
2020-12-08,143.64022718392908
2020-12-09,143.431018270134
2020-12-10,143.6179427419267
2020-12-11,143.57927969466613
2020-12-14,143.5210779726448
2020-12-15,143.55701460623095
2020-12-16,143.34581162997014
2020-12-17,143.4687571739305
2020-12-18,143.4687571739305
2020-12-21,143.3298282298416
2020-12-22,143.3824065770256
2020-12-23,143.2463997839448
2020-12-24,143.73745280602807
2020-12-25,143.7369723279448
2020-12-28,143.57108826973914
2020-12-29,143.1881945876696
2020-12-30,144.0820627566658
2020-12-31,144.49352865179222
2021-01-01,144.49352865179222
2021-01-04,144.49352865179222
2021-01-05,144.37447132958482
2021-01-06,144.2968443343786
2021-01-07,144.14332758192876
2021-01-08,143.9992086322824
2021-01-11,144.3706487178142
2021-01-12,143.5306955861436
2021-01-13,142.33390400535382
2021-01-14,142.122766264639
2021-01-15,142.33306691653885
2021-01-18,142.41758323566808
2021-01-19,142.39141198457776
2021-01-20,141.79557055940373
2021-01-21,140.61866961761035
2021-01-22,140.79759095391796
2021-01-25,140.77690226627132
2021-01-26,141.25972114025188
2021-01-27,141.22077405321915
2021-01-28,141.39933839917566
2021-01-29,141.70965076504268
2021-02-01,141.70965076504268
2021-02-02,141.6152792769567
2021-02-03,142.18820759406015
2021-02-04,142.17650617472947
2021-02-05,140.6710002231395
2021-02-08,140.18993430989835
2021-02-09,141.0825035217051
2021-02-10,140.39206370222814
2021-02-11,140.6248592899164
2021-02-12,140.59444470699682
2021-02-15,140.0514806641995
2021-02-16,140.35994875468947
2021-02-17,139.90301947978568
2021-02-18,140.3425711311447
2021-02-19,140.3425711311447
2021-02-22,140.3425711311447
2021-02-23,140.3425711311447
2021-02-24,140.3425711311447
2021-02-25,140.275516125354
2021-02-26,139.84281454824992
2021-03-01,139.6974165899126
2021-03-02,139.5667094930911
2021-03-03,139.75585275056457
2021-03-04,139.6063426185328
2021-03-05,139.88348948532604
2021-03-08,139.8187863671664
2021-03-09,139.75465515278555
2021-03-10,139.96998364582333
2021-03-11,139.67899824384244
2021-03-12,140.07518055119513
2021-03-15,140.07518055119513
2021-03-16,140.07518055119513
2021-03-17,140.07518055119513
2021-03-18,140.07518055119513
2021-03-19,140.07518055119513
2021-03-22,140.07518055119513
2021-03-23,140.07518055119513
2021-03-24,140.07518055119513
2021-03-25,140.07518055119513
2021-03-26,140.0112536194847
2021-03-29,139.9956643466688
2021-03-30,140.21606730108448
2021-03-31,140.38693596483367
2021-04-01,140.37087098589146
2021-04-02,140.33428902148424
2021-04-05,140.41497085303703
2021-04-06,140.41497085303703
2021-04-07,140.41497085303703
2021-04-08,140.34879058655451
2021-04-09,140.44217692129862
2021-04-12,139.41852564216816
2021-04-13,140.62916652124332
2021-04-14,140.6291046823369
2021-04-15,140.5447909008118
2021-04-16,140.53786050896238
2021-04-19,140.53973195836056
2021-04-20,140.18966034048142
2021-04-21,140.32392748017938
2021-04-22,140.41726026188525
2021-04-23,140.3574782355673
2021-04-26,140.42547846798374
2021-04-27,140.42547846798374
2021-04-28,140.42547846798374
2021-04-29,140.42547846798374
2021-04-30,140.42547846798374
2021-05-03,140.3621989204813
2021-05-04,140.5723714508398
2021-05-05,140.5723714508398
2021-05-06,140.505714788659
2021-05-07,140.2785437121571
2021-05-10,140.3750594892271
2021-05-11,140.3649410669839
2021-05-12,140.48821964922308
2021-05-13,140.46327525058186
2021-05-14,140.627786571567
2021-05-17,140.79757853863688
2021-05-18,140.87665161934063
2021-05-19,140.82605093073556
2021-05-20,140.75004192175723
2021-05-21,140.46540978296284
2021-05-24,140.66488745130297
2021-05-25,140.54575430555772
2021-05-27,140.38694047326993
2021-05-28,140.33497965696387
2021-05-31,140.38061077129666
2021-06-01,140.45110666491078
2021-06-02,139.8940545092504
2021-06-03,139.52980361858
2021-06-04,139.9326654496501
2021-06-07,139.7317192239582
2021-06-08,139.5366316174283
2021-06-09,139.63917527402992
2021-06-10,139.61425503772483
2021-06-11,139.6880791310247
2021-06-14,139.70340245779616
2021-06-15,139.75784625297945
2021-06-16,139.94932586598077
2021-06-17,139.87068620608815
2021-06-18,140.2060394341673
2021-06-21,140.26190796047655
2021-06-22,140.25992554951753
2021-06-23,140.1989881362337
2021-06-24,140.12344922972278
2021-06-25,140.31836763597647
2021-06-28,139.86295195929264
2021-06-29,140.14800888617006
2021-06-30,139.25679919798503
2021-07-01,139.20126050382245
2021-07-02,139.59510303109818
2021-07-05,139.6722472353381
2021-07-06,139.6905234448101
2021-07-07,139.66317094527247
2021-07-08,139.38296653391177
2021-07-09,139.17822210383704
2021-07-12,139.4199004185837
2021-07-13,139.19650586273582
2021-07-14,139.46933539846864
2021-07-15,139.46933539846864
2021-07-16,139.3685799276853
2021-07-19,139.39162051165107
2021-07-20,139.3592652638067
2021-07-22,139.3592652638067
2021-07-23,139.25436719267742
2021-07-26,139.5206059158648
2021-07-27,139.70598731881773
2021-07-28,139.70598731881773
2021-07-29,139.70598731881773
2021-07-30,139.59869200736205
2021-08-02,139.55399509742122
2021-08-03,139.61690819206842
2021-08-04,139.50687681885069
2021-08-05,139.67973316062313
2021-08-06,139.76661972006013
2021-08-09,139.8356276292657
2021-08-10,139.47625411534102
2021-08-11,139.289556822796
2021-08-12,139.49826286220303
2021-08-13,139.443273640523
2021-08-16,139.4428039164594
2021-08-17,139.51263722338655
2021-08-18,139.34074415964648
2021-08-19,139.41992658035213
2021-08-20,139.53915846889024
2021-08-23,139.53915846889024
2021-08-24,139.53915846889024
2021-08-25,139.42253130147827
2021-08-26,139.17241183636335
2021-08-27,139.39984225440327
2021-08-30,139.3912407048452
2021-08-31,139.49604504991336
2021-09-01,139.4884032509044
2021-09-02,139.1235138767823
2021-09-03,138.54897142645362
2021-09-06,138.9917455851854
2021-09-07,138.58869213022032
2021-09-08,138.9020627224682
2021-09-09,138.94290318487904
2021-09-10,138.9900472830313
2021-09-13,139.03350735815084
2021-09-14,138.08959313154037
2021-09-15,138.54714242100735
2021-09-16,138.51313339686902
2021-09-17,138.77905685595874
2021-09-20,138.94264907746705
2021-09-21,138.7675057884211
2021-09-22,138.8245310440348
2021-09-23,138.8245310440348
2021-09-24,138.8245310440348
2021-09-27,138.8245310440348
2021-09-28,138.8245310440348
2021-09-29,138.8245310440348
2021-09-30,138.68797870796982
2021-10-01,139.46614025583634
2021-10-04,139.68629988348368
2021-10-05,139.346646764632
2021-10-06,138.7864839429249
2021-10-07,138.76872601888468
2021-10-08,137.82429361506067
2021-10-11,137.4906000409461
2021-10-12,137.61676574431291
2021-10-13,137.98278833689668
2021-10-14,138.14812183160765
2021-10-15,137.9975343077053
2021-10-18,137.25284560312713
2021-10-19,136.81930774081928
2021-10-20,137.572201161613
2021-10-21,138.1449591320801
2021-10-22,137.97099549143098
2021-10-25,138.00622483555688
2021-10-26,138.23484344516575
2021-10-27,137.88913867308915
2021-10-28,138.3105587764663
2021-10-29,138.15598896123686
2021-11-01,137.46235700652068
2021-11-02,137.25079364987903
2021-11-03,137.92217384813645
2021-11-08,137.82143613440968
2021-11-09,137.6577664732044
2021-11-10,138.16907334603897
2021-11-11,136.48717793125974
2021-11-12,137.24155771407274
2021-11-15,136.87737811551642
2021-11-16,136.6439785494195
2021-11-17,136.36602227280454
2021-11-18,136.6800492689406
2021-11-19,136.77939283474646
2021-11-22,136.87893497101072
2021-11-23,136.80354145655787
2021-11-24,136.80354145655787
2021-11-25,136.80354145655787
2021-11-26,136.72803959649823
2021-11-29,136.94809974086047
2021-11-30,137.24734219640993
2021-12-01,136.7861163070429
2021-12-02,136.67447298122843
2021-12-03,136.95476491777856
2021-12-06,136.62594805667894
2021-12-07,136.49068074053113
2021-12-08,136.70032054772574
2021-12-09,136.7358661558101
2021-12-10,136.82589987922393
2021-12-13,136.9026641755298
2021-12-14,136.67338997951097
2021-12-15,136.82026061404767
2021-12-16,136.72098900389628
2021-12-17,136.73374571211681
2021-12-20,136.38536809206232
2021-12-21,135.93745561364386
2021-12-22,136.24427945280698
2021-12-23,136.19400889136378
2021-12-24,136.1437708281636
2021-12-27,136.24104712501997
2021-12-28,136.2166739265152
2021-12-29,136.37930648208413
2021-12-30,136.50742383681538
2021-12-31,136.43088140044202
2022-01-03,136.716625769312
2022-01-04,136.64112569571753
2022-01-05,136.1374870115528
2022-01-06,136.30313174923128
2022-01-07,135.8213831599161
2022-01-10,136.25933757561904
2022-01-11,136.2032500380356
2022-01-12,136.48286628134284
2022-01-13,136.07075600257082
2022-01-14,135.91021071802743
2022-01-17,135.45580523574483
2022-01-18,135.77388797502556
2022-01-19,135.44091306734487
2022-01-20,135.13732310675525
2022-01-21,134.78040867341954
2022-01-24,135.0326210313025
2022-01-25,135.00791483437814
2022-01-26,134.77592453676127
2022-01-27,134.89837903093118
2022-01-28,134.84769634632815
2022-01-31,135.12079251803243
2022-02-01,135.12079251803243
2022-02-02,135.12079251803243
2022-02-03,135.12079251803243
2022-02-04,135.12079251803243
2022-02-07,135.04572186536535
2022-02-08,134.59764735598358
2022-02-09,134.62466830065443
2022-02-10,135.701476198165
2022-02-11,135.62514076233862
2022-02-14,135.95123894961202
2022-02-15,135.44869707346598
2022-02-16,135.43323504398725
2022-02-17,135.1244864213728
2022-02-18,135.3291643786821
2022-02-21,134.7415538869987
2022-02-22,134.80061988160082
2022-02-23,134.87136560610082
2022-02-24,134.8407026597725
2022-02-25,135.13073275575542
2022-02-28,135.1561221991028
2022-03-02,135.36532065170798
2022-03-03,135.36532065170798
2022-03-04,135.36532065170798
2022-03-07,135.36532065170798
2022-03-08,135.36532065170798
2022-03-09,135.36532065170798
2022-03-10,135.36532065170798
2022-03-11,135.28746078005562
2022-03-14,135.4704825740871
2022-03-15,135.8076869069489
2022-03-16,135.8076869069489
2022-03-17,135.8076869069489
2022-03-18,135.8076869069489
2022-03-21,135.8076869069489
2022-03-22,135.8076869069489
2022-03-23,135.72884785032093
2022-03-24,136.12343915642498
2022-03-25,136.0304358591299
2022-03-28,135.9773287573996
2022-03-29,135.86839045400976
2022-03-30,135.90252020946784
2022-03-31,135.90503319219272
2022-04-04,136.25552330548115
2022-04-05,136.25552330548115
2022-04-06,136.1821842816199
2022-04-07,136.14822327104915
2022-04-08,134.23330959384313
2022-04-11,135.36013171643214
2022-04-12,135.70318191751514
2022-04-13,134.50160042662506
2022-04-18,134.83171980991543
2022-04-19,134.84837032298321
2022-04-20,134.50496282828288
2022-04-21,134.762022307681
2022-04-22,134.3360331801388
2022-04-25,134.72581522616872
2022-04-26,134.5903119671781
2022-04-27,134.57806841952336
2022-04-28,134.22944368130706
2022-04-29,134.68291508546798
2022-05-03,134.4138852285431
2022-05-04,128.4500437781386
2022-05-05,130.54976218875015
2022-05-06,130.4846947985892
2022-05-09,130.53185800116697
2022-05-10,130.5287486992684
2022-05-11,130.54590539538634
2022-05-12,130.54590539538634
2022-05-13,130.54590539538634
2022-05-17,130.54590539538634
2022-05-18,130.54590539538634
2022-05-19,130.54590539538634
2022-05-20,130.54590539538634
2022-05-23,130.54590539538634
2022-05-24,130.54590539538634
2022-05-25,130.54590539538634
2022-05-26,130.54590539538634
2022-05-27,130.54590539538634
2022-05-30,130.54590539538634
2022-05-31,130.54590539538634
2022-06-01,130.54590539538634
2022-06-02,130.54590539538634
2022-06-03,130.5307691667936
2022-06-06,130.55261347972444
2022-06-07,130.55261347972444
2022-06-08,130.55261347972444
2022-06-09,130.55261347972444
2022-06-10,130.55261347972444
2022-06-13,130.5375014383267
2022-06-14,130.57160880348252
2022-06-15,130.61537442050025
2022-06-16,130.3418122118409
2022-06-17,130.39715067322297
2022-06-20,130.32220613309335
2022-06-21,130.53222534891228
2022-06-22,130.48751455279915
2022-06-23,130.59073817369108
2022-06-24,130.59073817369108
2022-06-27,130.59073817369108
2022-06-28,130.59073817369108
2022-06-29,130.59073817369108
2022-06-30,130.59073817369108
2022-07-01,130.59073817369108
2022-07-04,130.59073817369108
2022-07-05,130.59073817369108
2022-07-06,130.59073817369108
2022-07-07,130.59073817369108
2022-07-08,130.59073817369108
2022-07-11,130.59073817369108
2022-07-12,130.59073817369108
2022-07-13,130.59073817369108
2022-07-14,130.57553495680705
2022-07-15,130.6975714225853
2022-07-18,130.85312984455527
2022-07-19,130.83786985957641
2022-07-20,130.84624147874126
2022-07-21,130.9497323345235
2022-07-22,130.9497323345235
2022-07-25,130.9497323345235
2022-07-26,130.9344672594037
2022-07-27,130.97142044734537
2022-07-28,131.00285440130443
2022-07-29,131.00487889083988
2022-08-01,131.02699880782473
2022-08-02,131.09696437014108
2022-08-03,131.09696437014108
2022-08-04,131.043709090345
2022-08-05,131.04729057092513
2022-08-08,131.28015288580906
2022-08-10,131.28015288580906
2022-08-11,131.28015288580906
2022-08-12,131.28015288580906
2022-08-16,131.28015288580906
2022-08-17,131.28015288580906
2022-08-18,131.22564466972392
2022-08-19,131.7978690809661
2022-08-22,132.3309077718329
2022-08-23,132.30289473902457
2022-08-24,132.27338979748092
2022-08-25,131.9319055491005
2022-08-26,131.8883127904793
2022-08-29,131.8024671004195
2022-08-30,132.22077313062172
2022-09-01,132.22077313062172
2022-09-02,132.22077313062172
2022-09-05,132.22077313062172
2022-09-06,132.22077313062172
2022-09-07,132.22077313062172
2022-09-08,132.22077313062172
2022-09-09,132.22077313062172
2022-09-12,132.22077313062172
2022-09-13,132.22077313062172
2022-09-14,132.16523579753695
2022-09-15,132.50496505868955
2022-09-16,132.44629447855198
2022-09-19,132.19892061471546
2022-09-20,132.30584460201422
2022-09-21,132.54612709523522
2022-09-22,132.1291222219766
2022-09-23,131.8421795829555
2022-09-26,132.09172442561191
2022-09-27,132.43929024438873
2022-09-28,132.38139065975076
2022-09-29,132.6049859257836
2022-09-30,132.72336570467712
2022-10-03,132.5917005299134
2022-10-04,132.53784731609076
2022-10-06,132.53243914221974
2022-10-07,132.7826220263531
2022-10-10,132.8461520169885
2022-10-11,132.7882064815275
2022-10-12,132.70286278811022
2022-10-13,132.3900846338026
2022-10-14,132.65265444154417
2022-10-17,132.20297923833527
2022-10-18,132.47567971979134
2022-10-19,132.3989410263244
2022-10-20,132.92178915990814
2022-10-21,132.92178915990814
2022-10-25,132.85813327466184
2022-10-27,133.67973810645142
2022-10-28,132.8118697703943
2022-10-31,132.81980761968714
2022-11-01,133.01318940524416
2022-11-02,132.76166417469
2022-11-03,133.11390588104405
2022-11-04,133.05520144125924
2022-11-07,132.89170465813464
2022-11-08,133.23592122586345
2022-11-09,133.23592122586345
2022-11-10,133.1779231653656
2022-11-11,133.50371148391613
2022-11-14,133.49126970885328
2022-11-15,133.5107843144139
2022-11-16,133.56617745398123
2022-11-17,133.50800494826603
2022-11-18,132.8818962684442
2022-11-21,133.17995702806923
2022-11-22,133.2196783659032
2022-11-23,132.9524606048241
2022-11-24,132.73913036303463
2022-11-25,132.62087353136351
2022-11-28,132.86456271751675
2022-11-29,132.6450316863767
2022-11-30,132.65894981081016
2022-12-01,132.80184969765148
2022-12-02,132.8178672195424
2022-12-05,132.82387719532642
2022-12-06,132.86955588165605
2022-12-07,132.51676171194
2022-12-08,132.53448057137163
2022-12-09,132.37320668929544
2022-12-12,132.63658394801067
2022-12-13,132.63658394801067
2022-12-14,132.63658394801067
2022-12-15,132.63658394801067
2022-12-16,132.5752042286553
2022-12-19,132.37346795929196
2022-12-20,132.27873340740905
2022-12-21,132.54527077175106
2022-12-22,132.65329068274343
2022-12-23,132.65329068274343
2022-12-26,132.65329068274343
2022-12-27,132.65329068274343
2022-12-28,132.65329068274343
2022-12-29,132.65329068274343
2022-12-30,132.65329068274343
2023-01-03,132.65329068274343
2023-01-04,132.65329068274343
2023-01-05,132.65329068274343
2023-01-06,132.58362100512736
2023-01-09,132.58986977722185
2023-01-10,132.69449820822032
2023-01-11,132.4522410343105
2023-01-12,132.74918404635366
2023-01-13,132.74918404635366
2023-01-16,132.6775742471281
2023-01-17,132.34592373386405
2023-01-18,132.5010004660313
2023-01-19,132.5836287903082
2023-01-20,132.49156627138927
2023-01-23,132.46184110399744
2023-01-24,132.4597669089718
2023-01-25,132.5112833581093
2023-01-26,132.5001165640926
2023-01-27,131.64647538406652
2023-01-30,131.82936833371554
2023-01-31,131.95807722586588
2023-02-01,132.1942949185383
2023-02-02,132.1942949185383
2023-02-03,132.09995799220874
2023-02-06,132.1212204658715
2023-02-07,132.14881123305526
2023-02-08,132.99874462158004
2023-02-09,133.2963654039117
2023-02-10,132.85564174830432
2023-02-13,132.83431560320648
2023-02-14,132.41684515405046
2023-02-15,132.7396913956043
2023-02-16,133.01275853484717
2023-02-17,132.9135405171176
2023-02-20,133.29317745178614
2023-02-21,133.28042773756587
2023-02-22,133.31699151931895
2023-02-23,133.31699151931895
2023-02-24,133.217406145371
2023-02-27,133.77145271155808
2023-02-28,133.77145271155808
2023-03-01,133.77145271155808
2023-03-02,133.77145271155808
2023-03-03,133.67705448846573
2023-03-06,133.45445586593465
2023-03-07,133.45248834403387
2023-03-08,133.9868849641229
2023-03-09,133.9868849641229
2023-03-10,133.89192286204374
2023-03-13,133.43417472552974
2023-03-14,133.3857255945356
2023-03-15,133.09733035453897
2023-03-16,133.46275459713073
2023-03-17,133.6865785629871
2023-03-20,133.2991672640992
2023-03-21,133.5612059456515
2023-03-22,133.56076200609422
2023-03-23,133.58014014095298
2023-03-24,133.51983254224447
2023-03-27,133.51983254224447
2023-03-28,133.42710775030403
2023-03-29,133.5441700547408
2023-03-31,133.3776656834145
2023-04-03,133.09213523312442
2023-04-05,133.51900289845756
2023-04-06,133.6717892275989
2023-04-07,133.6717892275989
2023-04-10,133.5838170025417
2023-04-11,133.79540311194665
2023-04-12,133.42284245548294
2023-04-13,133.9022845977623
2023-04-14,133.61609046665734
2023-04-17,133.60231618448552
2023-04-18,133.90502782565926
2023-04-19,133.71837782477013
2023-04-20,134.01288269470953
2023-04-21,133.92722750863095
2023-04-24,133.87383152596607
2023-04-25,133.2995256935234
2023-04-26,133.42467013610386
2023-04-27,133.35883720937
2023-04-28,133.2803401686756
2023-05-02,133.38380559476872
2023-05-03,133.4749242617618
2023-05-04,133.2231683605967
2023-05-05,133.2229719993298
2023-05-08,133.26628535916842
2023-05-09,133.44631340762572
2023-05-10,133.44631340762572
2023-05-11,133.44631340762572
2023-05-12,133.44631340762572
2023-05-15,133.44631340762572
2023-05-16,133.44631340762572
2023-05-17,133.44631340762572
2023-05-18,133.44631340762572
2023-05-19,133.44631340762572
2023-05-22,133.34791162803052
2023-05-23,133.70363786398556
2023-05-24,133.60935389865546
2023-05-25,133.6500480434268
2023-05-26,134.0364278665929
2023-05-29,133.7225270508857
2023-05-30,133.86426772575862
2023-05-31,133.78635462099277
2023-06-01,133.96677092516643
2023-06-02,134.21715575060495
2023-06-05,134.21715575060495
2023-06-06,134.11655004868803
2023-06-07,134.02855492265678
2023-06-08,133.88541925475167
2023-06-09,134.1206943934264
2023-06-12,134.1206943934264
2023-06-13,134.1206943934264
2023-06-14,134.1206943934264
2023-06-15,134.1206943934264
2023-06-16,134.01537167660288
2023-06-19,134.26122615601213
2023-06-20,134.158783692529
2023-06-21,134.34220906895794
2023-06-22,134.2889046781811
2023-06-23,134.3539711595859
2023-06-26,134.27768510606785
2023-06-27,134.054274653517
2023-06-28,134.02153667378406
2023-06-29,134.03495814436135
2023-06-30,134.4218700183612
2023-07-03,133.81776716993616
2023-07-04,134.26385208265953
2023-07-05,133.70042506156489
2023-07-06,133.6392269582473
2023-07-07,133.6376113104887
2023-07-10,133.52451219669425
2023-07-11,133.6816634814781
2023-07-12,133.76344090481095
2023-07-13,133.68787790388672
2023-07-14,133.79600030568895
2023-07-17,133.79600030568895
2023-07-18,133.68116262473367
2023-07-19,133.52985597574641
2023-07-20,133.6814153129057
2023-07-21,133.6548961513627
2023-07-24,133.41782153485647
2023-07-25,133.68125252773433
2023-07-26,133.61705104295135
2023-07-27,133.4919923121006
2023-07-28,133.66142555277779
2023-07-31,133.1080181527495
2023-08-01,132.95719955448973
2023-08-02,132.97408904065608
2023-08-03,133.9493017103635
2023-08-04,134.2247494069599
2023-08-07,134.2247494069599
2023-08-08,134.2247494069599
2023-08-09,134.2247494069599
2023-08-10,134.1131788031194
2023-08-11,134.76423149932947
2023-08-14,134.07660353708155
2023-08-15,134.2540234770648
2023-08-16,134.14878831908166
2023-08-17,134.74324086152535
2023-08-18,134.75464125053662
2023-08-21,134.14568716980276
2023-08-22,135.05413101213603
2023-08-23,135.05413101213603
2023-08-24,135.05413101213603
2023-08-25,135.05413101213603
2023-08-28,135.05413101213603
2023-08-29,135.05413101213603
2023-08-30,135.05413101213603
2023-08-31,134.95309323229583
2023-09-01,134.91980943612586
2023-09-04,135.1236279772961
2023-09-05,135.02849970606002
2023-09-06,134.86073951072615
2023-09-07,134.80328688919238
2023-09-08,134.96977153937954
2023-09-11,134.6705048155259
2023-09-12,134.25723319859128
2023-09-13,134.49526505870466
2023-09-14,134.48839616123428
2023-09-15,134.6655595565116
2023-09-18,134.20583162248062
2023-09-19,134.47430822436817
2023-09-20,134.43295954608632
2023-09-21,134.5526941848655
2023-09-22,134.55854730288314
2023-09-25,134.52988379010873
2023-09-26,134.472285674823
2023-09-27,134.52386297205098
2023-09-28,134.52386297205098
2023-09-29,134.52386297205098
2023-10-03,134.52386297205098
2023-10-04,134.42483102513245
2023-10-05,134.5902708618872
2023-10-06,135.03240436986871
2023-10-09,134.65164839195708
2023-10-10,134.88770294669007
2023-10-11,134.94317214984684
2023-10-12,134.84701786605427
2023-10-13,135.01996789173603
2023-10-16,135.01996789173603
2023-10-17,135.01996789173603
2023-10-18,135.01996789173603
2023-10-19,134.92460361254234
2023-10-20,134.87637690445723
2023-10-23,135.09740154861248
2023-10-24,135.09740154861248
2023-10-25,135.00254734029076
2023-10-26,135.21778244328257
2023-10-27,135.21778244328257
2023-10-30,135.122495410569
2023-10-31,135.12497054103065
2023-11-01,135.13995418806184
2023-11-02,135.10284822022365
2023-11-03,135.21920670950422
2023-11-06,135.28204772110715
2023-11-07,135.51227836267444
2023-11-08,135.32518942511197
2023-11-09,135.22176046042125
2023-11-10,135.57041772103895
2023-11-13,135.57041772103895
2023-11-14,135.57041772103895
2023-11-15,135.57041772103895
2023-11-16,135.57041772103895
2023-11-17,135.57041772103895
2023-11-20,135.43976594644798
2023-11-21,135.49645292242914
2023-11-22,135.60450234403922
2023-11-23,135.73190592987606
2023-11-24,135.73190592987606
2023-11-28,135.6026206223375
2023-11-29,135.69856487707665
2023-11-30,135.7042165773838
2023-12-01,135.6555169939927
2023-12-04,135.6555169939927
2023-12-05,135.50547975786148
2023-12-06,135.4978548269752
2023-12-07,135.4978548269752
2023-12-08,135.4978548269752
2023-12-11,135.4978548269752
2023-12-12,135.34005928136676
2023-12-13,135.27737167262765
2023-12-14,135.4584087400433
2023-12-15,134.79818598979995
2023-12-18,134.7987888748093
2023-12-19,134.91909337439196
2023-12-20,134.56466091809023
2023-12-21,135.15277869511863
2023-12-22,134.9915577732437
2023-12-26,134.92094556193862
2023-12-27,135.1512012024106
2023-12-28,135.0791410136354
2023-12-29,135.0713924897057
2024-01-01,135.0713924897057
2024-01-02,135.0713924897057
2024-01-03,135.0713924897057
2024-01-04,135.0713924897057
2024-01-05,134.8949920903846
2024-01-08,134.8531126168949
2024-01-09,135.35730669553425
2024-01-10,135.35730669553425
2024-01-11,135.35730669553425
2024-01-12,135.35730669553425
2024-01-15,135.35730669553425
2024-01-16,135.35730669553425
2024-01-17,135.35730669553425
2024-01-18,135.35730669553425
2024-01-19,135.1627410553352
2024-01-23,135.083197600761
2024-01-24,134.73097719785096
2024-01-25,135.34638119464003
2024-01-26,135.3403504784103
2024-01-29,135.95310463761493
2024-01-30,135.6919863329776
2024-01-31,135.41348332546877
2024-02-01,135.87945983529184
2024-02-02,135.87945983529184
2024-02-05,135.87945983529184
2024-02-06,135.69138068702875
2024-02-07,135.9418442934861
2024-02-08,135.7545078743079
2024-02-09,135.5286077538104
2024-02-12,135.72593856339859
2024-02-13,135.88017282295667
2024-02-14,135.88017282295667
2024-02-15,135.88017282295667
2024-02-16,135.68799051976333
2024-02-20,135.63055191790033
2024-02-21,135.58545860058706
2024-02-22,135.72798284250763
2024-02-23,135.90535327094383
2024-02-26,135.75971323265813
2024-02-27,135.75971323265813
2024-02-28,135.56143695900073
2024-02-29,135.7022253061423
2024-03-01,135.81524646587215
2024-03-04,135.86046353511415
2024-03-05,135.86046353511415
2024-03-06,135.86046353511415
2024-03-07,135.86046353511415
2024-03-08,135.86046353511415
2024-03-11,135.86046353511415
2024-03-12,135.86046353511415
2024-03-13,135.86046353511415
2024-03-14,135.66365623244943
2024-03-15,136.06049094874427
2024-03-18,135.5763240298839
2024-03-19,135.72679532622232
2024-03-20,135.91501015854107
2024-03-21,135.77008677083757
2024-03-22,135.84234756568466
2024-03-26,136.09036913346753
2024-03-27,136.19591220214966
2024-03-28,136.25069985650967
2024-03-29,136.54258554717393
2024-04-02,136.33189287941434
2024-04-03,136.3053736954429
2024-04-04,136.11316028406853
2024-04-05,136.2849719521268
2024-04-08,136.106244857308
2024-04-09,136.10495763729273
2024-04-10,136.09740999443295
2024-04-11,136.08989592523588
2024-04-12,136.45640973530263
2024-04-15,136.45640973530263
2024-04-16,136.26007397016596
2024-04-17,136.12158066253807
2024-04-18,135.94651075168107
2024-04-19,136.15070481732715
2024-04-22,136.0283732873564
2024-04-23,135.9448140119141
2024-04-24,136.30710816598213
2024-04-25,136.00176284165516
2024-04-26,135.9355482027453
2024-04-29,135.9863213764094
2024-04-30,135.772593983716
2024-05-01,135.7722354782838
2024-05-02,135.5613472476807
2024-05-03,135.87422726208428
2024-05-06,135.87422726208428
2024-05-07,135.87422726208428
2024-05-08,135.87422726208428
2024-05-09,135.87422726208428
2024-05-10,135.87422726208428
2024-05-13,135.87422726208428
2024-05-14,135.87422726208428
2024-05-15,135.63862025856884
2024-05-16,135.7209456125005
2024-05-17,135.62846158138936
2024-05-21,135.44165598875605
2024-05-22,135.6260519758878
2024-05-23,135.37724209141044
2024-05-24,134.8678724571579
2024-05-27,134.72827978714685
2024-05-28,134.94157944213808
2024-05-29,134.92638954957164
2024-05-30,134.9926464180461
2024-05-31,135.09002190343415
2024-06-03,134.97301445948594
2024-06-04,135.065979141287
2024-06-05,134.91930082927195
2024-06-06,134.91930082927195
2024-06-07,134.67204287217754
2024-06-10,134.7893010425484
2024-06-11,134.59102851639184
2024-06-12,134.59102851639184
2024-06-13,134.59102851639184
2024-06-14,134.59102851639184
2024-06-18,134.59102851639184
2024-06-19,134.59102851639184
2024-06-20,134.3326898379968
2024-06-21,134.39580945802228
2024-06-24,134.5498564572962
2024-06-25,134.45499278087522
2024-06-26,134.45499278087522
2024-06-27,134.1840400003842
2024-06-28,134.33481345037572
2024-07-01,134.4944974833008
2024-07-02,133.87854349342544
2024-07-03,133.87248175817555
2024-07-04,133.75660595428204
2024-07-05,133.29296674957106
2024-07-08,133.3607620727567
2024-07-09,133.41103073911057
2024-07-10,133.42045222187232
2024-07-11,133.33032033125255
2024-07-12,133.29123245058705
2024-07-15,133.19211647285925
2024-07-16,133.16264323404732
2024-07-17,133.11143539531946
2024-07-18,132.90837545740965
2024-07-19,133.1047213643635
2024-07-22,132.97861336282978
2024-07-23,132.97861336282978
2024-07-24,132.97861336282978
2024-07-25,132.60882087573654
2024-07-26,132.66489036235123
2024-07-29,132.63477133811702
2024-07-30,133.28748542200785
2024-07-31,132.7129187552326
2024-08-01,132.7129187552326
2024-08-02,132.32887171900555
2024-08-05,132.16731961626346
2024-08-06,132.1435017459335
2024-08-07,131.54515873487637
2024-08-08,132.05717164906486
2024-08-09,132.05717164906486
2024-08-12,132.05717164906486
2024-08-13,131.70861452819383
2024-08-14,132.17738515163182
2024-08-15,132.17701502505633
2024-08-16,132.19858283302548
2024-08-19,132.1682320809921
2024-08-20,132.16438461783306
2024-08-21,131.7540221877215
2024-08-22,131.82607059489627
2024-08-23,131.88703943322344
2024-08-26,131.30291066168297
2024-08-27,131.82447465804003
2024-08-28,131.35200577307359
2024-08-29,131.2384076589841
2024-08-30,130.9861164613628
2024-09-02,131.25455650882753
2024-09-03,131.22968445693698
2024-09-04,131.15217899139435
2024-09-05,131.14859346353964
2024-09-06,131.1483021824335
2024-09-09,130.63456942932444
2024-09-10,130.32228257330212
2024-09-11,130.05972976726272
2024-09-12,129.89244359164383
2024-09-13,129.79901883243235
2024-09-16,130.03020746450403
2024-09-17,130.29429431294184
2024-09-18,130.36035446777308
2024-09-19,130.91450297039717
2024-09-20,130.91450297039717
2024-09-23,130.91450297039717
2024-09-24,130.91450297039717
2024-09-25,130.5842619798847
2024-09-26,130.85609939995783
2024-09-27,130.78674760400006
2024-09-30,130.6583606408392
2024-10-01,130.6583606408392
2024-10-02,130.6583606408392
2024-10-03,130.6583606408392
2024-10-04,130.31340556369798
2024-10-07,130.24608653579926
2024-10-08,131.35001374764897
2024-10-09,132.46396571495868
2024-10-10,132.78794351702655
2024-10-11,132.64729572361514
2024-10-14,132.4218864374416
2024-10-15,132.90132535644477
2024-10-16,133.1349956939203
2024-10-17,133.16624239739403
2024-10-18,133.16624239739403
2024-10-21,133.16624239739403
2024-10-22,133.16624239739403
2024-10-23,133.16624239739403
2024-10-24,133.16624239739403
2024-10-25,133.16624239739403
2024-10-28,133.16624239739403
2024-10-29,133.16624239739403
2024-10-30,132.91750539371353
2024-10-31,133.25032648560236
2024-11-01,133.2552204817621
2024-11-04,133.1696417901314
2024-11-05,133.061487824845
2024-11-06,133.061487824845
2024-11-07,132.8221229848392
2024-11-08,132.1742192293406
2024-11-11,132.62775164101652
2024-11-12,133.07714943758944
2024-11-13,132.9286413346481
2024-11-14,133.01737365256278
2024-11-15,133.1212120110791
2024-11-18,132.9747566779972
2024-11-19,132.875160559336
2024-11-20,132.87509995586348
2024-11-21,132.95538915530477
2024-11-22,132.99697095247137
2024-11-25,132.99697095247137
2024-11-26,132.99697095247137
2024-11-27,132.99697095247137
2024-11-28,132.99697095247137
2024-11-29,132.83100379869333
2024-12-02,134.21268053135353
2024-12-03,134.21268053135353
2024-12-04,134.07372326153478
2024-12-05,133.95482579700152
2024-12-06,134.574401937062
2024-12-09,135.2012196041819
2024-12-10,135.26953588780978
2024-12-11,135.21395550799048
2024-12-12,134.93875806925803
2024-12-13,134.93875806925803
2024-12-16,134.93875806925803
2024-12-17,134.93875806925803
2024-12-18,134.80897235410697
2024-12-19,134.6453622202044
2024-12-20,134.73975494385502
2024-12-23,134.78979384793556
2024-12-24,134.86968039372604
2024-12-25,134.86965601474114
2024-12-26,134.87388467480542
2024-12-27,134.78907242733067
2024-12-30,134.79797364565246
2024-12-31,134.93085758037168
2025-01-01,134.93085758037168
2025-01-02,134.93085758037168
2025-01-03,134.93085758037168
2025-01-06,134.93085758037168
2025-01-07,134.7966346771333
2025-01-08,134.90182567457822
2025-01-09,134.90182567457822
2025-01-10,134.90182567457822
2025-01-13,134.77147817911924
2025-01-14,135.13150072959226
2025-01-15,135.05978773779344
2025-01-16,135.45840846413677
2025-01-17,135.45375152139854
2025-01-20,135.45830429813483
2025-01-21,135.3190604218196
2025-01-22,135.39482445942247
2025-01-23,135.28512312894867
2025-01-24,135.28512312894867
2025-01-27,135.28512312894867
2025-01-28,135.28512312894867
2025-01-29,135.28512312894867
2025-01-30,135.28512312894867
2025-01-31,135.28512312894867
2025-02-03,135.28512312894867
2025-02-04,135.28512312894867
2025-02-05,135.28512312894867
2025-02-06,135.28512312894867
2025-02-07,135.28512312894867
2025-02-10,135.28512312894867
2025-02-11,135.28512312894867
2025-02-12,135.14898003896622
2025-02-13,135.22489025693758
2025-02-14,135.27257993624525
2025-02-17,135.15931704897736
2025-02-18,135.14968561283982
2025-02-19,135.13742102576958
2025-02-20,135.02503461928958
2025-02-21,135.02319559199236
2025-02-24,134.97754902445888
2025-02-25,134.9868177396599
2025-02-26,134.9406059909524
2025-02-27,134.91635021425702
2025-02-28,134.95156928706368
2025-03-03,134.98588168360484
2025-03-04,135.1012602280052
2025-03-05,135.10277134470024
2025-03-06,134.82724046729956
2025-03-07,134.94154035568337
2025-03-10,134.65379473698414
2025-03-11,134.68740438700735
2025-03-12,134.69023084915173
2025-03-13,134.85566971596657
2025-03-14,134.83556706632146
2025-03-17,134.9359439698784
2025-03-18,134.83265464367932
2025-03-19,135.61523060976094
2025-03-20,136.33624937934076
2025-03-21,135.89433062689417
2025-03-24,136.08092457988025
2025-03-25,136.1462379507188
2025-03-26,136.3552237780022
2025-03-27,136.41598552727663
2025-03-28,136.73421723617778
2025-04-01,136.65623156246113
2025-04-02,136.64441270499918
2025-04-03,136.55297489946466
2025-04-04,136.0890807549305
2025-04-07,136.5804158755557
2025-04-08,136.3463333314608
2025-04-09,136.77702480255502
2025-04-10,136.77702480255502
2025-04-11,136.53479804872214
2025-04-15,136.65288875294777
2025-04-16,136.41506909932116
2025-04-17,136.48886968872029
2025-04-18,136.52512027473742
2025-04-21,135.8593818706464
2025-04-22,136.19306688103964
2025-04-23,136.23527138037872
2025-04-24,135.15496633241875
2025-04-25,136.20350359376621
2025-04-28,136.11855862380733
2025-04-29,135.93987269906145
2025-04-30,135.769633244833
2025-05-01,135.7356262377375
2025-05-02,135.43638669772068
2025-05-05,135.52467212729277
2025-05-06,135.5546132668937
2025-05-07,135.20138660999768
2025-05-08,136.17588716514618
2025-05-09,135.98350580415504
2025-05-13,135.98712550006525
2025-05-14,135.81181380212834
2025-05-15,136.23202604236383
2025-05-16,136.23202604236383
2025-05-19,136.05143718764393
2025-05-20,136.178666222028
2025-05-21,136.4635472390456
2025-05-22,136.2876748548443
2025-05-23,136.32463915095533
2025-05-26,136.2956997403829
2025-05-27,136.2956997403829
2025-05-28,136.2956997403829
2025-05-29,136.12398309448463
2025-05-30,135.85760743700607
2025-06-02,135.82106636209028
2025-06-03,135.5528921315855
2025-06-04,135.7258815114499
2025-06-05,135.69220348515597
2025-06-06,137.2366492875931
2025-06-09,137.1279946170939
2025-06-10,136.87572892405626
2025-06-11,137.23608813173234
2025-06-12,137.20691460071606
2025-06-13,137.4570341029337
2025-06-16,137.37588793464414
2025-06-17,137.37588793464414
2025-06-18,137.37588793464414
2025-06-19,137.37588793464414
2025-06-20,137.37588793464414
2025-06-23,137.37588793464414
2025-06-24,137.37588793464414
2025-06-25,137.37588793464414
2025-06-26,137.37588793464414
2025-06-27,137.37588793464414
2025-06-30,137.37588793464414
2025-07-01,137.37588793464414
2025-07-02,137.235237276477
2025-07-03,137.19499283778865
2025-07-04,137.23145743736117
2025-07-07,137.34920939980552
2025-07-08,137.21424896535467
2025-07-09,137.4547381326769
2025-07-10,137.2724691556455
2025-07-11,137.22019726178831
2025-07-14,137.33886831151426
2025-07-15,137.33886831151426
2025-07-16,137.33886831151426
2025-07-17,137.1937764574976
2025-07-18,137.14515014870287
2025-07-21,136.82588770260693
2025-07-22,136.90487386165603
2025-07-23,137.0831986071682
2025-07-24,136.9642034418229
2025-07-25,136.6951657345575
2025-07-28,136.74117390481973
2025-07-29,137.03135733828685
2025-07-30,137.04162363008493
2025-07-31,136.96318282643202
2025-08-01,137.04843838038713
2025-08-04,136.95924018180307
2025-08-05,136.95924018180307
2025-08-06,136.79750218242015
2025-08-07,136.8954281908052
2025-08-08,136.94297123492004
2025-08-11,136.95550094422856
2025-08-12,136.66639953344878
2025-08-13,136.68731674890518
2025-08-14,136.67241813891488
2025-08-15,136.61237207433106
2025-08-18,136.28017235673292
2025-08-19,135.99261416936997
2025-08-20,136.24040796313523
2025-08-21,136.11042218401346
2025-08-22,136.18448640254388
2025-08-25,136.29001678610305
2025-08-26,135.2369165391558
2025-08-28,135.30609054017793
2025-08-29,135.52588250733234
2025-09-01,135.0288855770189
2025-09-02,134.41674755181197
2025-09-03,133.6943579077494
2025-09-04,133.7125534654539
2025-09-05,134.34265142150764
2025-09-09,134.66486620226104
2025-09-10,134.7520048384243
2025-09-11,134.93118856110235
2025-09-12,134.99156288684432
2025-09-15,134.99156288684432
2025-09-16,134.99156288684432
2025-09-17,134.99156288684432
2025-09-18,134.99156288684432
2025-09-19,134.99156288684432
2025-09-22,134.99156288684432
2025-09-23,134.99156288684432
2025-09-24,134.99156288684432
2025-09-25,134.99156288684432
2025-09-26,134.99156288684432
2025-09-29,134.99156288684432
2025-09-30,134.79792209780902
2025-10-01,135.00537560868636
2025-10-02,135.00537560868636
2025-10-03,134.81749906948255
2025-10-06,135.04886116163436
2025-10-07,135.22986971966537
2025-10-08,135.12514529853632
2025-10-09,135.12514529853632
2025-10-10,134.93560318195995
2025-10-13,134.6224923710318
2025-10-14,134.83038797872936
2025-10-15,134.97315376444462
2025-10-16,134.7908750818668
2025-10-17,135.02225983021336
2025-10-20,135.1044532344801
2025-10-21,134.92040859907172
2025-10-22,135.03898977325454
2025-10-23,134.55770150332413
2025-10-24,135.0788465536844
2025-10-27,135.0788465536844
2025-10-28,135.0788465536844
2025-10-29,135.0788465536844
2025-10-30,135.0788465536844
2025-10-31,135.0788465536844
2025-11-03,134.8961255239405
2025-11-04,134.83955072662772
2025-11-05,135.00300237877997
2025-11-06,134.98388532336406
2025-11-07,134.74257522077508
2025-11-10,134.66528729195983
2025-11-11,134.48581019117165
2025-11-12,134.39080539655086
2025-11-13,134.5982937244906
2025-11-14,134.64916952718636
2025-11-17,134.5423360245483
2025-11-18,134.67016727254466
2025-11-19,135.06242542911767
2025-11-20,134.76014782886853
2025-11-21,134.98457324742043
2025-11-24,134.80508266703163
2025-11-25,134.87968939633842
2025-11-26,134.8764150289103
2025-11-27,134.70194446067336
2025-11-28,134.5838971507907
2025-12-01,134.38562277042607
2025-12-02,134.53677763017038
2025-12-03,134.6411411170089
2025-12-04,135.00610505892251
2025-12-05,135.00610505892251
2025-12-08,135.00610505892251
2025-12-09,134.77713324587518
2025-12-10,134.82404669989825
2025-12-11,134.60173341619304
2025-12-12,134.52953017114712
2025-12-15,134.6730503716932
2025-12-16,134.52420493259552
2025-12-17,134.87919113621308
2025-12-18,134.41010028279027
2025-12-19,134.4899431335673
2025-12-22,134.24642658277472
2025-12-23,134.22551196062423
2025-12-24,133.81501928195476
2025-12-25,134.13472679367447
2025-12-26,133.99279257168843
2025-12-29,134.2757942361911
2025-12-30,134.67450689927367
2025-12-31,134.67450689927367
2026-01-01,134.43272661538398
