,Mexico
2017-02-28,99.94745810887622
2017-03-01,99.9075963667897
2017-03-02,100.07865263631017
2017-03-03,99.75683710645082
2017-03-06,99.97100329598636
2017-03-07,99.8556974991524
2017-03-08,100.25119148879185
2017-03-09,100.01433298382476
2017-03-10,100.38394777526645
2017-03-13,100.37555300244998
2017-03-14,100.30274043596343
2017-03-15,100.50329945412489
2017-03-16,100.30757679604092
2017-03-17,100.56261490548235
2017-03-21,100.4367460740671
2017-03-22,100.46313063468347
2017-03-23,100.07889811369857
2017-03-24,100.14460019477136
2017-03-27,100.17448711768225
2017-03-28,100.2636514760565
2017-03-29,100.25984097463805
2017-03-30,100.09454943586643
2017-03-31,100.25525034105169
2017-04-03,100.40579533669333
2017-04-04,100.3711874196458
2017-04-05,100.09765436085856
2017-04-06,100.2155391000236
2017-04-07,100.41355017186785
2017-04-10,100.48479494122734
2017-04-11,100.34597232490474
2017-04-12,100.5834171341744
2017-04-17,100.64399588649063
2017-04-18,100.56332237328445
2017-04-19,100.67012285266397
2017-04-20,100.51204842329193
2017-04-21,100.5656849015982
2017-04-24,100.37869417449667
2017-04-25,100.54807411762505
2017-04-26,100.42944185639185
2017-04-27,100.48355819260581
2017-04-28,100.66126366917291
2017-05-02,100.867004086895
2017-05-03,100.96717310252698
2017-05-04,101.11252395033881
2017-05-05,101.26914864637222
2017-05-08,101.10407522729292
2017-05-09,101.05556629030134
2017-05-10,101.1457591210205
2017-05-11,101.20633367298409
2017-05-12,101.115999010974
2017-05-15,101.19601014569952
2017-05-16,101.16470005850388
2017-05-17,101.03934380618749
2017-05-18,101.33837555087777
2017-05-19,101.09301691899977
2017-05-22,101.17282984186934
2017-05-23,101.61983154567413
2017-05-24,101.79608916963147
2017-05-25,101.61816103795091
2017-05-26,101.57025095357241
2017-05-30,101.67911915126737
2017-05-31,101.46449414161363
2017-06-01,101.36332615706038
2017-06-02,101.61997764231899
2017-06-05,101.77223300553145
2017-06-06,101.62022078007193
2017-06-07,101.84274763905049
2017-06-08,102.15283266168855
2017-06-09,102.01785166070721
2017-06-12,102.02279678229533
2017-06-13,101.94580982658981
2017-06-14,101.96132774268874
2017-06-15,102.3289066065157
2017-06-16,103.58857052813077
2017-06-19,103.43445151472821
2017-06-20,103.50716382808893
2017-06-21,103.40156683174837
2017-06-22,103.23780276685743
2017-06-23,101.36063877371649
2017-06-26,101.08191108428035
2017-06-27,101.40169492577861
2017-06-28,101.51783410271611
2017-06-29,101.33476148283079
2017-06-30,101.47612885919513
2017-07-03,101.45875511648622
2017-07-04,101.13427030929714
2017-07-05,101.46579381995538
2017-07-06,101.70514283473658
2017-07-07,101.50879193870799
2017-07-10,101.24959860491667
2017-07-11,101.13745129380757
2017-07-12,101.0990536258858
2017-07-13,101.21975757959245
2017-07-14,100.9472346233174
2017-07-17,101.01579196033516
2017-07-18,101.21717036245855
2017-07-19,101.21821867681592
2017-07-20,101.23253457723575
2017-07-21,101.36702696835394
2017-07-24,101.36414865903684
2017-07-25,101.44417154194716
2017-07-26,101.42592040243758
2017-07-27,101.51063866925121
2017-07-28,101.57675466861447
2017-07-31,101.64567419172185
2017-08-01,102.09570353586331
2017-08-02,102.21029324766285
2017-08-03,102.05288950485394
2017-08-04,102.24361894242683
2017-08-07,102.13039096649199
2017-08-08,102.1102110608564
2017-08-09,101.95633727398405
2017-08-10,101.79689619115881
2017-08-11,101.65784505631592
2017-08-14,101.70562162313794
2017-08-15,101.61198884848052
2017-08-16,101.66877494473037
2017-08-17,101.54919775273994
2017-08-18,101.53350631541022
2017-08-21,101.58346291768669
2017-08-22,101.65325591160743
2017-08-23,101.7739871521111
2017-08-24,101.89698925622517
2017-08-25,102.00644563854482
2017-08-28,101.90419379846256
2017-08-29,101.76139116757206
2017-08-30,101.82719520272849
2017-08-31,101.81021318206656
2017-09-01,101.75205679056627
2017-09-05,101.72096612765304
2017-09-06,101.8106666422536
2017-09-07,101.21657422199807
2017-09-08,100.91762796559831
2017-09-11,100.8343937144359
2017-09-12,100.88650438630114
2017-09-13,100.86168300793032
2017-09-14,101.05201041149623
2017-09-15,101.08767752639953
2017-09-18,101.24899574498288
2017-09-19,101.27605881403422
2017-09-20,101.36138235712251
2017-09-21,101.10010187475855
2017-09-22,101.01570072179551
2017-09-25,101.13312296726984
2017-09-26,101.08703639197125
2017-09-27,101.00466197705924
2017-09-28,101.12213820304723
2017-09-29,100.9444891286539
2017-10-02,101.00161703709634
2017-10-03,101.03065835494931
2017-10-04,101.22360105063856
2017-10-05,101.52170489373991
2017-10-06,101.5963689228091
2017-10-09,101.18719201954724
2017-10-10,100.90348406795965
2017-10-11,101.45783777217822
2017-10-12,102.58082385044465
2017-10-13,102.14574319907935
2017-10-16,101.51029996546102
2017-10-17,101.6991155092303
2017-10-18,101.91510513665945
2017-10-19,102.37019747367897
2017-10-20,102.59128325837365
2017-10-23,102.86462691478128
2017-10-24,102.76286344745525
2017-10-25,102.65768837951319
2017-10-26,102.27928745428432
2017-10-27,102.14090056202313
2017-10-30,102.31848332248816
2017-10-31,102.1964621950028
2017-11-01,102.20112052118775
2017-11-02,102.06166682045765
2017-11-03,102.03638372759703
2017-11-06,101.92523933563481
2017-11-07,101.90120579905538
2017-11-08,101.69050407391809
2017-11-09,101.60415725562521
2017-11-10,101.62168366054493
2017-11-13,101.679458487086
2017-11-14,101.82985874130407
2017-11-15,101.87757161259023
2017-11-16,101.85956530971745
2017-11-17,101.86043015682486
2017-11-21,101.94894043219855
2017-11-22,101.95226239337778
2017-11-23,102.13763257709604
2017-11-24,102.79524028322999
2017-11-27,102.80829208331312
2017-11-28,102.62324338169073
2017-11-29,102.6375831965726
2017-11-30,102.69146909982902
2017-12-01,102.80611756877467
2017-12-04,103.06173196574555
2017-12-05,103.15920533040135
2017-12-06,103.33822527356801
2017-12-07,103.16308836100461
2017-12-08,103.25058485559504
2017-12-11,103.30229338057954
2017-12-12,103.86008078211665
2017-12-13,103.54530978396812
2017-12-14,103.88052642156748
2017-12-15,104.50510381950558
2017-12-18,104.55539319353441
2017-12-19,104.61270533766395
2017-12-20,104.28681117592038
2017-12-21,104.12196563843882
2017-12-22,104.24947468847651
2017-12-26,104.0081863940302
2017-12-27,104.1302238625363
2017-12-28,104.00151101251967
2017-12-29,103.94234103357174
2018-01-02,103.50703158719719
2018-01-03,103.13790159343836
2018-01-04,102.9475103091112
2018-01-05,103.02237093659873
2018-01-08,102.92507992067364
2018-01-09,103.08862980935925
2018-01-10,103.23161366418292
2018-01-11,102.62718993436279
2018-01-12,102.50822561630228
2018-01-16,102.18227925155925
2018-01-17,102.26079050452523
2018-01-18,102.2597874813922
2018-01-19,102.485496881736
2018-01-22,102.48013535483686
2018-01-23,102.35341435806316
2018-01-24,101.42226024473825
2018-01-25,101.51958025426799
2018-01-26,101.9495045576328
2018-01-29,102.20660278212843
2018-01-30,102.04201603793481
2018-01-31,101.64084031459804
2018-02-01,101.61196739286729
2018-02-02,101.62977937222371
2018-02-06,101.87684871115319
2018-02-07,102.13373784573913
2018-02-08,101.56411433400496
2018-02-09,101.41139236258275
2018-02-12,101.45950805142239
2018-02-13,101.3623681199671
2018-02-14,101.40715137891883
2018-02-15,101.17239451403097
2018-02-16,101.28900293631331
2018-02-20,101.52877444291634
2018-02-21,101.72615580556561
2018-02-22,102.25516286275078
2018-02-23,102.21437824699335
2018-02-26,102.32658442121227
2018-02-27,102.3660023712064
2018-02-28,102.3691866634378
2018-03-01,102.29757802696713
2018-03-02,102.56880323540534
2018-03-05,102.44205643481108
2018-03-06,102.18185449453729
2018-03-07,102.30607741929101
2018-03-08,102.47768375794672
2018-03-09,102.56027717139256
2018-03-12,102.35408320707909
2018-03-13,102.45698765197795
2018-03-14,102.34970083910169
2018-03-15,102.39457413112896
2018-03-16,102.29424867893148
2018-03-20,102.22564684487101
2018-03-21,102.80524729224318
2018-03-22,102.49173873134512
2018-03-23,102.49478027124243
2018-03-26,102.59441017571937
2018-03-27,102.68842043835676
2018-03-28,102.75103917011579
2018-04-02,102.7323156729456
2018-04-03,102.77506701662065
2018-04-04,102.79550604029947
2018-04-05,102.57688522996008
2018-04-06,102.70262410974382
2018-04-09,102.72858385669521
2018-04-10,102.98733773020732
2018-04-11,103.05109129655925
2018-04-12,103.0358003806299
2018-04-13,103.14372797415206
2018-04-16,103.08814580713681
2018-04-17,102.96694546848724
2018-04-18,103.3142836615387
2018-04-19,103.48995711018706
2018-04-20,103.67392160685512
2018-04-23,103.55719130471235
2018-04-24,103.52133265732697
2018-04-25,103.5664017972116
2018-04-26,103.34903275106673
2018-04-27,103.51788747392405
2018-04-30,103.38004338941191
2018-05-02,103.50580047808413
2018-05-03,103.65307163901585
2018-05-04,103.72608181653456
2018-05-07,103.86632130403584
2018-05-08,104.39512588597175
2018-05-09,104.43015198615863
2018-05-10,104.10005879864886
2018-05-11,104.57212102966645
2018-05-14,104.50267214526123
2018-05-15,105.12860364106554
2018-05-16,104.93609099674669
2018-05-17,104.96979923359235
2018-05-18,105.33577778463712
2018-05-21,105.42369458481143
2018-05-22,105.44088347216447
2018-05-23,105.54813220248434
2018-05-24,105.89684518754066
2018-05-25,105.99373821625957
2018-05-29,105.5197087394216
2018-05-30,105.05857895820148
2018-05-31,104.62609839247447
2018-06-01,104.67775829551067
2018-06-04,104.68422297849133
2018-06-05,104.95751355862421
2018-06-06,105.11089287059437
2018-06-07,104.96362517050277
2018-06-08,104.99248341843345
2018-06-11,104.95454630922542
2018-06-12,104.50700994637133
2018-06-13,104.24771924731667
2018-06-14,103.70000719946508
2018-06-15,103.33279899927024
2018-06-18,103.67379058156565
2018-06-19,104.18674465586703
2018-06-20,104.92072294594918
2018-06-21,105.05023806308455
2018-06-22,104.88838440673204
2018-06-25,105.41968572906816
2018-06-26,105.42743471447614
2018-06-27,105.34478821892259
2018-06-28,105.81102601295018
2018-06-29,105.78991063053336
2018-07-02,105.55822643986883
2018-07-03,105.75294690647749
2018-07-05,105.65164108157248
2018-07-06,105.51961090152753
2018-07-09,105.46273032946367
2018-07-10,105.5318840408312
2018-07-11,105.49828123259206
2018-07-12,105.87056516600299
2018-07-13,106.64194058965433
2018-07-16,106.26519919195825
2018-07-17,106.1410879603629
2018-07-18,105.82633928961486
2018-07-19,105.90206001750519
2018-07-20,105.87827121638773
2018-07-23,105.98702595028851
2018-07-24,105.95776756745498
2018-07-25,106.17009597854165
2018-07-26,105.90715138550915
2018-07-30,106.0636119637853
2018-07-31,106.0632604480533
2018-08-01,106.14186901752525
2018-08-02,106.24541885087208
2018-08-03,105.95763558731481
2018-08-06,105.86742582779254
2018-08-07,105.76636866822074
2018-08-08,105.66958787406921
2018-08-09,105.52686581321025
2018-08-10,105.47474720223661
2018-08-13,105.24246543405775
2018-08-14,105.20717946877379
2018-08-15,104.9799195691003
2018-08-16,104.99686327708137
2018-08-17,104.97603913975755
2018-08-20,104.98410351240427
2018-08-21,104.8058393951909
2018-08-22,105.01294273290505
2018-08-23,105.03655120296452
2018-08-24,104.93915772602422
2018-08-27,104.9426651674254
2018-08-28,104.99814603935604
2018-08-29,104.70337023288498
2018-08-30,104.32235187752812
2018-08-31,104.34992607699685
2018-09-04,103.7729127040502
2018-09-05,104.00353553427955
2018-09-06,103.97630922514742
2018-09-07,103.74753874431644
2018-09-10,103.80114469096453
2018-09-11,103.87827085453564
2018-09-12,104.00395336441073
2018-09-13,104.46771420632288
2018-09-14,104.34832098298124
2018-09-17,104.26720529787545
2018-09-18,104.07015798049824
2018-09-19,104.127957422791
2018-09-20,104.1106225670072
2018-09-21,104.19376437319802
2018-09-24,104.5538542183011
2018-09-25,104.44647735828347
2018-09-26,104.76328376165951
2018-09-27,105.0240986313459
2018-09-28,105.24656721043814
2018-10-01,105.20181709618292
2018-10-02,104.84312749285675
2018-10-03,104.9327562258855
2018-10-04,104.43569487621409
2018-10-05,104.47594480247385
2018-10-09,104.498016379083
2018-10-10,104.44811179989628
2018-10-11,104.35813688511072
2018-10-12,104.34705757531442
2018-10-15,104.32137906792431
2018-10-16,104.55128004467964
2018-10-17,104.44791949024885
2018-10-18,104.4014403918621
2018-10-19,104.99564251112893
2018-10-22,105.66954638420142
2018-10-23,105.49840571059023
2018-10-24,105.81218043001581
2018-10-25,105.5254128359075
2018-10-26,105.59863390224959
2018-10-29,106.5768841179393
2018-10-30,106.66662334578334
2018-10-31,107.37891594389811
2018-11-01,106.73987917835098
2018-11-05,107.20273501320993
2018-11-06,107.59592439779647
2018-11-07,107.38852541880317
2018-11-08,107.12396417016625
2018-11-09,107.21505222200602
2018-11-13,107.39878839886177
2018-11-14,107.1060251247481
2018-11-15,107.27022876547355
2018-11-16,107.34602028858168
2018-11-20,107.63523918816853
2018-11-21,107.40948866285636
2018-11-23,107.60998120197793
2018-11-26,107.38478777807741
2018-11-27,107.04776653104172
2018-11-28,107.46463606087818
2018-11-29,107.45842882502656
2018-11-30,107.56732796085333
2018-12-03,107.42765288940987
2018-12-04,107.23924480474447
2018-12-05,107.10796571611915
2018-12-06,107.4348035680871
2018-12-07,107.57779780786876
2018-12-10,107.3666602697041
2018-12-11,107.40397700626743
2018-12-20,107.77456805029671
2018-12-21,107.90826399791354
2018-12-26,107.86404480462434
2018-12-27,107.67742395356011
2018-12-28,107.84848136651613
2019-01-02,108.51188428647573
2019-01-03,108.94309202059969
2019-01-04,108.7204988669551
2019-01-07,108.65899671607677
2019-01-08,108.63040419989518
2019-01-09,108.55045630403247
2019-01-10,107.90012501811748
2019-01-11,107.9837609440818
2019-01-15,108.12003524151213
2019-01-16,108.39819842468764
2019-01-17,108.47096932650486
2019-01-18,108.06620447986558
2019-01-22,107.96041520443067
2019-01-23,108.28916626299213
2019-01-24,107.5217467658228
2019-01-25,107.66461303624457
2019-01-28,107.61867981301185
2019-01-29,107.54017645077101
2019-01-30,107.34592024737401
2019-01-31,107.38892532294828
2019-02-01,107.38811000141868
2019-02-05,107.64747596547059
2019-02-06,107.65428941574353
2019-02-07,107.49892454364375
2019-02-08,107.72593394382525
2019-02-11,107.55525090687294
2019-02-12,107.61619741126978
2019-02-13,107.62303091959701
2019-02-14,107.40604432086892
2019-02-15,107.65902284866303
2019-02-19,107.5995670282923
2019-02-20,107.63318641491118
2019-02-21,107.66817044152586
2019-02-22,107.59964642348929
2019-02-25,107.94456176249112
2019-02-26,107.54745732184172
2019-02-27,107.5485149817891
2019-02-28,107.77235586201725
2019-03-01,107.83251661450444
2019-03-04,108.03588585882179
2019-03-05,108.0321904624852
2019-03-06,107.85991547108532
2019-03-07,107.93379615191373
2019-03-08,108.03183208676997
2019-03-11,108.09932759117822
2019-03-12,108.03230436548506
2019-03-13,107.89629372209161
2019-03-14,108.0325657919139
2019-03-15,108.02684066612889
2019-03-19,108.06497814016085
2019-03-20,108.15017107941453
2019-03-25,108.26791979828685
2019-03-26,108.38488589711805
2019-03-27,108.23634111465734
2019-03-28,108.3931305933891
2019-03-29,108.38565144947962
2019-04-01,108.49309748779899
2019-04-02,108.39106571969911
2019-04-03,108.36888342917644
2019-04-04,108.49797118730864
2019-04-05,108.39117895967895
2019-04-08,108.4646282741615
2019-04-09,108.45676413934872
2019-04-10,108.61211231092153
2019-04-11,108.66272519031494
2019-04-12,108.72034415131992
2019-04-15,108.74338703524012
2019-04-16,108.76979234702881
2019-04-17,108.81904031375637
2019-04-22,108.80208154322588
2019-04-23,108.69131664709863
2019-04-24,109.02066523052419
2019-04-25,108.96996824412876
2019-04-26,108.79468587833033
2019-04-29,108.76227162478571
2019-04-30,108.55266179406597
2019-05-02,108.51922631919389
2019-05-03,108.61393439697973
2019-05-06,108.73469979004493
2019-05-07,108.86112571105471
2019-05-08,108.6720444852439
2019-05-09,108.73910905562869
2019-05-10,108.82635329644725
2019-05-13,108.68546937057906
2019-05-14,108.62780593432859
2019-05-15,108.44686101167362
2019-05-16,108.34673458600545
2019-05-17,108.65220706554031
2019-05-20,108.94244555159153
2019-05-21,108.77451389499468
2019-05-22,108.87118399920983
2019-05-23,108.82411435874673
2019-05-24,108.77636209577501
2019-05-27,108.36486820978833
2019-05-28,108.27868301633117
2019-05-29,108.40526869609606
2019-05-30,108.6613882679615
2019-05-31,108.02162980913215
2019-06-03,108.24158207916767
2019-06-04,107.87562304192788
2019-06-05,108.13028196553418
2019-06-06,108.00287019086947
2019-06-07,108.57238848132592
2019-06-10,107.83510472631059
2019-06-11,108.28291420710401
2019-06-12,108.31923940244555
2019-06-13,107.73670919408526
2019-06-14,107.15829170667064
2019-06-17,107.51056126679602
2019-06-18,106.50131568008561
2019-06-19,106.65382654717064
2019-06-20,106.80511415764275
2019-06-21,106.38157151380665
2019-06-24,107.52382058461143
2019-06-25,107.41591197806879
2019-06-26,107.55070946195882
2019-06-27,107.2289272420409
2019-06-28,107.2385451408917
2019-07-01,107.5394637273851
2019-07-02,106.80844810305547
2019-07-03,105.90939527030048
2019-07-05,105.79493073318757
2019-07-08,105.75387901213749
2019-07-09,106.42996911434686
2019-07-10,106.13670354555981
2019-07-11,106.74549015042938
2019-07-12,106.0301713439772
2019-07-15,106.99055473747
2019-07-16,107.11497341657856
2019-07-17,106.55440868376911
2019-07-18,106.07828569903488
2019-07-19,106.27673686063073
2019-07-22,106.51221122300998
2019-07-23,106.68806597306664
2019-07-24,107.03058636460752
2019-07-25,106.88641552355662
2019-07-26,106.79381412811037
2019-07-29,106.72788743451984
2019-07-30,106.81034084446763
2019-07-31,106.95685193782849
2019-08-01,106.81714968891383
2019-08-02,107.5192598515182
2019-08-05,107.44375657013224
2019-08-06,107.62981805939211
2019-08-07,107.85027083457166
2019-08-08,108.13926549848031
2019-08-09,108.2464743965764
2019-08-12,108.41291626015617
2019-08-13,108.44389402866648
2019-08-14,108.72711056070887
2019-08-15,109.34178128782523
2019-08-16,109.30394433767276
2019-08-19,109.24512326045016
2019-08-20,109.16824806848122
2019-08-21,109.02280827367348
2019-08-22,109.12654505996657
2019-08-23,109.33872121512455
2019-08-26,109.38367541143721
2019-08-27,109.40020379481172
2019-08-28,109.305290593681
2019-08-29,109.30569999157113
2019-08-30,109.08212600285412
2019-09-02,109.0816728099639
2019-09-03,109.04521662069035
2019-09-04,109.04466203398357
2019-09-05,109.11411745393207
2019-09-06,109.18100945011912
2019-09-09,109.12212767544833
2019-09-10,108.84241232074652
2019-09-11,109.21237475489647
2019-09-12,109.64307395726397
2019-09-13,109.7301981638366
2019-09-16,109.66477789857672
2019-09-17,109.57551512948622
2019-09-18,109.84243894699834
2019-09-19,109.80665337703257
2019-09-20,109.82440580497372
2019-09-23,109.83728155943786
2019-09-24,109.92780724362261
2019-09-25,109.99621841117133
2019-09-26,110.38809089756259
2019-09-27,110.26181483128485
2019-09-30,110.0389189068732
2019-10-01,109.86221658411084
2019-10-02,109.752348228165
2019-10-03,109.28472042752637
2019-10-04,109.35076791610105
2019-10-07,109.26230702555921
2019-10-08,109.11789084547819
2019-10-09,109.06665863522748
2019-10-10,109.12785742384852
2019-10-11,109.31702135059015
2019-10-14,109.04692616836805
2019-10-15,109.26547899340899
2019-10-16,109.41745876342195
2019-10-17,109.55619164013773
2019-10-18,109.68767610735391
2019-10-21,109.98798622642487
2019-10-22,109.9103327347533
2019-10-23,109.86646174315639
2019-10-24,109.53024183971824
2019-10-25,109.39180389239934
2019-10-28,109.35243664582195
2019-10-29,109.44400134039107
2019-10-30,109.48960101673035
2019-10-31,109.3573393852608
2019-11-01,109.30477966771105
2019-11-04,109.40447337111286
2019-11-05,109.25768552753124
2019-11-06,109.31520056081392
2019-11-07,109.40659337118042
2019-11-08,109.4769606832084
2019-11-11,109.31710474006033
2019-11-12,109.57465569138063
2019-11-13,110.21195444981092
2019-11-14,110.21635143535968
2019-11-15,110.11511762606838
2019-11-18,110.17799706191049
2019-11-19,110.31769132268596
2019-11-20,109.89555142709551
2019-11-21,109.56933836337848
2019-11-22,109.7931490475714
2019-11-25,109.23151883091455
2019-11-26,109.1576007204197
2019-11-27,109.13935308555787
2019-11-29,109.05989998102903
2019-12-02,109.06413533365213
2019-12-03,109.09984780752802
2019-12-04,109.00470428756933
2019-12-05,109.04102999901129
2019-12-06,108.9751415747242
2019-12-09,109.25448122318926
2019-12-10,109.32067520921238
2019-12-11,109.53823033659683
2019-12-12,109.53809107744041
2019-12-13,109.40614773217865
2019-12-16,109.40052568118772
2019-12-17,109.08144113761968
2019-12-18,109.19442073794099
2019-12-19,109.35107679609783
2019-12-20,110.10585345893315
2019-12-23,110.2508068902071
2019-12-24,110.2093393450868
2019-12-25,110.25481611257261
2019-12-26,109.98678682122186
2019-12-27,110.47987439094919
2019-12-30,110.45310003040841
2019-12-31,110.62985633024871
2020-01-02,110.00397522945089
2020-01-03,109.94609124565649
2020-01-06,110.14082222080546
2020-01-07,110.00704521729902
2020-01-08,110.00339196616531
2020-01-09,110.03643523469427
2020-01-10,109.73729159600964
2020-01-13,109.92100409203344
2020-01-14,110.25123728308124
2020-01-15,109.7397432038252
2020-01-16,110.0018855048798
2020-01-17,109.91796105030414
2020-01-20,110.01148253862966
2020-01-21,109.87505585589025
2020-01-22,110.04871315850848
2020-01-23,110.13345137077415
2020-01-24,110.0834746421068
2020-01-27,110.16731044161654
2020-01-28,110.38482004003416
2020-01-29,110.45748688915675
2020-01-30,110.45294108364847
2020-01-31,110.41708630261154
2020-02-03,110.41704071102414
2020-02-04,110.29803487861346
2020-02-05,110.15492062924861
2020-02-06,109.65684236586742
2020-02-07,109.55827513137528
2020-02-10,109.43041867698531
2020-02-11,109.68622964634672
2020-02-12,110.00162481682824
2020-02-13,110.22472660450251
2020-02-14,110.49378953340918
2020-02-17,110.48987093040475
2020-02-18,110.47336305650867
2020-02-19,110.64088054058543
2020-02-20,110.59221998261613
2020-02-21,110.59965065967975
2020-02-24,110.56250521062896
2020-02-25,110.40692965720427
2020-02-26,110.53775610688407
2020-02-27,110.56841437583704
2020-02-28,111.03845089916575
2020-03-02,111.92751026248935
2020-03-03,111.79596004548966
2020-03-04,111.39656286845216
2020-03-05,111.22743895026935
2020-03-06,111.01611886354644
2020-03-09,111.27547932930455
2020-03-10,110.74255850600451
2020-03-11,111.413299422684
2020-03-12,109.93064535556248
2020-03-13,109.65378777669798
2020-03-16,109.69718872455641
2020-03-17,109.1114351602597
2020-03-18,109.31721628908701
2020-03-19,108.12096182488335
2020-03-20,108.97567665306656
2020-03-23,110.66613946225301
2020-03-24,110.89370875714368
2020-03-25,111.01599832245222
2020-03-26,111.56784021564279
2020-03-27,111.41491637341612
2020-03-30,111.89875760610451
2020-03-31,111.91476579684922
2020-04-01,112.25224163227449
2020-04-02,112.46739838982924
2020-04-03,113.17341862176677
2020-04-06,113.575067359746
2020-04-07,113.76892124966159
2020-04-08,113.7901566414125
2020-04-13,113.68076544266339
2020-04-14,113.65139056171978
2020-04-15,113.80834594328377
2020-04-16,113.65412779966594
2020-04-17,113.04510047194161
2020-04-20,113.03612376444056
2020-04-21,112.60051039300465
2020-04-22,112.04590388546802
2020-04-23,112.1811853440126
2020-04-24,112.16620024143626
2020-04-27,112.34441107203965
2020-04-28,112.29195402143218
2020-04-29,112.24938719524661
2020-04-30,112.20017827835389
2020-05-04,112.3656735836738
2020-05-05,112.47116167594528
2020-05-06,112.39033782064745
2020-05-07,112.07800853798389
2020-05-08,112.24481500297219
2020-05-11,111.89787363414798
2020-05-12,112.07857152734945
2020-05-13,112.06017567732192
2020-05-14,112.02860681984157
2020-05-15,112.21478055863142
2020-05-18,112.3160940171329
2020-05-19,112.32801015268635
2020-05-20,112.48967407972768
2020-05-21,112.52477014635869
2020-05-22,112.41799726275012
2020-05-25,112.33916056027451
2020-05-26,112.72741940121156
2020-05-27,112.71159207400558
2020-05-28,112.66826199087929
2020-05-29,112.9755397494523
2020-06-01,112.96725799700236
2020-06-02,112.85787283496349
2020-06-03,112.60890853116928
2020-06-04,112.37960501021422
2020-06-05,112.53670179106912
2020-06-08,112.42373250057565
2020-06-09,112.59227298652725
2020-06-10,112.38086454547272
2020-06-11,112.52540597857008
2020-06-12,112.60080477917072
2020-06-15,112.57393643571648
2020-06-16,112.85766941287861
2020-06-17,112.95412446542954
2020-06-18,113.16465311880204
2020-06-19,113.19676757302524
2020-06-22,113.55644732095342
2020-06-23,114.06502352131763
2020-06-24,113.89959540910564
2020-06-25,114.118370266639
2020-06-26,113.7777100972805
2020-06-29,113.95280205119114
2020-06-30,114.04465436083451
2020-07-01,114.47222628992024
2020-07-02,114.88749762569084
2020-07-06,115.22795439132787
2020-07-07,115.3226803313117
2020-07-08,115.4801077457601
2020-07-09,115.61490656811426
2020-07-10,115.95090296183719
2020-07-13,115.94230176079958
2020-07-14,115.91811711467177
2020-07-15,115.56038930534778
2020-07-16,115.23986373540379
2020-07-17,115.17876762085217
2020-07-20,114.9715235482478
2020-07-21,114.7494534648629
2020-07-22,114.99418288608634
2020-07-23,115.15642496150669
2020-07-24,115.23563008686493
2020-07-27,115.3743541914275
2020-07-28,115.21561134347387
2020-07-29,115.42366179467423
2020-07-30,115.63421350675141
2020-07-31,115.97382197515851
2020-08-03,115.81389564872701
2020-08-04,116.01253211435196
2020-08-05,115.76872736261392
2020-08-06,115.94159081003869
2020-08-07,115.84400038776053
2020-08-10,116.04396750431236
2020-08-11,116.07314737579037
2020-08-12,116.02365031806723
2020-08-13,115.89128240966873
2020-08-14,116.12814304245332
2020-08-17,116.08691011932923
2020-08-18,116.40610125391207
2020-08-19,116.31344334823741
2020-08-20,116.39026973843167
2020-08-21,116.35690667954124
2020-08-24,116.04178569014356
2020-08-25,116.23747560340938
2020-08-26,116.3957988700775
2020-08-27,116.57596602648232
2020-08-28,116.50307069233644
2020-08-31,116.78224935898487
2020-09-01,116.4850620327456
2020-09-02,116.40397894453294
2020-09-03,116.05887786770516
2020-09-04,116.29361196878601
2020-09-07,116.20667187587792
2020-09-08,116.26969186638183
2020-09-09,116.1970103107457
2020-09-10,116.11718914428238
2020-09-11,116.11798000436846
2020-09-14,116.07396105522002
2020-09-15,116.12925702751879
2020-09-16,116.1657950763249
2020-09-17,116.27471704778935
2020-09-18,116.04304678612192
2020-09-21,116.06357565058099
2020-09-22,115.99558825483452
2020-09-23,115.66698166806005
2020-09-24,115.63260753662486
2020-09-25,115.92888942453155
2020-09-28,115.69998757511246
2020-09-29,115.85729433713831
2020-09-30,115.77499949116374
2020-10-01,115.8473377220871
2020-10-02,115.82912909072914
2020-10-05,115.74784901325688
2020-10-06,115.37368037652134
2020-10-07,115.11464806101735
2020-10-08,115.20514431201303
2020-10-09,114.82269704037216
2020-10-12,114.53789943667859
2020-10-13,115.17041204332435
2020-10-14,114.65204708349563
2020-10-15,114.55081077972487
2020-10-16,114.58763721158701
2020-10-19,114.49631536794993
2020-10-20,114.43678335462492
2020-10-21,114.41418563140874
2020-10-22,114.56192868340626
2020-10-23,114.48241175069369
2020-10-26,114.29575479220608
2020-10-27,114.16209079808355
2020-10-28,114.360651326291
2020-10-29,114.08641276223317
2020-10-30,114.80492271310898
2020-11-02,114.69331913818364
2020-11-03,114.74569497265973
2020-11-04,113.7881534009046
2020-11-05,113.95931618774817
2020-11-06,113.85857874550625
2020-11-09,113.34308783572216
2020-11-10,113.44637291024561
2020-11-11,113.44478152441286
2020-11-12,113.85894685711419
2020-11-13,114.32998753595014
2020-11-16,114.3712512700366
2020-11-17,114.5633657969048
2020-11-18,114.57623598121025
2020-11-19,114.59707975131721
2020-11-20,114.17359500287859
2020-11-23,114.17801423093759
2020-11-24,113.50112071197292
2020-11-25,113.51763168151605
2020-11-27,113.58973315754002
2020-11-30,113.24417434442415
2020-12-01,113.48708580803479
2020-12-02,113.62644158408064
2020-12-03,114.42286551547892
2020-12-04,114.83231533845255
2020-12-07,114.97794315757668
2020-12-08,115.13178170738108
2020-12-09,114.94457437755572
2020-12-10,115.17059275484038
2020-12-11,115.18699936007042
2020-12-14,115.07504101695748
2020-12-15,114.92422159023783
2020-12-16,114.90326926806205
2020-12-17,114.77681482838085
2020-12-18,115.10853073279304
2020-12-21,114.77189870221265
2020-12-22,114.94231218015842
2020-12-23,114.79601952115065
2020-12-24,115.0691762459235
2020-12-25,115.40482574186916
2020-12-28,114.99990660093964
2020-12-29,115.14906303793731
2020-12-30,114.97124423026332
2020-12-31,114.89444646659683
2021-01-01,114.89408547142897
2021-01-04,114.98059379827758
2021-01-05,114.7353066240979
2021-01-06,114.55299574130883
2021-01-07,113.95682126753388
2021-01-08,113.30686927552338
2021-01-11,113.49851733322708
2021-01-12,113.26544022904754
2021-01-13,113.96486454822679
2021-01-14,114.1397920895314
2021-01-15,113.92407784906185
2021-01-18,114.06724191788953
2021-01-19,114.09402686159098
2021-01-20,114.18199968314812
2021-01-21,114.38821585852317
2021-01-22,114.39700731844668
2021-01-25,114.23228091374934
2021-01-26,114.1856663668632
2021-01-27,114.03392371305925
2021-01-28,113.929451676079
2021-01-29,113.98201246562229
2021-02-01,113.98196499119825
2021-02-02,114.17068276477202
2021-02-03,114.21809142194262
2021-02-04,114.27348932896362
2021-02-05,114.3067171016549
2021-02-08,114.42831670012185
2021-02-09,114.46692361447704
2021-02-10,114.33564886828587
2021-02-11,114.7080506089269
2021-02-12,114.52192481026692
2021-02-16,114.80640050802091
2021-02-17,115.18091084670556
2021-02-18,115.03525197351152
2021-02-19,115.27332934034871
2021-02-22,115.1963129403177
2021-02-23,114.76074923112205
2021-02-24,115.15326699296399
2021-02-25,115.3987933659558
2021-02-26,115.29950226060588
2021-03-01,115.14403249430008
2021-03-02,114.93493341477705
2021-03-03,114.80977861380428
2021-03-04,115.37394922753515
2021-03-05,115.14140782717597
2021-03-08,114.14297243806264
2021-03-09,113.66577774009681
2021-03-10,113.77519485204898
2021-03-11,113.91910106383531
2021-03-12,114.28742157547822
2021-03-16,114.94540962038944
2021-03-17,115.19911455514453
2021-03-18,114.99947081624926
2021-03-19,114.85430847733294
2021-03-22,114.19563557736296
2021-03-23,114.21832100529659
2021-03-24,113.46474793737326
2021-03-25,113.20380511134522
2021-03-26,112.58352506163733
2021-03-29,112.72913386965733
2021-03-30,113.05564738188329
2021-03-31,113.51735121132324
2021-04-05,113.44270964197337
2021-04-06,113.76853710346084
2021-04-07,114.19388941446691
2021-04-08,114.13473346869453
2021-04-09,114.48267264986285
2021-04-12,114.39180436862237
2021-04-13,114.69801317266999
2021-04-14,114.70870376562306
2021-04-15,114.57694921544537
2021-04-16,114.36653450775252
2021-04-19,114.34873386676456
2021-04-20,113.8295884408916
2021-04-21,114.10984859261151
2021-04-22,114.31452706859007
2021-04-23,114.24329520033942
2021-04-26,114.41152993736216
2021-04-27,114.48810365415206
2021-04-28,114.46902560908792
2021-04-29,114.2839297684812
2021-04-30,114.31427552504874
2021-05-03,114.47317060156988
2021-05-04,114.4167745038209
2021-05-05,114.35823718759379
2021-05-06,114.19469608105113
2021-05-07,114.49980189166564
2021-05-10,114.55324756213308
2021-05-11,114.72451442495044
2021-05-12,113.97406938429076
2021-05-13,113.89061887805087
2021-05-14,113.41212474404914
2021-05-17,113.31350546506367
2021-05-18,112.99716176143413
2021-05-19,112.63251916474213
2021-05-20,112.59686335939065
2021-05-21,112.46853581693068
2021-05-24,111.4051987825364
2021-05-25,111.05654377626041
2021-05-26,111.8404068831274
2021-05-27,112.12262974877095
2021-05-28,112.39356690020017
2021-06-01,112.40535055274113
2021-06-02,111.9728166956143
2021-06-03,112.03634952233892
2021-06-04,111.95492637010997
2021-06-07,112.10253228088605
2021-06-08,112.18696280059379
2021-06-09,112.05120571668519
2021-06-10,112.16379182155562
2021-06-11,112.10472340958131
2021-06-14,112.07950984570272
2021-06-15,112.15377697893894
2021-06-16,112.42871405818823
2021-06-17,113.83880240583741
2021-06-18,113.97702136017564
2021-06-21,114.05191732108565
2021-06-22,114.17813731899082
2021-06-23,114.36143062447464
2021-06-24,112.86819670988568
2021-06-25,112.97140180726481
2021-06-28,113.56459371053451
2021-06-29,113.04074201872739
2021-06-30,113.00700880573926
2021-07-01,112.87596201419825
2021-07-02,113.30616196410048
2021-07-05,113.30588109580324
2021-07-06,113.59754326931927
2021-07-07,113.77246478786167
2021-07-08,113.69508622547484
2021-07-09,113.55143123407451
2021-07-12,113.49585097383039
2021-07-13,113.27017635037149
2021-07-14,113.36226822114523
2021-07-15,113.23859820417155
2021-07-16,113.14500760788326
2021-07-19,113.46682744127317
2021-07-20,113.14436359124274
2021-07-21,112.72550134187078
2021-07-22,112.59599007823371
2021-07-23,112.65231811480258
2021-07-26,112.52588797830352
2021-07-27,112.57502254832133
2021-07-28,112.64844023969647
2021-07-29,112.68869657875136
2021-07-30,112.51033553658036
2021-08-02,112.47270935227911
2021-08-03,112.3372647346942
2021-08-04,112.05946233292651
2021-08-05,112.2999983995798
2021-08-06,112.49582940429524
2021-08-09,112.69464238517206
2021-08-10,112.57944376607823
2021-08-11,112.64410427013287
2021-08-12,112.66201128441251
2021-08-13,112.52496186356223
2021-08-16,112.7752258609537
2021-08-17,112.60129894471956
2021-08-18,112.70961612470451
2021-08-19,112.72440094396839
2021-08-20,112.66732635611889
2021-08-23,112.66944051801693
2021-08-24,112.5474410725799
2021-08-25,112.48681058575676
2021-08-26,112.67527854869644
2021-08-27,112.83270505509448
2021-08-30,112.73091435307445
2021-08-31,112.46056715105088
2021-09-01,112.31455781857882
2021-09-02,112.08732014854573
2021-09-03,112.3717503557741
2021-09-07,112.22256521232559
2021-09-08,112.1237505056298
2021-09-09,112.05508062778209
2021-09-10,112.32768378439559
2021-09-13,112.27327755568564
2021-09-14,112.35287981683253
2021-09-15,112.23953523753525
2021-09-17,112.21883856138975
2021-09-20,112.11338779050108
2021-09-21,112.16469955855854
2021-09-22,111.74297117762453
2021-09-23,111.84571689475436
2021-09-24,111.59510177989829
2021-09-27,111.3849213717498
2021-09-28,111.71665019690602
2021-09-29,111.66356953088811
2021-09-30,111.6920891416927
2021-10-01,111.58950607141244
2021-10-04,111.40324907074839
2021-10-05,111.22625232834586
2021-10-06,111.33900981742198
2021-10-07,111.74886795547918
2021-10-08,111.91456472055161
2021-10-12,111.95369018208635
2021-10-13,112.37455701169922
2021-10-14,112.54846110132688
2021-10-15,112.86383111553178
2021-10-18,113.18099522102112
2021-10-19,113.11074286374783
2021-10-20,112.79403834801955
2021-10-21,112.63928232627387
2021-10-22,112.60401671550963
2021-10-25,112.43879036222228
2021-10-26,112.36978112168042
2021-10-27,113.5304548725017
2021-10-28,114.45949027198048
2021-10-29,114.79687156978456
2021-11-01,114.31685670628265
2021-11-03,114.19849058835342
2021-11-04,113.59186444898748
2021-11-05,113.94816407800843
2021-11-08,113.98416769464437
2021-11-09,113.74910045275557
2021-11-10,113.65601243611687
2021-11-11,112.78253275592967
2021-11-12,113.12511694527889
2021-11-16,113.16908545192364
2021-11-17,113.19904760988213
2021-11-18,113.50023644227554
2021-11-19,113.59148075145737
2021-11-22,113.5147345374808
2021-11-23,113.16941547302721
2021-11-24,113.10114848383566
2021-11-26,112.94142977670975
2021-11-29,112.738579803895
2021-11-30,113.37154324817706
2021-12-01,113.76744600333346
2021-12-02,113.81236972980457
2021-12-03,114.28013902135194
2021-12-06,113.88990542238815
2021-12-07,113.6803823531296
2021-12-08,113.55432481599162
2021-12-09,113.58404378156276
2021-12-10,113.33942244802854
2021-12-13,113.6805195432327
2021-12-14,113.61363207675261
2021-12-15,113.7079264308594
2021-12-16,114.25323035698851
2021-12-17,114.4370397677283
2021-12-20,114.43914654661633
2021-12-21,114.3893516945026
2021-12-22,114.03939727610495
2021-12-23,113.7501924648719
2021-12-24,113.72646503600707
2021-12-27,113.40531993997391
2021-12-28,113.61073718765067
2021-12-29,113.53316537730649
2021-12-30,113.51221731206047
2021-12-31,113.4590976159696
2022-01-03,113.21168058222655
2022-01-04,113.2424331088088
2022-01-05,113.34809338191334
2022-01-06,113.4217972738486
2022-01-07,113.45664296154293
2022-01-10,113.70511545935014
2022-01-11,113.59709448157183
2022-01-12,113.5081845651908
2022-01-13,113.58300744907059
2022-01-14,113.87222083045927
2022-01-18,113.78732847538421
2022-01-19,113.63245659540591
2022-01-20,113.86770365288727
2022-01-21,113.86005023588687
2022-01-24,113.59154421241769
2022-01-25,113.44271983166674
2022-01-26,113.69285862525606
2022-01-27,113.74800310745982
2022-01-28,113.76308599780691
2022-01-31,113.38921887208917
2022-02-01,113.00295201422176
2022-02-02,113.1510797388705
2022-02-03,113.12079224993738
2022-02-04,113.08812646927106
2022-02-08,112.88776288423944
2022-02-09,112.83388344352807
2022-02-10,112.9321368346837
2022-02-11,113.49233056114613
2022-02-14,113.21893777433701
2022-02-15,113.2044664547227
2022-02-16,113.02710975825062
2022-02-17,112.80378722439839
2022-02-18,112.82305746793983
2022-02-22,112.98080826113812
2022-02-23,113.02245571664587
2022-02-24,113.20832884155129
2022-02-25,113.42031677753096
2022-02-28,113.05714939225966
2022-03-01,112.87855062561182
2022-03-02,113.11013909321028
2022-03-03,113.34031941357074
2022-03-04,113.31494691883042
2022-03-07,113.83632370684056
2022-03-08,114.16927684361957
2022-03-09,114.19344413801127
2022-03-10,114.32838042938491
2022-03-11,114.35656906032557
2022-03-14,114.09808961402383
2022-03-15,115.1250782772777
2022-03-16,115.94642012038874
2022-03-17,116.06894087755674
2022-03-18,115.13066685565664
2022-03-22,115.22243482771566
2022-03-23,114.72111463058008
2022-03-24,115.22373459209463
2022-03-25,115.17520165886476
2022-03-28,114.40902220101354
2022-03-29,114.14012945613136
2022-03-30,114.8902642572909
2022-03-31,114.78183428563224
2022-04-01,114.9261775474973
2022-04-04,115.42126905892154
2022-04-05,115.97154027573234
2022-04-06,116.3592862758048
2022-04-07,116.36300271798747
2022-04-08,116.50636521850282
2022-04-11,116.61416673834668
2022-04-12,116.79954723100228
2022-04-13,116.74829701800115
2022-04-18,116.91795680229208
2022-04-19,116.8376145494748
2022-04-20,116.41289105123509
2022-04-21,115.29964550566415
2022-04-22,115.06654934419683
2022-04-25,115.77465849527073
2022-04-26,116.34105108180964
2022-04-27,116.50405541853081
2022-04-28,116.36403714460516
2022-04-29,116.15017083049908
2022-05-02,116.09097955810941
2022-05-03,116.56586621099858
2022-05-04,116.94137107710996
2022-05-05,117.3585924178006
2022-05-06,117.89442682592191
2022-05-09,117.96190127742521
2022-05-10,118.87605578162261
2022-05-11,119.0564213748844
2022-05-12,119.57104953054511
2022-05-13,119.59503767628638
2022-05-16,119.6809387900263
2022-05-17,119.32186835658764
2022-05-18,119.13077672771183
2022-05-19,119.3402873366858
2022-05-20,119.68508934441628
2022-05-24,119.08314555891242
2022-05-25,119.01298416513029
2022-05-26,119.20403953522394
2022-05-27,119.651944448353
2022-05-31,119.58304481267173
2022-06-01,119.37213894648977
2022-06-02,119.23874831294103
2022-06-03,118.78669312193679
2022-06-06,118.74304086381828
2022-06-07,118.90519328966187
2022-06-08,119.04470385889594
2022-06-09,119.05198987985987
2022-06-10,119.29626215015878
2022-06-13,119.49639220420035
2022-06-14,119.4183798316173
2022-06-15,119.33504972102995
2022-06-16,119.55471550652904
2022-06-17,119.411135234223
2022-06-21,119.49653904262367
2022-06-22,119.92516273838949
2022-06-23,119.5626804823321
2022-06-24,119.68765421761331
2022-06-27,119.93250376606721
2022-06-28,120.07440894215145
2022-06-29,120.01573802354395
2022-06-30,119.82783097635897
2022-07-01,120.09862972952978
2022-07-05,120.05420455268066
2022-07-06,120.04840982542906
2022-07-07,119.87788747970123
2022-07-08,119.86800771119994
2022-07-11,120.09214513901465
2022-07-12,120.19900769418557
2022-07-13,119.71399159099872
2022-07-14,119.85159134842986
2022-07-15,120.00451346523033
2022-07-18,119.80552926313766
2022-07-19,119.82034780742936
2022-07-20,119.86415120324736
2022-07-21,119.87574284794975
2022-07-22,119.86191002169227
2022-07-25,120.34164890276413
2022-07-26,120.12815810364476
2022-07-27,120.32704660947083
2022-07-28,119.73531720759058
2022-07-29,120.07685897604503
2022-08-01,120.087859675771
2022-08-02,119.41641882351448
2022-08-03,119.72037887758702
2022-08-04,119.68794519855341
2022-08-05,119.91961460107723
2022-08-08,120.10362767502328
2022-08-09,119.69716679311497
2022-08-10,119.17727728888939
2022-08-11,118.94112613716707
2022-08-12,119.42388527784456
2022-08-15,119.49107039768244
2022-08-16,119.45787304487993
2022-08-17,119.33775305871497
2022-08-18,119.13369792078889
2022-08-19,118.78471819144146
2022-08-22,119.10727506374977
2022-08-23,118.9266525314311
2022-08-24,118.89795369541818
2022-08-25,119.30416981595491
2022-08-26,119.85737898038731
2022-08-29,120.14122118423498
2022-08-30,120.1019095021789
2022-08-31,120.15937128226437
2022-09-01,120.44553274128624
2022-09-02,120.49844981190925
2022-09-06,120.66496906784793
2022-09-07,120.50648057027841
2022-09-08,120.66276727588536
2022-09-09,120.6642844021305
2022-09-12,120.95455317117411
2022-09-13,120.3551488711025
2022-09-14,120.16833542060672
2022-09-15,120.18895053118968
2022-09-16,120.24998680884553
2022-09-19,120.25340024334746
2022-09-20,120.545112775775
2022-09-21,120.17846691534213
2022-09-22,120.54070626492775
2022-09-23,120.61108218303997
2022-09-26,121.79807513426042
2022-09-27,121.87757815562034
2022-09-28,121.87441042991982
2022-09-29,122.2026909755638
2022-09-30,122.05224655364582
2022-10-03,122.418943311163
2022-10-04,122.45839327425256
2022-10-05,122.20824036782889
2022-10-06,122.19868315468403
2022-10-07,121.8046019904462
2022-10-11,121.57060008667273
2022-10-12,121.64189626114428
2022-10-13,121.95001609424642
2022-10-14,121.63322386037932
2022-10-17,121.6849525486011
2022-10-18,121.51392004740586
2022-10-19,121.39803019366244
2022-10-20,121.195775606575
2022-10-21,120.56423189428882
2022-10-24,120.41438976368688
2022-10-25,120.79522663118118
2022-10-26,121.09180462226028
2022-10-27,121.0920248970616
2022-10-28,120.9936644516242
2022-10-31,120.94139549524989
2022-11-01,121.03354583900443
2022-11-03,120.72068250403322
2022-11-04,120.79161104149722
2022-11-07,120.70957819673494
2022-11-08,121.23055056003842
2022-11-09,120.7040706778786
2022-11-10,120.02048350549804
2022-11-14,120.50113597314291
2022-11-15,120.59309005178325
2022-11-16,121.24936687242098
2022-11-17,121.33756676793396
2022-11-18,121.62088715908537
2022-11-22,121.70818704694604
2022-11-23,121.87477442958009
2022-11-25,121.88021762656767
2022-11-28,122.00915128611449
2022-11-29,122.01800598097378
2022-11-30,121.83957240522084
2022-12-01,122.1222938256501
2022-12-02,122.6232990556393
2022-12-05,122.40287944494503
2022-12-06,122.05230529694093
2022-12-07,122.07717609760556
2022-12-08,121.75371726772633
2022-12-09,121.68027517905453
2022-12-13,121.80845954920716
2022-12-14,121.85863491404263
2022-12-15,122.05642068509164
2022-12-16,122.06090861522748
2022-12-19,122.10755715510496
2022-12-20,122.18419739080832
2022-12-21,122.10783665250196
2022-12-22,121.88122686263677
2022-12-23,121.98676594082625
2022-12-27,122.08605618863677
2022-12-28,121.92456445197814
2022-12-29,121.85537219310716
2022-12-30,121.95638805554405
2023-01-03,121.81497084071316
2023-01-04,121.55117937050936
2023-01-05,121.62108675626881
2023-01-06,121.68101677188383
2023-01-09,121.96363178043433
2023-01-10,121.81480023348908
2023-01-11,121.72825771650851
2023-01-12,122.05928747974804
2023-01-13,122.23410095201754
2023-01-17,122.0545017593979
2023-01-18,122.49279879487473
2023-01-19,122.95303714691197
2023-01-20,122.87639622759066
2023-01-23,123.01623416891476
2023-01-24,123.44189586548143
2023-01-25,123.18950868122825
2023-01-26,122.57922900181953
2023-01-27,122.39697677439804
2023-01-30,122.5879841406788
2023-01-31,122.45180689812784
2023-02-01,123.02127875510624
2023-02-02,122.99954318109106
2023-02-03,123.36136301016147
2023-02-07,123.34194349858024
2023-02-08,123.08056579895148
2023-02-09,122.53006459333884
2023-02-10,121.79720550205866
2023-02-13,120.67863974459713
2023-02-14,121.7539227620929
2023-02-15,122.29184362120098
2023-02-16,122.68351364283095
2023-02-17,122.67593812427381
2023-02-21,123.1491994543376
2023-02-22,123.41496513193397
2023-02-23,123.17425824030776
2023-02-24,123.04857436237795
2023-02-27,122.8132745375448
2023-02-28,122.85002619909022
2023-03-01,122.94838559056411
2023-03-02,123.3941526873732
2023-03-03,123.19426605472856
2023-03-06,123.21158383475179
2023-03-07,123.08902505902107
2023-03-08,122.92717294299314
2023-03-09,122.81697261703586
2023-03-10,122.9658640832439
2023-03-13,123.43723501009161
2023-03-14,122.90347993590703
2023-03-15,122.8004545048561
2023-03-16,121.91846494550107
2023-03-17,122.8345805693858
2023-03-21,123.05693276173375
2023-03-22,123.49324695597439
2023-03-23,123.53369785201834
2023-03-24,123.37178262209501
2023-03-27,123.39188853537952
2023-03-28,122.921206076899
2023-03-29,122.93894581726335
2023-03-30,123.13604987504124
2023-03-31,123.07778469074096
2023-04-03,123.0353499910281
2023-04-04,122.94767656600641
2023-04-05,123.19263937464278
2023-04-10,122.98659481113286
2023-04-11,122.55609008893245
2023-04-12,122.7477627268315
2023-04-13,122.690789727589
2023-04-14,122.86587608924391
2023-04-17,122.82901000308502
2023-04-18,122.91737421705271
2023-04-19,122.69233201279437
2023-04-20,123.0948230631618
2023-04-21,123.11812271416468
2023-04-24,123.43760665272185
2023-04-25,123.61891810530705
2023-04-26,123.81887729031132
2023-04-27,123.94612204692896
2023-04-28,123.96896730510261
2023-05-02,123.70077198672358
2023-05-03,123.72026285390676
2023-05-04,123.64313635292046
2023-05-05,123.62319863106615
2023-05-08,123.66669714785152
2023-05-09,123.80322107969923
2023-05-10,124.0301103664469
2023-05-11,124.10792776483753
2023-05-12,124.2473754337987
2023-05-15,123.94857600286464
2023-05-16,124.03009097489937
2023-05-17,124.11360729410474
2023-05-18,124.07497791208509
2023-05-19,124.4215490451069
2023-05-22,124.85469835635976
2023-05-23,124.84289645980094
2023-05-24,124.81049283684247
2023-05-25,123.90120521766023
2023-05-26,124.35393418299245
2023-05-29,124.31795258049867
2023-05-30,124.32083464938353
2023-05-31,124.39980564452246
2023-06-01,124.3636595504481
2023-06-02,124.2596528982032
2023-06-05,124.26779988149707
2023-06-06,124.13895844393214
2023-06-07,124.0753165878662
2023-06-08,124.1703959388122
2023-06-09,124.30376853422842
2023-06-12,124.50395695549348
2023-06-13,124.57185505540997
2023-06-14,124.34770959051814
2023-06-15,124.41716373069369
2023-06-16,124.22656143010089
2023-06-20,124.17993144051478
2023-06-21,124.25757290732591
2023-06-22,124.46552387506335
2023-06-23,125.01875380552427
2023-06-26,124.77633529069921
2023-06-27,124.71719827457109
2023-06-28,124.89360584412952
2023-06-29,125.57695429283409
2023-06-30,125.32620128157947
2023-07-03,125.05090246856896
2023-07-04,125.0805653789781
2023-07-05,125.10124050660332
2023-07-06,125.14224233626332
2023-07-07,125.38967487560913
2023-07-10,125.47796427405531
2023-07-11,125.53412047415881
2023-07-12,125.50191282999812
2023-07-13,126.29329660003836
2023-07-14,125.71042015284515
2023-07-17,125.68872068309915
2023-07-18,126.23992128198293
2023-07-19,126.60122271982506
2023-07-20,126.58453047654645
2023-07-21,126.54174066711296
2023-07-24,127.16751897818041
2023-07-25,126.28005094467602
2023-07-26,127.15793174613634
2023-07-27,125.91517918778902
2023-07-28,126.40038186694038
2023-07-31,126.33320573909641
2023-08-01,126.26389324394832
2023-08-02,126.02334414325533
2023-08-03,125.76781345159364
2023-08-04,124.91923830419573
2023-08-07,125.53864942951627
2023-08-08,125.47905052419883
2023-08-09,125.9484506127025
2023-08-10,125.71869623396114
2023-08-11,125.65627190290087
2023-08-14,126.27386566174027
2023-08-15,126.91380977543179
2023-08-16,127.1138530619421
2023-08-17,127.0647604699306
2023-08-18,127.2620735548634
2023-08-21,127.10066990361557
2023-08-22,127.43765474219626
2023-08-23,127.05446972667215
2023-08-24,127.14194108078765
2023-08-25,127.13299058022645
2023-08-28,127.11863529454186
2023-08-29,127.10960357909633
2023-08-30,127.18185205778214
2023-08-31,127.10567988107546
2023-09-01,127.07633047227924
2023-09-05,126.85469562345537
2023-09-06,126.92818184532297
2023-09-07,127.00649188533177
2023-09-08,127.0827242727552
2023-09-11,126.42355612642126
2023-09-12,126.95686678833242
2023-09-13,126.72250769490122
2023-09-14,126.81584940170242
2023-09-15,126.73527020342515
2023-09-18,126.84730125334917
2023-09-19,126.69966606324088
2023-09-20,126.63803988910982
2023-09-21,126.64179715754129
2023-09-22,126.42591112906514
2023-09-25,126.20833531514693
2023-09-26,126.05077652885946
2023-09-27,126.11636860693855
2023-09-28,126.37066262953387
2023-09-29,126.38376244823965
2023-10-02,126.34525231576588
2023-10-03,126.40582641603962
2023-10-04,126.36634134734084
2023-10-05,126.68792501667599
2023-10-06,126.87409274199184
2023-10-09,126.86466607191372
2023-10-10,126.5978952489968
2023-10-11,126.5450963237388
2023-10-12,126.66393965804541
2023-10-13,126.55647410617328
2023-10-16,126.62249723971138
2023-10-17,126.54578021243591
2023-10-18,126.56260963210417
2023-10-19,126.57726976782237
2023-10-20,126.69596952406556
2023-10-23,126.64831373605516
2023-10-24,126.72244350840573
2023-10-25,127.02556447809027
2023-10-26,126.95621784775643
2023-10-27,126.69726436711737
2023-10-30,127.14848240412621
2023-10-31,126.9994152771573
2023-11-01,126.99646575117993
2023-11-02,126.7593308530873
2023-11-03,126.5956101752633
2023-11-06,126.90404458910045
2023-11-07,127.02954643796653
2023-11-08,127.0227635251921
2023-11-09,126.76017154238603
2023-11-10,126.281326723868
2023-11-13,126.30625662974862
2023-11-14,126.90398316809693
2023-11-15,126.53997615404549
2023-11-16,126.85204766395132
2023-11-17,126.759204222156
2023-11-21,127.07109165088406
2023-11-22,126.88403773812476
2023-11-23,127.14943770607152
2023-11-24,126.33313439430285
2023-11-27,126.79260541039655
2023-11-28,126.97140088638167
2023-11-29,127.25495462236489
2023-11-30,126.90804435874541
2023-12-01,127.09796141448291
2023-12-04,127.0282849541515
2023-12-05,126.93935658644602
2023-12-06,126.67691065348792
2023-12-07,126.78082089787782
2023-12-08,126.60525887786275
2023-12-11,127.21385629874875
2023-12-12,127.21735240328418
2023-12-13,126.99098754994178
2023-12-14,126.51346998431232
2023-12-15,127.31978336905046
2023-12-18,127.28252704821523
2023-12-19,127.27855758951236
2023-12-20,127.50036846315614
2023-12-21,127.49389009053205
2023-12-22,127.46005119331292
2023-12-25,127.35219411197409
2023-12-26,127.51210933665189
2023-12-27,127.48990603001207
2023-12-28,127.56496489512426
2023-12-29,127.4001712041487
2024-01-02,127.6245844532391
2024-01-03,127.59080626158854
2024-01-04,128.1299060013672
2024-01-05,127.92402110320158
2024-01-08,128.05662515973373
2024-01-09,128.01922613109406
2024-01-10,127.94272511301929
2024-01-11,127.88627403956568
2024-01-12,127.95470816596537
2024-01-16,128.51769578848499
2024-01-17,128.4260613725503
2024-01-18,128.48584989924768
2024-01-19,128.71249371652942
2024-01-22,128.45027587009264
2024-01-23,128.8381660076118
2024-01-24,128.8021145652923
2024-01-25,128.80508080606646
2024-01-26,128.56557147940032
2024-01-29,129.10264621275232
2024-01-30,129.11777698453488
2024-01-31,129.6138849530148
2024-02-01,129.86121706507413
2024-02-02,129.52711387191835
2024-02-06,129.67262750932508
2024-02-07,129.67025728826874
2024-02-08,130.2936908563904
2024-02-09,130.11718094643481
2024-02-12,129.92252925464956
2024-02-13,129.8916193779027
2024-02-14,130.23442818882373
2024-02-15,130.47833364612774
2024-02-16,130.63547149255677
2024-02-20,130.4327758600404
2024-02-21,130.3115545269304
2024-02-22,130.7311235511151
2024-02-23,130.8812249417359
2024-02-26,130.90315088673648
2024-02-27,130.7664981310758
2024-02-28,131.12405971367843
2024-02-29,131.14097204789982
2024-03-01,131.1596526828691
2024-03-04,131.27822771177136
2024-03-05,131.21932388380839
2024-03-06,130.85573416320634
2024-03-07,130.7466304740996
2024-03-08,130.82164289164965
2024-03-11,130.56247690482644
2024-03-12,130.68986223354108
2024-03-13,130.7830695006788
2024-03-14,131.0500738830083
2024-03-15,131.52551434285667
2024-03-19,131.12516484094957
2024-03-20,131.2460900869348
2024-03-21,130.99125160093797
2024-03-22,131.1829684777405
2024-03-25,131.26884665666051
2024-03-26,131.14443635540954
2024-03-27,131.06565098362455
2024-04-01,131.10234522171208
2024-04-02,131.52648368250186
2024-04-03,131.69671998223947
2024-04-04,131.4463772183537
2024-04-05,132.2484891043499
2024-04-08,131.90564869513392
2024-04-09,131.73448478520885
2024-04-10,132.19956426068168
2024-04-11,132.34537543761894
2024-04-12,132.3282825383492
2024-04-15,132.69033921766612
2024-04-16,133.26767049453855
2024-04-17,131.89960653043687
2024-04-18,131.9450596118913
2024-04-19,131.87368030653127
2024-04-22,132.8347387970685
2024-04-23,133.8242590939768
2024-04-24,133.84571778901665
2024-04-25,133.95134232023472
2024-04-26,133.90807637183516
2024-04-29,133.78888407160693
2024-04-30,133.9236896701376
2024-05-01,133.8782296931007
2024-05-02,133.83483487136905
2024-05-03,133.9015971700944
2024-05-06,133.6351586559934
2024-05-07,133.57352866080362
2024-05-08,133.61483698345637
2024-05-09,133.6801013548997
2024-05-10,133.58175790683444
2024-05-13,133.77902833085463
2024-05-14,133.82936840900018
2024-05-15,133.48149574228515
2024-05-16,133.39061605262245
2024-05-17,133.92337841318957
2024-05-20,133.57636026732604
2024-05-21,133.35863615068303
2024-05-22,133.36466307793816
2024-05-23,133.54483812377035
2024-05-24,133.83056643133278
2024-05-27,133.8151829405179
2024-05-28,133.67984408332754
2024-05-29,133.49270107170545
2024-05-30,133.2138440127834
2024-05-31,132.539358573229
2024-06-03,132.75171830357942
2024-06-04,133.25207153877162
2024-06-05,133.15355780927848
2024-06-06,133.3440500955185
2024-06-07,134.56002926368114
2024-06-10,134.6405297713047
2024-06-11,135.46068836037455
2024-06-12,136.68307133782227
2024-06-13,138.43864883580568
2024-06-14,137.71353145447975
2024-06-17,137.7177581310947
2024-06-18,137.91961349726625
2024-06-19,138.30035171318434
2024-06-20,137.9370266246677
2024-06-21,138.25358849204162
2024-06-24,138.2856101084043
2024-06-25,138.42092895596588
2024-06-26,138.3036596385849
2024-06-27,138.18794185183967
2024-06-28,138.34801722689198
2024-07-01,137.96529454993262
2024-07-02,137.83657387233552
2024-07-03,137.84510650891139
2024-07-04,137.9066569985164
2024-07-05,137.65273265884818
2024-07-08,137.7419925650512
2024-07-09,137.79495254094329
2024-07-10,137.93107726125692
2024-07-11,138.0412810222754
2024-07-12,138.1278324793984
2024-07-15,138.0443343361473
2024-07-16,138.33663361242913
2024-07-17,138.15702927729217
2024-07-18,137.82406766816203
2024-07-19,137.61833843183823
2024-07-22,137.62079682559042
2024-07-23,137.5104793522847
2024-07-24,137.4353706363439
2024-07-25,137.54915442920063
2024-07-26,137.73031300431867
2024-07-29,137.80782680255527
2024-07-30,137.75056591620543
2024-07-31,137.9869660248782
2024-08-01,137.87656230060847
2024-08-02,137.79639700625881
2024-08-05,137.94737810659393
2024-08-06,137.8105987090283
2024-08-07,137.87893287461804
2024-08-08,137.81268188389836
2024-08-09,137.90424588333389
2024-08-12,137.8587410198128
2024-08-13,137.88037316615038
2024-08-14,137.90106518067364
2024-08-15,138.15648776880042
2024-08-16,138.03586538641395
2024-08-19,138.10386174396393
2024-08-20,137.76971587049835
2024-08-21,137.75634698991524
2024-08-22,137.3698477134089
2024-08-23,137.7425831075801
2024-08-26,137.51928733789953
2024-08-27,137.2213949795501
2024-08-28,137.31349010935523
2024-08-29,137.46202851127978
2024-08-30,137.52344894267392
2024-09-03,137.7167558324083
2024-09-04,137.6985316280186
2024-09-05,137.6415430899956
2024-09-06,137.85004013546683
2024-09-09,137.86680638622772
2024-09-10,137.71377709625511
2024-09-11,137.50369001314579
2024-09-12,137.21051796598388
2024-09-13,137.0723914487307
2024-09-17,136.14290350319249
2024-09-18,136.34495697488268
2024-09-19,136.50589569194895
2024-09-20,136.77923323580492
2024-09-23,136.9670140539562
2024-09-24,137.1075372006591
2024-09-25,138.09485992633935
2024-09-26,137.91407953877152
2024-09-27,137.8524125979955
2024-09-30,138.32782188918003
2024-10-02,138.9576194439457
2024-10-03,138.75231000374353
2024-10-04,139.1115772433235
2024-10-07,138.93638431275056
2024-10-08,139.34966731503644
2024-10-09,138.98568191375503
2024-10-10,138.59187973754774
2024-10-11,139.17271482104778
2024-10-14,139.1723767091562
2024-10-15,138.67302160214018
2024-10-16,138.58208830010457
2024-10-17,138.43600312870882
2024-10-18,138.60804973649437
2024-10-21,137.06238497948618
2024-10-22,137.45039279620806
2024-10-23,137.72113729067516
2024-10-24,138.16731393472588
2024-10-25,137.890838390875
2024-10-28,137.8654732701454
2024-10-29,137.92716019887362
2024-10-30,138.00716647986744
2024-10-31,137.83756966307453
2024-11-01,137.31335415849927
2024-11-04,137.70003243816603
2024-11-05,138.40257045721455
2024-11-06,138.31590253345348
2024-11-07,138.21529366289332
2024-11-08,137.80303235269986
2024-11-12,137.68426229033074
2024-11-13,138.29398005966937
2024-11-14,139.30370356449447
2024-11-15,139.97001002411596
2024-11-19,140.3318831871612
2024-11-20,140.02362445647685
2024-11-21,139.88822567010112
2024-11-22,139.2141279459256
2024-11-25,139.95776265473495
2024-11-26,139.42680367854177
2024-11-27,139.55008151116184
2024-11-28,139.567420004574
2024-11-29,139.4498559605654
2024-12-02,139.40683957962938
2024-12-03,139.3305533956674
2024-12-04,139.69759126317405
2024-12-05,139.34480942219304
2024-12-06,139.1840771704929
2024-12-09,139.89458649534984
2024-12-10,139.9462445059014
2024-12-11,139.69053755545616
2024-12-13,139.19984707197733
2024-12-16,139.087239428391
2024-12-17,138.9713636606794
2024-12-18,139.12981724520034
2024-12-19,138.10412811031992
2024-12-20,138.73982644624647
2024-12-23,138.51996370501877
2024-12-24,138.50001204541874
2024-12-26,138.35094254541355
2024-12-27,137.87466097816562
2024-12-30,138.21786248392084
2024-12-31,138.07802741641206
2025-01-02,138.21842668395195
2025-01-03,138.12171490583177
2025-01-06,138.24993076312177
2025-01-07,138.3344436574385
2025-01-08,138.19314291177105
2025-01-09,138.2760387928841
2025-01-10,138.26805441893737
2025-01-13,137.90896795930726
2025-01-14,137.9897101726607
2025-01-15,138.2143513665576
2025-01-16,137.85822675172838
2025-01-17,137.5843299854009
2025-01-20,138.15663014577063
2025-01-21,138.4077655977915
2025-01-22,138.31519240037846
2025-01-23,138.2537309774738
2025-01-24,138.28199057787174
2025-01-27,138.8972585128309
2025-01-28,138.82751930803087
2025-01-29,138.99074332047692
2025-01-30,139.55037533513547
2025-01-31,138.7800257991713
2025-02-04,139.52179682696385
2025-02-05,139.94765198752197
2025-02-06,140.02186381128217
2025-02-07,140.07617913645342
2025-02-10,140.08172934248486
2025-02-11,140.39524307322702
2025-02-12,140.46386269752338
2025-02-13,140.2092555290413
2025-02-14,140.28438896692975
2025-02-18,140.6351830949222
2025-02-19,140.7783765516503
2025-02-20,140.36179430166558
2025-02-21,140.48460148240324
2025-02-24,140.39707552413176
2025-02-25,140.26835226185838
2025-02-26,140.08501840687737
2025-02-27,140.17380492045504
2025-02-28,139.9958447583885
2025-03-03,139.73630092282156
2025-03-04,140.3224840662437
2025-03-05,140.1134574712311
2025-03-06,140.15220294443665
2025-03-07,140.1201152056743
2025-03-10,140.58876818354403
2025-03-11,140.67344537476728
2025-03-12,140.8248285471738
2025-03-13,140.8088057571645
2025-03-14,140.7369447269443
2025-03-18,140.84335802635553
2025-03-19,141.19241918320034
2025-03-20,141.04148552630872
2025-03-21,141.02612143785825
2025-03-24,140.98269487710394
2025-03-25,140.88908163785058
2025-03-26,140.65252131873729
2025-03-27,140.82483423279905
2025-03-28,141.1842252523532
2025-03-31,140.924460845182
2025-04-01,141.0126366111447
2025-04-02,141.06040984648664
2025-04-03,141.29286601753708
2025-04-04,139.89183296462087
2025-04-07,139.52847074421783
2025-04-08,139.4425845271468
2025-04-09,139.50545536951748
2025-04-10,138.93066222623037
2025-04-11,138.97445296382614
2025-04-14,139.22132087919823
2025-04-15,139.4243094869749
2025-04-16,139.11190730177367
2025-04-17,139.0337343623853
2025-04-21,139.0349246982287
2025-04-22,139.42221752670898
2025-04-23,139.78470290786123
2025-04-24,139.95171184730685
2025-04-25,140.1880830950504
2025-04-28,139.94506294877948
2025-04-29,139.84703842712776
2025-04-30,139.71170260913667
2025-05-02,139.59388103975678
2025-05-05,139.48520053834613
2025-05-06,139.68908149532467
2025-05-07,139.85496784953625
2025-05-08,140.0433251174652
2025-05-09,139.945825310815
2025-05-12,140.2119861036813
2025-05-13,140.41909891655234
2025-05-14,140.59509223815922
2025-05-15,140.56732589745903
2025-05-16,140.67723506259827
2025-05-19,140.7400738111288
2025-05-20,140.94771315041314
2025-05-21,141.08839542449445
2025-05-22,141.3995790221902
2025-05-23,141.15798174063565
2025-05-27,141.44945510833662
2025-05-28,141.52954110899555
2025-05-29,141.64787937195692
2025-05-30,141.60388070273007
2025-06-02,141.44930267830927
2025-06-03,141.7053998302438
2025-06-04,141.8329298625248
2025-06-05,141.89896503874817
2025-06-06,142.12006480661253
2025-06-09,142.06959790655677
2025-06-10,142.35104955969587
2025-06-11,142.22566817324557
2025-06-12,142.01709528805043
2025-06-13,142.43739010748473
2025-06-16,142.38647959322512
2025-06-17,142.46957067919317
2025-06-18,142.36636934845416
2025-06-19,142.33184661367113
2025-06-20,142.6712013777311
2025-06-23,142.1565947913538
2025-06-24,142.20485475892312
2025-06-25,142.05396953772154
2025-06-26,142.33083300840178
2025-06-27,142.29860787763306
2025-06-30,142.87549576081713
2025-07-01,142.85604061331753
2025-07-02,142.78882345708905
2025-07-03,142.7530515053794
2025-07-04,142.75266297958038
2025-07-07,143.13647560848247
2025-07-08,143.37606052130354
2025-07-09,142.86913817604156
2025-07-10,143.18379531408968
2025-07-11,143.25680913548163
2025-07-14,143.38237278891944
2025-07-15,143.0381925856134
2025-07-16,142.99886831875298
2025-07-17,142.91652901470658
2025-07-18,142.90835080549527
2025-07-21,143.06957990673038
2025-07-22,143.07018952755132
2025-07-23,143.04756474873665
2025-07-24,143.0434239330384
2025-07-25,142.8791893799727
2025-07-28,142.61807438929642
2025-07-29,143.4797042842272
2025-07-30,143.2158227524187
2025-07-31,143.73243968324334
2025-08-01,143.53495533974674
2025-08-04,143.68158851189398
2025-08-05,143.69774114576776
2025-08-06,143.59634182138115
2025-08-07,143.4395009336092
2025-08-08,144.06922947262854
2025-08-11,143.5548828097232
2025-08-12,144.14100358588223
2025-08-13,143.31589538017587
2025-08-14,143.46217661284388
2025-08-15,143.55677268003024
2025-08-18,143.28777980153038
2025-08-19,143.3930998690964
2025-08-20,143.38435818730824
2025-08-21,143.69653012316374
2025-08-22,144.30527501510122
2025-08-25,143.773007643174
2025-08-26,144.21122537354574
2025-08-27,143.82414910048772
2025-08-28,143.3666860895704
2025-08-29,143.36537916174063
2025-09-02,143.57822587088012
2025-09-03,143.5068825123221
2025-09-04,143.25245792225624
2025-09-05,142.8655875614603
2025-09-08,142.73211182857926
2025-09-09,142.57612771785543
2025-09-10,142.40464395068665
2025-09-11,142.06979954443898
2025-09-12,142.2856919025422
2025-09-15,142.00921335507402
2025-09-17,141.6265745209095
2025-09-18,141.68184992231286
2025-09-19,142.12836784445116
2025-09-22,142.4019742578848
2025-09-23,141.9481114988943
2025-09-24,141.9660316633877
2025-09-25,141.73204666488527
2025-09-26,141.72227376332077
2025-09-29,141.98560847047358
2025-09-30,142.39013722700227
2025-10-01,142.4523192294737
2025-10-02,142.18296039549446
2025-10-03,141.9427831854248
2025-10-06,142.22801794353782
2025-10-07,142.2559320304922
2025-10-08,142.0137709693488
2025-10-09,141.80523732829215
2025-10-10,141.78001302180857
2025-10-14,141.71963885560882
2025-10-15,141.83176015921458
2025-10-16,141.78594015913035
2025-10-17,141.76023713446895
2025-10-20,141.74439899299978
2025-10-21,141.89436890290963
2025-10-22,141.9403163849152
2025-10-23,141.83512549674762
2025-10-24,141.63935880088988
2025-10-27,141.9401341948678
2025-10-28,142.08973571463378
2025-10-29,141.82022134592432
2025-10-30,142.00757020248219
2025-10-31,141.7651702600907
2025-11-03,141.40976981708167
2025-11-04,141.8671041019094
2025-11-05,141.3957743230234
2025-11-06,141.85817043067485
2025-11-07,142.2642594495552
2025-11-10,142.32670656633982
2025-11-11,142.09700753031956
2025-11-12,141.86909593957685
2025-11-13,142.0555479190838
2025-11-14,142.35267670989413
2025-11-18,142.17700950871642
2025-11-19,142.74796711532937
2025-11-20,142.17761477334466
2025-11-21,141.99799794700672
2025-11-24,142.09421132555838
2025-11-25,141.7282496100065
2025-11-26,142.163588102048
2025-11-27,142.07843592099684
2025-11-28,142.43212577639332
2025-12-01,142.7298638370025
2025-12-02,142.701800281471
2025-12-03,142.6732700328533
2025-12-04,143.32311786013813
2025-12-05,143.73835347253225
2025-12-08,143.3554079175271
2025-12-09,142.65574036538467
2025-12-10,142.97597113570285
2025-12-11,143.21967610905608
2025-12-15,143.15787988968432
2025-12-16,143.37367196375317
2025-12-17,142.87284442525922
2025-12-18,141.8955866352431
2025-12-19,141.91339475298213
2025-12-22,142.5485648854344
2025-12-23,141.79346432624567
2025-12-24,141.75096576324884
2025-12-26,141.5534317518098
2025-12-29,141.5103581466196
2025-12-30,141.95717748722222
2025-12-31,141.85327975549828
