Date,7y8y,10y12y,25y30y,20y25y,3y4y5y,5y7y10y,10y12y15y,20y25y30y
2023-07-21,,,,,,,,
2023-07-24,,,,,,,,
2023-07-25,,,,,,,,
2023-07-26,,,,,,,,
2023-07-27,,,,,,,,
2023-07-28,,,,,,,,
2023-07-31,,,,,,,,
2023-08-01,,,,,,,,
2023-08-02,,,,,,,,
2023-08-03,,,,,,,,
2023-08-04,,,,,,,,
2023-08-07,,,,,,,,
2023-08-08,,,,,,,,
2023-08-09,,,,,,,,
2023-08-10,-1.4527637506676274,-1.3741336824850174,-1.276412832186433,-1.2725345289180405,-1.3276552257667356,-0.947481137808781,-0.17005228603071362,0.5508225108237745
2023-08-11,-0.872777716833728,-0.814703283458028,-0.5986849163379853,-0.6331270768422053,-0.36303648255496296,0.1365205718152035,0.08848662011047846,0.42612737495889014
2023-08-14,-0.10197124904477937,-0.1508177348719939,-0.2941185149436376,-0.05367719740404383,-0.3915992002378993,-1.0887034342452089,-0.8378978861031625,-0.7530510270239099
2023-08-15,0.11549482047505938,-0.24696750990218172,-0.2422466335092202,-0.27026998835975935,-0.10348503478392868,0.22035665059301332,-0.9478704899643517,0.22650391704908573
2023-08-16,0.8137282713844061,0.5541085748644387,0.12111106964537886,0.033723304461086824,-0.6559941134465187,-0.866893292199651,0.47911501709690085,0.31023068970722334
2023-08-17,-0.12479485985391618,0.4106037323749994,0.8370802049523111,0.5350993292986123,0.478389557165601,1.0843997270729813,0.3020864301170092,0.8403123178180036
2023-08-18,-0.4764707977655232,-0.5166405303283543,-1.0317004619272876,-0.6556669376274005,-0.7172988521392469,-0.5346355745272207,-1.5089290731005,-1.0142086312069132
2023-08-21,-1.6235326465375353,-1.5623885661553674,-1.0864319827662583,-1.3952093209687217,0.18876968350454965,-0.06683880688049944,-0.4994678299280896,1.5571135347233453
2023-08-22,-0.9428139157646962,-0.17735215316731298,0.22807080318016779,0.36691840999387243,1.1867641468125563,0.7607197097175479,1.3841979749380846,-0.5352856071973329
2023-08-23,0.05777843669529668,-0.05063681726559239,-0.27651996070942786,-0.24381240887032102,0.5151226288279672,0.060192254915072414,-0.8485522683217549,0.01495051322206884
2023-08-24,-1.3315332209581603,-0.8703274116409568,-0.2894938673970694,-0.3302527464434813,0.9724859283142118,0.8049692983530745,2.296812153893598,0.29611606353726805
2023-08-25,0.4424948468176972,1.1778390433012074,0.8289332105805536,1.4103150825801516,0.6475141940060333,0.05216896853930931,-0.5900044185877396,-2.2578740330354305
2023-08-28,1.3797535540837966,1.129668637150659,2.1925982236208488,1.6181408418751426,1.5562217616020328,0.7180922921160141,1.0991018080231203,1.3431787236022545
2023-08-29,-0.2280861812722233,-0.18228243917871095,-0.18191581520968514,0.10607450644207782,0.6122424575609167,-0.04137066223724581,0.23273983785395103,-0.8651672244722587
2023-08-30,-0.021967183742504812,-0.21853102733062035,-0.17665729129119748,-0.1434816758218037,0.4298795225508638,0.13595006279212107,-0.40310104706530975,-0.03490545020863685
2023-08-31,1.3685297156662688,0.48755291392302574,0.601869758612182,0.7154906772037501,0.9692505936933551,0.40987550898189873,1.290473424501905,-0.5178261908414442
2023-09-01,-0.5805037657072436,-0.1521614213809847,-0.2440967166322125,-0.4317182695639024,-0.6400531773225121,-0.7255359726318504,-1.8710632347749725,0.714710910427674
2023-09-05,-1.3266096281049884,-1.4268929937512673,-1.6119404398517163,-1.1820978483438296,-0.7319175677010716,0.07449487775439384,-1.312533118219187,-1.0915454371630804
2023-09-06,0.2688137037173029,0.49325428341566474,1.0382653756428815,0.3391982644097921,-0.34125189093768526,0.4772248569641301,1.6235224306852936,2.0371529701685764
2023-09-07,-0.710845001600977,-0.9449113428043417,-0.8688988585598203,-0.8918282969901052,-0.17228465919799746,-0.09990870930218879,-0.7827735927458831,0.21044968873562608
2023-09-08,0.40519978099071513,0.16834781041508337,0.44174213467672063,0.7186412810228265,-0.311227133349647,0.011360791033160426,-0.026904185664802713,-0.8665250499307964
2023-09-11,-1.3419001810204145,-0.9901031524123554,-0.6836026061037674,-0.5560420211770271,0.13921427652883722,0.6157887659798976,-0.7609405795062121,-0.2465285247133093
2023-09-12,0.772876540113079,1.0436112804558793,1.3180792061555906,1.313331416715313,0.7988028358635855,0.19214758658056696,1.7674889248430248,-0.05518308140708813
2023-09-13,-0.05587653472200838,-0.40365562190077586,0.34926824962422387,0.5034417515518073,1.278041740744828,0.1449714795977563,-0.2023796745231752,-0.556365669852859
2023-09-14,-0.4708034619638316,-0.17784131910273246,-0.6184568540195171,-0.822353114177574,-1.3688342561285116,-1.2479095831315805,-1.731760870041548,0.7810356923639228
2023-09-15,-0.41983762643067485,-0.0006193085205349351,0.6034257786481632,0.680161841785003,0.7736065298848298,1.423286345911976,0.6342228334503038,-0.2854750088882624
2023-09-18,-0.25071231371877184,-0.444187593988359,-0.949851183999055,-0.895062606109306,-0.7958941092955675,-0.9556298697564458,-0.5431099064280889,-0.07120551515607729
2023-09-19,-0.8129183043564427,-1.8085745493661016,-1.7266072852205585,-2.0920514078311867,1.301898224585952,-0.2922018886075777,-0.6612001176527577,1.4684895326099536
2023-09-20,2.659655523246207,2.6742956386363455,1.2885587399982885,1.9208006532178206,-1.3430100145120614,-2.0061782245784583,0.5344926591219646,-2.2833337149169517
2023-09-21,0.10218518349717196,0.6973210293179785,0.8785329205972489,0.6436858983946736,0.7178956838208811,1.248556742908441,-0.3144633468974414,0.495184272458675
2023-09-22,2.130020309766929,1.5400659569055366,0.7048219735165097,1.1064297509491896,-1.1686421237002917,-0.32360866275323397,0.02089343317043105,-1.3282701248717588
2023-09-25,0.5922006697638321,1.086607658285203,0.8382629560225474,0.9455678338676807,1.620130163104321,0.8411370682776583,0.1839148475641079,-0.5084520957569532
2023-09-26,-0.5344482571265069,-1.375215206234366,-1.2615664845626762,-1.449974181376719,-0.7712363385818048,-0.974453540689539,-1.7135202058003756,0.9493730293625235
2023-09-27,1.2151763940036155,1.3738594802441235,0.8921143408762149,0.7181055925314929,-0.06509737940659166,-0.49089205537508046,-0.024507958980403432,0.3126653264467932
2023-09-28,0.24217107762232964,0.16890898248411204,-0.14033554804930717,-0.13612909360741404,0.43704917906226926,-0.41430279698733863,0.26936435423915556,0.0324559824036318
2023-09-29,0.26301045838726494,-0.6059113469965196,-1.0724792244381833,-1.1502282878758627,-1.1486722299759733,-1.8554591067056656,-1.797562527575295,0.5962791101375879
2023-10-02,1.2260768463666512,0.9346985628204653,0.30979015930330905,0.8268176960270236,-1.6233962815553622,-1.0911189401804782,0.388785626831359,-1.6493705733660953
2023-10-03,0.3711871667570028,0.20524046203903137,0.2645781280534889,0.17092219913693152,-0.599781308969496,-0.9077712540086201,-0.15065039213009737,0.19732881269829072
2023-10-04,0.9529209358793218,1.9824786329994655,1.941920539612226,2.2702282164839565,0.08659654323506107,1.0320742983840847,1.702014872101649,-1.7941083447067463
2023-10-05,0.5983333554760946,0.4277635586975628,-0.3058369576687596,-0.4486037904373754,-0.15638854750698694,-0.11984308254017752,-1.5525904801458195,0.5818271153501722
2023-10-06,-0.40525973095261936,-0.2921454458885645,-0.1605230032808456,-0.19664048726265282,0.08180317595450902,0.26605469652508196,0.17103845347020158,0.21849738517522546
2023-10-09,-0.7157346547369317,-0.1648838372622774,0.0947800801503391,0.051675872905121045,1.3291500213195206,1.5990288959995778,0.36799093004480776,0.14228183873552616
2023-10-10,-2.9494039388270186,-2.6459131413438604,-1.836596990035624,-1.954127287600456,0.33371258311438,1.2056148622049925,1.043578202065399,1.4458968560787875
2023-10-11,0.9704159476514437,1.0679445664897362,0.4760922101278487,0.6359081061728434,0.05353933246129549,-0.044298548244758505,-0.4946455853060209,-0.7703120281031233
2023-10-12,-1.6679172596697582,-1.2702575486384222,-0.7716688567479917,-0.777995795124388,-0.5126835110090339,0.33436262260195493,1.5974047354975098,0.4760908987522613
2023-10-13,0.5862209051997841,0.5245223984489967,0.08923931532066004,0.24965156354955342,-0.14653014430315686,-0.1910888902889201,-1.0963616906513618,-0.5609407200710372
2023-10-16,-1.1221734465969035,-1.9503297930822134,-2.51373032982781,-2.265588661304474,-2.844552509207598,-2.0697726211026937,-0.5306395097855214,0.4697288929230566
2023-10-17,0.3109550575519839,0.027909961104333268,-0.24219663066114916,-0.21116087260875163,-1.2349935932635594,-0.7331847515479548,-0.05444622543246229,0.058245349736691564
2023-10-18,1.550831404642718,1.6290272455168533,1.8019445150947595,1.5790242184469567,-2.467225144770089,-1.836882790376508,0.0930541407383581,-0.3718900015751126
2023-10-19,0.7566855812271424,1.5403384069984716,1.942043937199158,1.5531746982479826,0.5072848627172694,1.2244080863993914,0.7457500736872171,0.4657229236025748
2023-10-20,-0.1380070552385935,-0.44398234633995937,-0.7086941288283621,-0.2724450178523146,1.8094090777788636,0.535055643308608,-0.8712827457707701,-1.428784834945402
2023-10-23,-1.8339390459122196,-1.3811425743818795,-0.6938669350986679,-1.1462470283635628,0.40782537074729325,1.5803021851794192,0.2631162494364299,2.2672645683423287
2023-10-24,0.992329911402959,0.613674564165531,0.29613954511476953,0.3284333057903803,-1.060662631576188,-1.1884803130830803,-0.6752219916744364,-0.2789199918296561
2023-10-25,0.036071239287612,0.09735361185882548,0.41485211434966013,0.6726405135959559,1.4974044739980448,1.4449471977289772,1.2945722185567052,-1.2426403216965036
2023-10-26,0.7237146118427517,1.3157583079873771,1.656264552109031,1.5217003439623544,1.2365693953900976,0.852330423762882,0.3998123727898443,-0.45893575329762837
2023-10-27,-0.2539046663448595,-1.1336593184793413,-1.135577923326372,-1.3359701577592629,0.09563100649524894,-0.3318214227366234,-0.3872859200446716,1.5517627506513187
2023-10-30,-0.06354184063856547,0.31040735886018017,0.7085119477040576,0.6305298648575521,0.5453331003392426,0.8152430383224436,0.599552845775597,-0.1036532585103106
2023-10-31,-0.18220989635711288,0.8998259464755832,1.5715342536627575,1.8218686614082233,1.943116596381926,2.364257710053381,1.651707327728434,-1.976903868455154
2023-11-01,-2.456519576278744,-2.2026289729922555,-1.8553440613240175,-1.7006167008076998,0.02595304617598558,0.5237350706168923,-0.8660177975716851,0.5805652251522136
2023-11-02,1.5000235001108857,1.3288774898461257,1.6646901219689745,1.540835125481639,0.7569232365146326,0.6391898909519154,2.210737810860017,-0.4960197763674385
2023-11-03,-0.7093379646307386,-0.9758511380964908,-1.0237851443690744,-1.0867861820303213,0.003215272919326382,-0.35393298007585117,-1.3764540505377232,0.9815190971351276
2023-11-06,-1.062725484356146,-0.40602886097592833,0.18025902417140935,0.025502492146543754,0.1195283354796365,0.49733083708328085,1.1835926680404243,0.6179539380598216
2023-11-07,-1.5803141044366569,-1.1293026226072655,-0.6752707176317685,-0.7470784326508718,0.24755740634809267,1.1181776496402396,0.16362840344377105,0.7822675791203569
2023-11-08,-0.1730048806406084,1.0070634343187082,-0.12261253205936609,-0.11612873434952532,-2.392863747124976,-3.7799721071240646,-3.551206839800368,0.0711497788892606
2023-11-09,0.13167930588948581,-1.6727851194830794,-0.7662653423797519,-0.9102579991994284,1.4786051503452509,2.19995083626191,2.815317391433853,1.153308376136563
2023-11-10,0.5467813295176713,0.2795790088259036,0.02552310988465355,0.019190425531527194,-0.1174978787649038,0.026358501124047667,-0.11637652117142241,0.007194136155282765
2023-11-13,1.1456264828748868,1.5745661856035316,1.7429935095801123,1.8587145676993306,0.9155735242653554,1.2465739109750706,1.0721477892303417,-1.8049736432242482
2023-11-14,0.13996959748697818,-0.14060070414006606,-0.31114590904771583,-0.3338198456996732,0.3416771814556471,-0.11688130320620577,-0.4129494278322832,0.32675997166367643
2023-11-15,0.13726641028786515,0.40861654065025976,0.4816336750439811,0.4949036006155885,0.6116881047737452,0.45155665673062867,0.3448893225236741,-0.3667145727154587
2023-11-16,-0.7046608447764919,-0.8241632014212137,-0.9413449368375537,-0.9097427228206166,-0.14564555473430268,0.18138983137373463,-0.36021536665575216,0.5276607866094267
2023-11-17,-0.4049859417542769,-0.14553819105148538,0.03927552058957217,0.021419491288747976,0.5991460153582816,0.11085065259337337,0.24442928107015408,0.0776185529571638
2023-11-20,0.29942085493536125,0.1798398216333719,-0.05409339971748739,0.04086915759054827,0.19125159548637943,0.19536940786215024,0.16435826439842857,-0.41101906423006307
2023-11-21,-0.5198766272570914,-0.6915796656484379,-0.6700718512333115,-0.8902398091488243,-0.5318994369899177,-0.25698496910069074,-0.1608102069286492,1.472291464539267
2023-11-22,-0.7012015879552804,-0.19476603130701622,-0.06547319338421849,0.017580778913745546,0.7316708849078305,-0.012657599487839144,0.5551040225687522,-0.33788432860775264
2023-11-23,0.9331173486189164,0.5283358433430805,0.7110599190541774,-0.5314419693053607,-1.6312105612956185,-1.0830468362323118,-1.5614950427193566,3.7459198208027438
2023-11-24,-0.3103416235169379,0.044449052670216815,-0.31533437004282167,0.8917888506180348,0.7659396880436015,0.986682535687217,0.9209970671007529,-3.135516190043374
2023-11-27,1.4153153388544824,0.9941867578357857,1.032353424240677,0.9887277290900177,1.0572856345387038,0.24829068367960944,0.9117140825521506,-0.34127256896126845
2023-11-28,-0.18109938545694068,-0.06830639466511303,-0.2031079269000841,-0.13719077196322818,-0.8916436955172593,-0.2599369962005556,-0.567779390716759,-0.08325785856287919
2023-11-29,0.8114684445005025,-0.31070675751895516,-0.7039908665608804,-0.7138734391753088,-0.8975963564376739,-0.7150932308088248,-0.006435764250373149,0.3386042276615646
2023-11-30,0.7136406812842111,1.090709197202057,1.340128862483491,1.07109729441284,-0.937653007635138,0.3197856891522177,0.03642686806671142,0.06927214389612935
2023-12-01,-1.004320944711838,-1.031850237679749,-1.0983199764827383,-0.9117967540519191,0.10210985527966839,-0.7147278589400664,-0.2562546358712211,0.04084110900546962
2023-12-04,-0.8787003969499497,-0.7295106667233594,-0.4720711486032066,-0.45906081212820954,0.08367414599899613,-0.04887903865423115,-0.0348869170437462,0.18979344011451696
2023-12-05,-1.168584283344036,-0.7733126044119514,-0.34047250367338006,-0.5226900250720484,0.33195949221941334,0.2230043639601298,-0.11493098809000465,0.6293498209082434
2023-12-06,0.4291465940636578,-0.06097463456247776,-0.40990413010409177,-0.2022118071806657,-0.2528308063007373,-0.5300999102470375,-0.1904387995655894,-0.3566639819321034
2023-12-07,-1.1709625202431517,-1.1843786098044469,-1.1268533396514853,-1.2165169514276895,-0.7096193260351729,-1.1548500583569568,-0.5328295426882564,0.73425983778228
2023-12-08,0.04486111291347926,0.1419776669527139,0.34067026976140397,0.20826731173573987,-0.60232558496315,-0.15659725354991613,0.16799003212443037,0.1782581316017589
2023-12-11,-0.19691801465393982,0.16797794906734023,0.14132738978924236,0.24535502713421545,0.9198227602497902,0.12474865182558162,-0.011786796617528988,-0.3361856479646973
2023-12-12,2.2524447804885273,1.6925624028398216,2.1170047603055915,1.8310169178265323,-0.6369029905156782,0.45189630821321936,0.16736912011776456,-0.028262535258785745
2023-12-13,-1.5198383384251248,-1.5757254757810115,-1.0496737882006915,-1.1959176797062696,0.10011564584769736,0.2369799099457488,-0.6086406493312848,0.7331468879314613
2023-12-14,-0.3163234515243157,-0.49983213900594503,-0.6288210293483146,-0.4987195004403384,0.5574209916824834,0.2998082294810036,0.28688749634395316,-0.07747755694388565
2023-12-15,-0.04021375406692908,0.3361602755392383,0.5371159042098268,0.34704411793931195,-0.07826785535518319,-0.40278393521282757,-0.15407073362543897,0.22864360798088396
2023-12-18,0.012732764241370717,-0.146945880764547,-0.4199851492870691,-0.26584930580356825,-0.7248926095298336,-0.31695498743624256,-0.10127474729926884,-0.21953446576948524
2023-12-19,0.6474569757380131,1.0651916182917456,1.2892966096760838,1.3595144119556517,-0.039082589490268396,-0.09080177218335793,0.5081907031277888,-0.6329480432484248
2023-12-20,0.8187680510345116,0.2910795668324716,-0.23490427311997375,-0.20838376846978315,-0.20163763909590823,-0.47667076294086025,-0.6549332671582686,0.009084535327071793
2023-12-21,0.6103894148746176,0.5178728062633113,0.23331969777675263,0.40940554798431983,0.34912719431497874,-0.8157267350570492,0.26088507868789546,-0.48379976352257975
2023-12-22,-0.5860468557957439,-0.48386968122051477,-0.502950463268441,-0.4861963668497528,0.2693696402020294,0.2867903881805848,-0.2215241970271287,0.12829219455576274
2023-12-26,-0.22585667753130834,0.47760663144878107,0.7754628895051167,0.7641690353807357,0.3924069390471339,1.0100016211009186,0.6576123335977435,-0.19669401267633288
2023-12-27,0.03102759156993155,-0.2127687750661968,-0.3936965514219367,-0.5676399961937436,0.11194102838279295,-1.535751456304121,-0.5273083688491406,0.45723058308030845
2023-12-28,1.0360197854309026,0.056223610845377664,-0.48472259603885337,0.4173747741469978,-0.5113442602714606,-1.5808955875573631,0.33974062011577616,-1.6445039351849013
2023-12-29,-1.0349196094823103,-0.43296966753112803,-0.30242636155144786,-0.8184521071839659,0.32548070482856284,-0.48877311142417446,-0.5677060514066974,1.041321000105066
2024-01-02,0.07836076457559316,0.7658719960036308,1.0082588369203707,1.1011561473515477,-0.5272674974784685,0.7090294799999829,1.4776966383938175,-0.46984406356700675
2024-01-03,0.08377016011224295,-0.2795157251788314,-0.6176756635256663,-0.4552044465262017,-0.7914691070552807,-0.4334708736049068,0.36882213953923054,-0.1570717244444717
2024-01-04,0.8875195096047083,0.39016372962170126,-0.2544516561162692,-0.1582203773318485,-1.4231778649943279,0.14635155903085842,-0.7394749673384468,-0.13832060806027574
2024-01-05,-0.3072824229311937,-0.016653682121973896,-0.760233956726619,0.015193642528162875,-0.7786590141708201,-0.2780836484406011,0.0707534974906872,-1.2650319850729799
2024-01-08,0.34272164655464804,0.5556039584778814,0.7982865242085213,0.20286461257374747,1.0668474579816016,1.4292196768361565,-0.0709247901464979,1.094245392838868
2024-01-09,0.483471926092292,0.35241341530023945,0.07985053520545299,0.33616252968827753,0.06302119928343418,1.207301275913387,-0.7866586897198086,-0.8383110914625844
2024-01-10,1.3944078591979043,1.4860610299505859,1.0986228070411972,1.211079364011974,-0.7027445883895683,0.13510658408730897,-0.19340350929683203,-0.6917488961343993
2024-01-11,0.3592279235469448,0.7850937809897893,0.6834092230304679,0.9665894808165524,-1.7356385746046261,-1.0145934952597415,0.2716257353357578,-1.0799732344217183
2024-01-12,0.6041103127805162,0.03567630358284234,-0.42322779887674,-0.10230850010330023,-0.5024756751619925,-1.7210154911741313,-0.33079830367976143,-0.7990234113762467
2024-01-16,-1.991797121186629,-1.8339854534517661,-1.4584829196382771,-1.5583503065714597,0.8133663956324103,0.4334511893156746,-0.6143756259581244,0.8407638704961071
2024-01-17,0.7489653911103429,0.818499929376521,0.5134208390684835,0.35337221153193316,-1.068271171099642,-1.0614878209422856,0.7636812256423006,0.2944294042820162
2024-01-18,-1.0918960247363017,-1.0251077480910167,-1.2877929982620282,-0.9974782030179562,-0.21132248821302058,-0.02585999738429333,-1.3772225295372051,-0.40717585603971895
2024-01-19,0.47283474363741124,0.4450720480979637,0.26043516510476844,0.34227024778388715,1.836125136853742,1.3674110976370273,0.8895573483563135,-0.31614962330813223
2024-01-22,0.5443408182032742,0.621294467064503,0.4429993950336414,0.44364824071907655,0.6157897079919463,-0.7639917647563244,0.5422707138530932,-0.14520185732863364
2024-01-23,-0.12028970760704256,-0.2575475883699356,-0.11970582578091048,-0.46509962858056325,-0.9486417106722992,-0.019151642211910732,-0.18152597068009843,0.9869102379402485
2024-01-24,0.9033904608286308,0.8784116597013251,0.6105685042715641,0.714081412383536,0.5465083943912564,0.3406147102495629,0.46324002553810534,-0.44921878053943554
2024-01-25,-0.9565522031415082,-1.160498061347424,-0.9843735380243168,-1.1851646898641846,1.1057482857882266,-0.2891583628112251,-0.705878086224706,0.8720825913897644
2024-01-26,-0.5082166091429213,0.14353280111594377,0.44390306353253,0.7202577253271047,1.819886867179618,1.343929924584558,0.5802238542951981,-0.847452394868843
2024-01-29,-1.6165506283379245,-1.7485161057445522,-1.2703612961973307,-1.5709180848099493,0.11638974802843093,1.061014449805675,-0.8004434862117769,1.194140486169506
2024-01-30,0.8956599955163107,1.3132947296834863,1.6548748028752378,1.8423452468266535,1.1509622308004903,1.7375248251813078,2.009382496574734,-1.1371798177671655
2024-01-31,-0.8174860711111652,-1.3135557422343562,-1.1106058445458742,-1.0199531292670727,0.03990532881418489,-0.04983736173497423,-0.4754393906158348,0.22021392857427724
2024-02-01,-1.8114319084668447,-2.131333171575957,-1.9675706109099407,-2.0921908847649076,-1.5241482758769291,-1.2098391455872333,-1.712285725381203,1.2623240807677034
2024-02-02,-0.09286660265730426,-0.914506255695369,-1.3752130500541742,-1.386837028416866,-0.9883213367431833,-1.1419635373948227,-1.1397092050476956,0.676322531798861
2024-02-05,0.8747076419419325,0.967489578834145,1.1123902928014393,0.689412917176878,1.6353662407910852,1.3535326845621414,0.7135736344708286,0.6096688367744102
2024-02-06,-0.5278727964619232,1.1447185288703967,0.5419782499264827,0.16348366290081462,-0.9730803526998437,0.5787181485253574,-4.098317003297068,0.7368513197167663
2024-02-07,-0.03670069520032573,-1.669027888686517,-0.9443873360202165,-0.8336444328384732,-1.012210303887671,-1.781428250637938,3.2058731823580264,0.07820904784955582
2024-02-08,-0.036288142410797156,-0.14121315852836092,-0.29715731940233014,-0.3795060827137823,0.18579013273083353,0.48959337861688695,-0.594137220144798,0.31178546782251004
2024-02-09,0.09124475513403783,0.23470221882487427,0.02051844663174997,0.060073648992467026,0.10077990651780112,-0.2880869170903092,-1.605580454507991,-0.12512822874530904
2024-02-12,-2.2022001572420105,-2.3597919853103875,-2.973285117513947,-3.09472861184251,-1.323279123641876,-0.6091886451860162,1.1348682367887644,2.121555636802408
2024-02-13,0.9259267770029733,1.4348452820532962,1.5152269203692226,1.3567244027430676,1.3945648072538706,0.9279753995589107,0.4981860771885939,-0.34173511096865206
2024-02-14,-0.054235645089992325,0.049045689346593195,0.28742693685054405,0.01205074734247001,0.3088128873108731,0.8708278552213172,0.6590608987347392,0.7700124357156288
2024-02-15,-0.562860279624219,-0.7827043077005947,-0.9666362751912235,-0.8905545756666434,0.19564757411764735,-0.47091909005681887,-0.8480894868832533,0.2596813648766125
2024-02-16,0.08885473651643888,0.08198238565481492,0.12880418853186143,0.0883235382422388,0.19850168344703373,0.048756427331909186,0.043081042376511294,0.05251887804768978
2024-02-19,0.8392095347933408,0.9089090819434091,1.1973296857925038,1.0237145775892968,0.5237968943758718,0.06797179381496804,1.0229686255291854,-0.07566676973985476
2024-02-20,-0.44873668544907236,-0.36767672348512936,-0.3695303777128887,-0.3414752589619936,-0.12259567100710315,-0.31164742835747605,-0.5163863378080428,0.10457432983835006
2024-02-21,-0.6898847404554167,-0.70628142128236,-1.0419519501072159,-0.7871722148166495,3.0090626280411428,2.395620122293265,-0.6212685046401771,-0.4323558562825055
2024-02-22,-1.0967911809230375,-0.37503973514577754,0.15264654136820605,0.0650067904563907,-1.5070870857450211,-1.023779483396777,0.6646652702234402,0.26135210201168335
2024-02-23,0.2088952724767222,0.5512189784963549,1.0226085312862385,0.09071627536124925,0.9206537452579959,-0.24684939448907062,-0.959608982654256,2.9510549396510886
2024-02-26,0.7502427594245057,0.20624237375298454,-0.42971863538408683,0.5986175691011341,0.3954636163946788,1.0960162359150205,1.0244248286140245,-3.1038500208076756
2024-02-27,0.8150598864800722,0.5779993517427378,0.787901654548151,0.8028577621336784,-0.06779057850884655,0.6098650260775386,0.1729249061466802,-0.40071746999180735
2024-02-28,-0.11182485803085197,-0.409039331507244,-0.3537198489357815,-0.46410360098583264,-0.13998680695847418,-1.2791406627261193,-0.20377200055748496,0.46666594221176044
2024-02-29,0.728161167325627,0.6493299677008809,0.6937452896147377,0.7332358830600577,0.7052693298381508,0.23915395191754543,-0.04132060573318711,-0.44429962819738056
2024-03-01,-0.6044947101163958,-0.4113035247584788,-0.12218847641644356,-0.0935963751556937,0.16229066609981171,-0.5830459434360623,-0.13083526047946512,-0.05656570668121338
2024-03-04,0.36362097833641277,0.17844615968327593,0.18761350484941525,0.07795877314316792,0.5850928965648532,0.694737174797213,-0.418914217318633,0.24476784595903428
2024-03-05,-1.054052375539554,-0.24058872625410196,0.15684268729538334,0.24596569765512352,1.0681800322047859,0.5869697582887912,0.8640071998953586,-0.37130726297115735
2024-03-06,1.6251421081774051,1.3108423396955373,1.2200665248351346,0.9911937127553098,0.2002267471436448,-0.07853451917332992,0.2386884275793772,0.195570483588119
2024-03-07,1.2824410964323942,1.0742859346519693,0.8241818555236997,1.1044857997332689,0.09130031358702861,0.013762259780750146,0.07412897568428983,-1.257638659139947
2024-03-08,-0.5491513070831215,-0.6599482897966558,-0.4699032376101735,-0.7629970083552531,-0.40128452079314053,0.6954356262021907,-0.3577388525364668,1.1007790469536987
2024-03-11,-0.2795023117026582,-0.20527561271140632,-0.17921128795532987,0.05226357475249882,-0.3338570737639197,-0.3726628837823469,0.46363586002417895,-0.6493273274794952
2024-03-12,-0.5743178782250179,-0.45918780617265914,-0.1725199135141436,-0.2524426846689218,-0.360781343149687,0.01026491264501183,0.34810778436480433,0.2823358289882176
2024-03-13,0.4291636377243503,0.07613013731981227,-0.40900551916845745,-0.4084392241190368,-1.8121628277455641,-1.8726419648851047,-0.5736596306822529,0.12422740785109398
2024-03-14,-1.0749510729818479,-0.9754543969800163,-0.8850155609488719,-0.7531901157667084,-1.3020719018221028,-0.092847170400165,-0.541756964024263,-0.12782712995619336
2024-03-15,0.3426950928962433,0.5398975940607259,0.3812158261525359,0.3508354191562327,-0.674991350370566,-0.513569755725822,0.15060896708914145,-0.04503325436960693
2024-03-18,1.0681254989407813,1.3949861376938435,1.3501614949633864,1.3817342298219384,0.679409559865172,0.5556226036083508,0.42815028003362515,-0.5803910016846316
2024-03-19,2.2411031173925053,1.7077937337669007,1.2922853779539005,1.424178794034383,-0.6099045220494699,-0.6402229902977937,0.3400055454460583,-0.9062862350425279
2024-03-20,-0.6465405864041996,-0.7218456003334397,-0.3374408010163097,-0.3261704105045316,1.1239907376673048,0.5521754793937914,-0.2702662457226434,0.10321247057404805
2024-03-21,0.38408128561204813,0.7962728927446788,0.9151052759971203,0.8756401763000088,0.07768604395108189,0.969104326060197,-0.12851105791079254,-0.21321226312659378
2024-03-22,0.11105158908338326,-0.263851032062704,-0.7239521528154143,-0.35948646243107973,-1.02442926522864,-0.8977541748863037,0.20328240204477,-0.818290171278458
2024-03-25,-0.5739549066069419,-0.4833963031585917,-0.11778989183021776,-0.3112455477375298,-0.1128681024576966,0.09940892312628423,0.13802817980210677,0.5133122350010055
2024-03-26,-0.2889825436018828,-0.4328439299251419,-0.24284743534167097,-0.12217256700944112,1.444711665088429,0.06993380147008088,0.23603421003619587,-0.2146443818727728
2024-03-27,-1.2933265351844423,-1.3758041531960974,-0.6450899924394986,-0.4927930274025144,-0.24712210565839973,0.854869175746195,2.7495830898947875,-0.2350135968905543
2024-03-28,0.11061639485366112,0.07919993960131982,-0.022208182379478806,-0.05452415764434908,-0.09642416629298803,-0.0912024026996353,-0.148734172519858,0.08025366370109384
2024-03-29,0.5093049095661173,0.07816679081297223,-0.48038340195068796,-1.0889185844202043,-0.8375427883169945,-1.5736782611711146,-3.178538298047976,1.4056884932933882
2024-04-01,1.149166803772217,0.7294135220311069,0.024697036935454227,-0.20477148437442036,-0.6983594759719332,-1.1828790929545,-0.8340239660186075,0.4609656638117396
2024-04-02,0.9508208621250446,1.3798811336149224,0.9070112952855036,1.389367089424989,-0.09953044807635025,0.33908428668106194,0.12089161667279905,-1.2126714343258893
2024-04-03,-0.578544421781494,-0.07155093455367707,-0.06354125577576514,0.18471463744960642,-0.32904742419720734,-0.20924806875076193,0.8756500856124293,-0.470346540924404
2024-04-04,-0.44402226336198003,-1.1721576955467505,-1.1904880501813295,-1.7767772982206274,0.5982972652409277,0.33133110161637974,-0.45952530707735967,1.5781989260102196
2024-04-05,-1.3160963351448982,-1.1125288566343663,-1.3196376516845172,-1.2428643141396143,-1.1054678632111972,-0.604474357507579,-1.3048607526051772,0.42588143111505683
2024-04-08,-0.35263304406734547,0.17645997394889604,0.45975129069619514,0.3542034905265195,0.327690445470654,0.967283155819492,0.8151457146845066,0.06834917265196812
2024-04-09,-2.6397825769275696,-3.2412634089899495,-3.536666808682551,-3.8653142764102206,-1.5815339276681748,-0.059032411866276814,-1.361963222728615,3.854320525386183
2024-04-10,1.0694352980889066,1.3273748099821505,0.8758976132518338,0.888865010771152,-0.5684542908783824,-1.7184871443769683,-0.2223534610355934,-0.7411009369628931
2024-04-11,0.5576468316312403,1.007616123827309,1.190826764131832,1.0389759790428257,1.0112987726791056,1.6885847497585118,1.5077779589686544,-0.5149058658434297
2024-04-12,1.0887088452911493,0.456294096577097,-0.3022193534019004,0.023719404362096894,-2.0341386191952906,-1.7468386978800834,-0.45271405806826404,-0.7688360318409311
2024-04-15,-0.6953092202003368,-0.8707718682687856,-1.20861591117328,-1.05653836804646,-1.5480987988644994,-1.5150289148086087,-0.20685582635587652,0.4901905892881153
2024-04-16,0.46781823288444285,0.8495164264158164,0.8169506874423719,0.795157307039137,2.153591389551247,2.103559020254876,0.6732780318971997,-0.5594322163010176
2024-04-17,-1.1382892851396464,-0.7599660441652653,-0.6426174705724124,-0.7975479323053187,-0.029386297144205355,-1.9818581283029875,-0.2375004391851446,1.016480570305001
2024-04-18,-0.09103337659060937,-0.19524316258889834,-0.39161645824404073,-0.22159981790437497,0.43432914653864907,0.6627303621766814,-0.7501148801372877,-0.19711871088857083
2024-04-19,0.7236954984569248,0.7649267848796556,0.9604471394151044,0.9576073187735351,0.18812245160470628,0.37091861550647204,1.1756692162658375,-0.7748058231672427
2024-04-22,1.120165779164484,1.0268218956592767,1.063506708540195,0.9874151343274211,0.26229630735120246,0.081163393552076,-0.12793947915437726,-0.6331454852123165
2024-04-23,0.7697160828296771,0.336105418255733,0.10893179936765732,0.20862291181436737,-0.4873516013915599,-0.236561641643397,-0.21173964963626798,-0.4006754187008792
2024-04-24,-0.5963258440102231,-0.9990454324528831,-0.8786190833423851,-0.9644795062849056,-0.040123721565319584,-0.21225363876551104,0.02553130052362378,1.0322375221511482
2024-04-25,-0.7666920797583278,0.1945237613578621,0.5176010631112217,0.6156103057619206,0.6429327992642394,1.388421247348001,-0.5384286435860749,-0.7282790053794631
2024-04-26,-0.21697283929045263,0.20229616401982925,0.78627955266013,0.5136403054866715,1.564569768294517,1.523108651941443,0.7449399320667751,0.21954974818291145
2024-04-29,-0.28888976276184414,-0.6151620042463896,-0.6529280605681036,-0.6361419347496337,-0.09170493936295326,-0.2707336753801247,-0.49319540226807507,0.5177776438158722
2024-04-30,1.3258802879294769,1.0492975064969354,1.1300812507836955,0.8902349138494781,1.077134992578072,0.2884608200036846,0.003527167408007248,-0.18034728578323714
2024-05-01,2.2226907171865755,1.5393360157101197,1.7476040150120522,1.5694722498572538,1.3079728635774508,1.2033168446729594,0.12849725482335575,-0.8702016294977551
2024-05-02,-0.016436658333902416,0.38629913570518726,0.5369254575407867,0.696544097215956,0.8931867348172315,0.28803794480123845,0.44657889600006095,-0.9276853363076829
2024-05-03,-0.6428142268634125,-0.36706683978672294,-0.1884540630637849,-0.16640619018962072,0.6486206011396124,0.9784063559219998,0.3570387711173418,0.1323900789977074
2024-05-06,-0.7064868778489648,-0.38706354440766355,-0.303092458911926,-0.10501418140657473,-0.2114607339706037,0.16286662324410064,-0.503488415796814,-0.3249643777446734
2024-05-07,0.6319718031153915,0.44267548143474944,0.7222988734039548,0.4221348698689688,-0.18090900767949972,-0.31253004777843535,0.35887288125986244,0.3691442035807602
2024-05-08,-0.11184301411042463,-0.25998690722749673,-0.11570636699427085,0.021780602813498286,0.12741301594782314,0.7395091817714787,0.1782385122523224,-0.31088261775628084
2024-05-09,-0.4570567849591153,-0.1451012771266608,-0.361786937920398,-0.12755538945406006,0.5391483677271147,-0.513553575078685,-0.5894842704111795,-0.403191653648855
2024-05-10,0.1415018920270386,-0.1134733046744346,0.06227780086711527,0.013751768966643764,0.7952319609471836,0.2362912146037652,1.032992842954604,0.13518475138250116
2024-05-13,0.3625403226471577,0.29555362613967284,0.3291038065980187,0.3838747057243645,0.4771500462161428,-0.024655670511957963,0.03424813016543969,-0.44052507882927555
2024-05-14,1.1296331306742,1.2501710178420526,1.3129976789519886,1.3036989707811755,1.758182505896486,0.8704512946539306,0.6186499903270806,-1.096268006835549
2024-05-15,-0.9945744620203962,-0.9688323053080447,-0.717760455559171,-0.5740273272932045,0.6622209415304394,0.30482085998596486,-0.3728792134978863,0.17084652809575684
2024-05-16,-0.3554589476602591,-0.134376002671104,-0.024392038125076714,0.06244238580071573,-0.8561181621350179,-0.9587964001310814,0.4606478097599081,-0.2435673795817735
2024-05-17,0.5069032624383758,0.15998463770977597,-0.055833076157836684,-0.06863487568232254,-0.24493835314989865,0.11274502513532438,-0.48402753832424894,0.11196989639265502
2024-05-20,-0.04700316740943522,-0.0597126340432551,0.19478067534605004,0.4052849588036564,0.5280567873631666,-0.00965643167944496,0.5417777053126895,-0.8592391184962004
2024-05-21,-1.2504076910634923,-1.66352968861934,-1.5552033788978012,-1.7712690897495396,0.06460591184390764,0.2477601670643222,-1.429955195814582,2.0066287624744503
2024-05-22,-0.8705506420910092,-1.0638425873329165,-0.6560540862195945,-0.8020244775364407,-1.5359154372332369,-0.33140914966735785,0.604172165180021,1.0591776341750296
2024-05-23,-0.9672249587765033,-0.6053125015855058,0.4083850703268632,0.04652883884624525,-0.24392298930583922,-0.10425629462236186,3.517108108882048,0.9830411737650365
2024-05-24,1.7495278018876623,1.4887316133408501,0.0036236552576459215,0.6277610072265597,-2.730054089157003,-0.6392041365757195,-3.046059822749981,-2.1075944749300697
2024-05-28,1.1472790559227792,0.2926352531807645,-0.6628418246613597,-0.7724009748138636,-1.2428246613325886,-1.872617636897924,-0.4689486659044924,0.8344640053607247
2024-05-29,-0.07719141787803256,0.388716454572266,0.6453158967338744,0.35427643440905543,0.8785482576306427,1.3360221427906138,0.8738270753100771,0.5033679305029153
2024-05-30,0.7910177257220404,1.106966251568625,1.3559630064239045,1.1611445272930936,1.2392748867091694,0.9786657789494779,0.6488632967544663,-0.26043754637315897
2024-05-31,-0.4895867114157312,-0.21254247231776197,0.4219734352835185,0.34596473825954194,1.4162436102064355,2.313939343181636,0.44165950183783115,-0.009724708293803345
2024-06-03,-0.2538013100758947,-0.27107641284634365,-0.10736988771353193,-0.36201514243467736,0.5937138840903408,0.3593718521871662,-0.715451943864574,0.9313431294882072
2024-06-04,-0.5053948608358746,0.165696521801642,0.5707535285703603,0.6793387254229774,-0.2078243844541425,-0.38750415002619415,0.577532371929932,-0.6820679778570743
2024-06-05,0.3690365652586726,-0.2711255473331106,-0.1628669359193248,-0.2820639903906343,0.1745289126412582,-1.186883544342941,-0.8112879139911237,0.5167038191300071
2024-06-06,-1.3942297700683979,-1.9798235740694743,-2.5010148721973464,-2.5250310954798745,-1.7817245059024898,-1.4982995250126805,-1.5759044335255195,1.7839556176467144
2024-06-07,0.9501622256060653,0.8263029544900458,-0.019825532214979784,0.17122110510802802,-1.429392395082023,-0.9623597545464601,-0.046362684950441685,-0.6076252998230793
2024-06-10,0.040950225461738606,0.5593258235210334,0.01520240427561096,0.0007545215972609413,0.6333799788968639,0.7064481507511238,1.125162586470275,0.024048395668130666
2024-06-11,1.2025586003371902,1.9021474828614953,1.5691476835528217,1.7978230633336054,1.022795110756434,1.4241092118939087,0.5933316704503624,-1.8653900951287254
2024-06-12,-0.4082676161334169,-0.44898692331934664,0.2981059242350433,-0.07298842521573297,0.5590419115452377,0.30047860426916195,0.2119413759596083,1.0048643660830883
2024-06-13,-1.40375948954403,-1.5740131412128313,-2.1037705805722737,-1.709845303421039,-0.3775335022444081,-0.32110643316804655,-1.012733798371883,0.14600572405089754
2024-06-14,-0.09207958994538136,-0.5056044318085483,-0.358559897932537,-0.40277998945800736,-0.0202430622111707,-0.4690675788302369,0.267542793807633,0.40682298054881866
2024-06-17,-0.1559357292420109,0.09360758201069712,0.28432647094489477,0.5317675074499083,0.5315834177575873,0.0656395559406208,0.3550839610561193,-0.9705256641195155
2024-06-18,0.7143848229060951,0.2102697997439383,0.14087574885928722,-0.05999583954820699,-0.5370720563449435,0.7015345826269793,-0.4051548596046365,0.5581544680941336
2024-06-19,0.0038208016455373813,0.5763122851320827,0.6111951143606859,0.6357045256191707,0.20303594349214593,-1.4235393085066879,1.0666962481565359,-0.48590713129638025
2024-06-20,0.1593171935448664,0.4609673279343169,0.31509114859812526,0.37575176506510416,-0.7988794951468821,-0.38149907393856153,-0.7743411208928203,-0.40516022892034576
2024-06-21,-0.6651202604061611,-0.9795530483674343,-0.8707758653436616,-0.7856839969189299,-0.426496158217435,-0.5596466333995467,0.6660163890545181,0.36101980295839015
2024-06-24,-0.21255151770898592,-0.5103264291532613,-0.8221045460221867,-0.6699850403064088,0.10836315655853218,-0.183416184033827,-0.7634157176588706,0.10341465958524872
2024-06-25,1.0548569219084944,0.29219175488039906,-0.0743221364241284,-0.23510745066484287,-0.8814790603492456,-1.3365226497135603,-0.05387863643337237,0.5922598072593264
2024-06-26,-0.26362359784158546,0.5067174420767827,0.4728800324413575,0.6633765877635311,0.41905655735127734,-0.06272898539303846,-0.16298602572009044,-0.9127539143337907
2024-06-27,2.3630030266362154,1.5892770215806222,1.2164943549588758,1.3162237761185585,-1.417085855001597,-1.3169075280757034,0.8455819431388508,-1.1444177244146851
2024-06-28,0.9434214547792216,0.3722054859163538,-0.3913526474473704,-0.2331072580608846,-2.180435131102964,-2.111740572526656,-1.6818856961020845,-0.22019942043975774
2024-07-01,-0.2728263634315712,1.0706836390750547,1.2163733727845183,1.1879020404624614,0.5929873604635946,0.670829976678087,1.4648889075814104,-0.7130803941139524
2024-07-02,0.7380646342089171,-0.14648691390802768,1.9714846738654352,-2.246257587323139,-0.5115547385021683,1.4016063835473642,-2.2099812872661726,4.940292338082343
2024-07-03,-0.19682387559399112,-0.1622460547314085,-4.19659834116371,2.419635083200096,2.5223187718366415,2.632544755892275,0.05704305744373582,-4.678012054120908
2024-07-04,0.571341554379202,1.9828936167851692,3.249506462896845,0.8870099362152563,1.0668207840358366,-1.155616548805,2.455452692659836,2.2206963229924868
2024-07-05,-0.97242333725317,-0.7719663298673806,-0.3783014859205449,0.10960945371999901,-0.6453063338157772,0.2642779886003574,0.23555120983260452,-0.38205648471921894
2024-07-08,1.5187310941033616,0.8615851314046257,0.10413495097395838,-0.03187978629982736,0.36980086517681343,0.3480049088475231,-0.7375723124237136,0.11189434286511563
2024-07-09,-0.3713516103895064,0.22558791604738046,0.28505723348611445,0.5037737263480423,-0.39850151036376447,0.3492415937308744,0.8514129618403895,-0.04783353532089879
2024-07-10,1.50705339964263,1.1672315263129802,0.8892920841473263,1.4439888754392458,0.052309790903228987,0.11625142835159567,1.443681765809826,-0.11553205247067672
2024-07-11,0.9840080279996526,0.34627380646032224,0.4572595259341622,0.7628854147245548,-0.3346099128583993,-0.24756207207735487,-0.2392107741552654,-0.06834370581173575
2024-07-12,1.0274899970197722,0.9338409917051641,0.45047520883883685,0.8034490290229747,-2.1661930379063894,-1.550009442893934,-0.24001298812039515,-0.10123993622893819
2024-07-15,-1.4121816496979502,-1.4503515147877932,-0.3872090102283758,-0.8259783696487393,0.8721737389218843,0.6815186112611477,-0.9711571747683784,0.18864186285346465
2024-07-16,-0.4244190441173109,-0.607370985252896,-0.013407542666439358,-0.0071447406847436395,0.8821860444494034,0.4236299897256943,0.6565502751301462,0.00032875939509521677
2024-07-17,-0.4557665949533814,-0.2835343092585863,-0.23398884054996913,-0.21985281219461483,-0.3116853609586785,-1.2736945719055701,-0.29432380126871327,-0.0600209476044585
2024-07-18,-1.6162846357107512,-1.436013726414749,-0.6470351586685983,-1.0231074424477564,-0.9146270948707264,-0.9114079120328159,-0.2728653733993262,0.04185439085493912
2024-07-19,0.9853631227392339,0.46825165022214077,-0.1761982277815913,-0.014758986497686222,0.02564685440327476,0.4229992748715844,-0.5763866456448227,-0.1353605222299831
2024-07-22,0.7267182758775873,0.7928410408461507,0.231595488417939,0.5202443738946565,0.11701428350072231,-0.009954485587928334,-0.03497554137156975,-0.10083924373351412
2024-07-23,1.7267901357727604,1.7022266175642244,0.4972262935597675,0.9713022557341893,0.30744040944645923,-0.5884393654593367,0.036074406203968956,-0.12217461300711595
2024-07-24,-1.2807419108204268,-1.8380641710268615,-0.6126805651110308,-1.4573440049359316,0.6606744606197855,0.5354779831135525,0.04297573285271001,0.32600232051700007
2024-07-25,0.6776664793390438,1.1375423953092778,0.5427748402334258,1.073751424956148,0.4478120025854208,0.8501862087295968,0.49579190388030103,-0.14300179484923378
2024-07-26,-2.1141653992395186,-1.322104076660289,-0.39276220745208845,-0.9676672413446603,0.3184088381540734,-0.03892345352177691,-0.28752838072321274,0.21675884596884423
2024-07-29,0.24796335935860012,0.07634546114926753,0.03186245827651192,0.019761975549121565,-0.023035009223057207,0.5421033351452453,0.3883929870531451,0.01670250636227613
2024-07-30,1.0676332553152292,1.443837535134503,0.6623796180179932,1.2792547447646267,1.741443190422078,2.059660833373575,0.1263757368533639,-0.18311999324945907
2024-07-31,1.8249892152060092,1.6545987091006868,0.8958938673615837,1.381447044380166,-1.0363354092432595,-0.4133430889840228,0.6879842029482962,-0.06458244920113779
2024-08-01,1.5901891463693782,0.794071148007233,0.3875296070390416,0.6377089243547946,-2.3120426767286677,-1.7485389118152728,-0.13340824932628279,-0.05236511543674048
2024-08-02,-1.9190416954377971,-2.8380130092479177,-1.8688349964224158,-3.0238662448077984,0.35296193905338785,-0.1984456386496607,-1.9137463928619258,0.47946409224234254
2024-08-05,-0.013777785123629555,0.046495254234387634,-0.10916509466398899,-0.30004051883741006,-1.094661042359551,-2.472651076047028,0.23580748659332457,0.12104523512559981
2024-08-06,1.0452331134461161,0.839567398510052,0.07253279001954874,0.4567019114673183,-1.0157121478326394,-0.3104571588051714,-0.7075958796315384,-0.2586575940589937
2024-08-07,-1.9201223086142791,-1.2197660992908248,-0.698812077249927,-0.9577001085256579,-0.11629892674902803,-0.12691314189502165,-0.5277386652664341,0.05592516522718247
2024-08-08,-1.0078520737411227,-1.2213313059622224,-0.5554158933412733,-0.8635324556588013,0.5691887210879166,1.4634168968308758,0.6055067808826362,0.12323975733275049
2024-08-09,0.4970082112648365,1.0741137596094887,0.33580710745824854,1.071127574296544,1.1275927355787996,0.3176226433406865,0.3948867761724735,-0.48317447451860934
2024-08-12,0.9936504670682048,1.0263372880066677,0.8119751815320735,0.8976566054501702,-0.5825524220623911,0.4685550720771225,0.9765978806715742,0.07114695607129169
2024-08-13,-1.4716522199698812,-1.5979295046729207,-0.8577352838561328,-1.5086507308542627,0.4268812135655492,0.007729406159746935,-1.6314957632257623,0.3252343467086712
2024-08-14,-2.315430701611243,-2.04361744248567,-1.5974624579852175,-1.6472131062660025,-0.15745045292736876,0.580561850852371,0.23883262725193494,-0.09754291225787881
2024-08-15,-0.0399468019178912,-0.19925571795670902,0.00016395218901892595,-0.2873318016907424,-0.4918446585885898,-0.8965062264169251,0.06060907012323831,1.0082001322373015
2024-08-16,-0.9428051475879766,-0.8021286729309,-0.5438236108096083,-0.346034664847099,-0.8326744332774483,0.4872584386047889,1.4124291940884783,-0.3811426355689457
2024-08-19,0.20332031153388808,0.27325507201526766,0.17500072346373569,0.14153878705103123,0.37169325503670125,-0.25445381332571926,-0.6311667292022795,-0.020346798116619443
2024-08-20,1.6579917168883345,1.3533110621234434,0.9318751390147613,1.0700102622876044,0.6470215792810564,0.2825274336153377,0.05424023841004272,-1.214611081959349
2024-08-21,-0.47664115158199527,-0.32146459369244024,-0.4854202524489024,-0.18814050931188633,-0.2522455749297758,0.00973984006199429,0.20952993572175038,-0.7497035737394024
2024-08-22,1.095466407932716,1.1899628590516258,0.7814164878997902,0.9239519210002703,-0.6627089717789919,0.6791789481172229,0.28426835931996375,-1.0837328098783714
2024-08-23,-0.30809017021262597,-0.10128360663536135,-0.8927503308794652,-0.060590983058095474,0.1406251940419674,0.3217105407781002,1.3206258788666707,-2.145668632836665
2024-08-26,1.0928791508521105,0.5584740132298458,0.5348450341962838,0.16398072133948238,0.27985934780557714,-0.2233939961076163,-0.9354678222105236,0.8842571460898941
2024-08-27,-0.42652825213679774,-0.2022217622980854,0.047626107077190324,-0.3309495927809325,0.49976110916581745,-0.75270964561739,-1.3240845679518658,1.1776997507639455
2024-08-28,-0.1394747196612172,-0.22545564119017553,-0.05547654026525599,-0.4373782541201072,-0.08609989049403471,-0.23554654207785386,0.39841593876496306,1.218928144796546
2024-08-29,0.0767999375967724,0.15155597589723943,0.22013521342926254,0.1497597147395825,-0.7791588728720003,-0.9521085663219094,0.2507257777113683,0.08578174780834179
2024-08-30,-0.5290800405049275,-0.3339356198992978,0.11186468457638288,0.02998072329814839,0.44016279034547867,0.8511097372369103,0.1227558880479532,0.18423497031216585
2024-09-03,0.5104521107811256,0.3291360071620553,0.46839779124441294,0.1698034626673593,-0.7695999474691152,-1.0410070860331941,-0.5561871000675266,0.64600091215087
2024-09-04,-0.9146027343882114,-0.8635172897959106,-0.8192142705815109,-0.6571745375476852,-0.34657873447750076,0.017112630873229936,-0.23720172301802214,-0.0406636959458241
2024-09-05,1.7289336402754023,1.3780626529302642,0.9547144512458211,0.9632160376518883,-1.54265737537137,-1.1177303314119615,0.442578243260039,-0.5543691951164142
2024-09-06,-0.8100364825453044,-0.5885541894268728,-0.3447978196286134,-0.43263090502988916,1.2216799381207621,1.0465439104535859,0.3069653857768012,0.4445870282854503
2024-09-09,0.3869285686464499,0.8309273629116702,0.9168944069383571,0.8331273576114434,-0.40067712667333977,0.2393831862938219,0.2901663925062815,-0.22057675776483457
2024-09-10,-0.6647230852200772,-0.5590639324269484,-0.5694280825373617,-0.4010957088388766,1.645230524741656,1.3689249434848216,-0.6843089425549131,-0.23959989070208315
2024-09-11,-0.29828809324115296,-0.16361744545347465,-0.1418035719047221,0.08054976141207568,-0.9548373342125362,0.07423433662342308,1.137015956553071,-0.6210967518944013
2024-09-12,0.4866029186481113,0.49322108058864095,0.9004313626850264,0.7047143030746842,-0.7652619452947058,-0.07971248837141257,0.4348405649349978,0.13114218774828132
2024-09-13,-0.5319878630547984,-1.1063442559632688,-1.0418564055660826,-0.9676788366446442,-0.5540717418428412,-0.6654982651805329,-0.09963416119184654,0.29231387666596853
2024-09-16,-0.7326355226269516,-0.10876178115125848,0.6358361944117199,0.6417313645900459,0.2676346822296191,0.42685654927891964,-0.24927339699866524,-0.23400493472445041
2024-09-17,0.827229864831169,0.3507692585265502,0.02973627930310096,0.028401236766218186,-1.410766979806341,-0.7601141750605794,-0.6904207316219475,-0.01718935329904649
2024-09-18,0.6538391346493027,0.8394387659195794,1.474801092475955,1.1229660547303866,-2.487895329001792,-1.5870941524203876,0.9069014947942703,0.54962846455412
2024-09-19,0.7101074895073717,0.255005989897107,0.1300882674320416,-0.1119991121478483,0.2550123983995001,-0.1232781181421121,0.03067038914112673,0.6213244560471873
2024-09-20,-0.09575884042680408,-0.18588529396974202,-0.5647142776066777,-0.7226418740165141,-1.6796592764152736,-0.6634886465094492,-0.8649523155297121,0.5936681543280145
2024-09-23,0.9083521007804198,0.9718292959576341,0.9489209946301517,1.3113640098593906,-0.08647019389813713,0.34914120780992036,-0.07698396825355348,-1.2994739644442703
2024-09-24,-0.4805606339103619,-0.27177235159808677,0.07726342674029871,-0.26559996942039166,0.3610263687161277,-0.2992560779541366,0.8690483595213876,0.9455994638735725
2024-09-25,-1.5880106700130565,-1.649570565369773,-1.0110678565456064,-1.4285547088690995,1.2707156994671134,1.8983370968512316,-1.077583482952844,1.3895422640040591
2024-09-26,1.16852288444106,0.9345142195665915,1.183141230153924,1.3606327894484356,0.6677021726986807,1.2491452737738542,2.4442771325380708,-0.7806300781659739
2024-09-27,-1.7033988874882358,-1.7185939635256375,-1.5718883689486736,-1.9576562569804603,1.5772330690203438,1.5886286725540446,-1.8531745251221388,1.5496125071659985
2024-09-30,-0.17232820797182943,0.02741415028156933,0.38975207990000915,0.3984459281491172,1.703883787701016,1.2559338536531572,-0.1267877430056499,-0.16967068141461075
2024-10-01,-0.04715312452650507,0.32283019211578107,0.12759415039021288,0.1400480782213919,0.2722269056868677,-0.9316385920809354,-1.7066782513378964,-0.09725497422571433
2024-10-02,-0.8709388467811371,-1.681373379970139,-1.698434017299739,-1.8954753086027447,0.5415496806378256,-1.2069707343591094,0.5832515000246943,1.1320233756042892
2024-10-03,-3.4075358378742133,-3.553448631849957,-3.427490876696936,-3.4538690418824576,0.9880656573695116,-0.1226636168691646,0.5593455799524744,1.8348799907961906
2024-10-04,0.015659176456178724,-0.1585746009254466,-0.1448490382063701,-0.5582637234862713,0.7241778374624755,0.1040333441172789,-0.6032570230705053,1.3919379378964547
2024-10-07,0.49339993184585906,0.2826555276413831,0.1173188971167333,0.1085356243946658,-0.15962933952708763,-0.21843222283827893,-0.3799199872281746,-0.11683884559909938
2024-10-08,-0.4036220813259116,-0.7291095157450941,-1.0152717997335037,-0.8997317515901295,0.4716518337860995,0.04133863662438346,-0.9163834751350516,0.1269210498909664
2024-10-09,1.332445215408428,1.8044421000281339,2.1086520139778506,2.0976660060706993,-0.5053429975280915,-0.0284235983378676,2.471969977604739,-1.5220326686778474
2024-10-10,1.0612987648916312,1.2287516623648287,0.9263400177394703,1.1105198061561372,-0.4471832033112896,0.22319592290746648,-0.7356470249605417,-1.5636103257770548
2024-10-11,-0.02571480941869892,-0.022826273328605495,-0.0882864743145026,-0.09286083147070302,0.3307510291829558,0.08717985587820802,-0.031774463243542314,0.04109633497390725
2024-10-14,-1.1331858628435105,-1.392138009251584,-1.279979219085194,-1.329260100391919,0.8011900505801891,-0.21345942891571076,-0.9449959002198451,1.1527483998955015
2024-10-15,-0.21846995466591393,-0.18883493496682002,0.053231297022090306,-0.2274399141035676,0.0019777728318207425,0.01691340997724012,0.5491187661288571,1.1463171849708143
2024-10-16,1.0596129172461697,0.8463960517461895,0.6783823542118277,0.7544063677963168,0.2500150926580575,-0.13270249678641594,-0.6076421163405907,-0.9139389769188869
2024-10-17,0.4901839585400772,0.5387023817329137,0.32583286389488053,0.4488012835898853,0.17702020564329582,-0.24304745386823753,1.433233024741972,-0.8340239252682203
2024-10-18,0.21149114613280892,-0.27945854719762636,-0.8092429099499613,-0.7831709590485445,-1.0520149719022969,-2.363553304381397,-1.1109325389208469,0.47118235108048095
2024-10-21,-0.6315044888228842,-0.5364477325817256,-0.600570760349901,-0.6409352007827243,-0.9862533932023073,-1.4903679444512437,-1.8067447903812872,0.6001339633617916
2024-10-22,-0.9210794941204665,-0.7954508993037094,-0.8796743919024897,-1.186389847554715,-0.2790089595575069,-1.3109187145696162,-0.1380587038257413,1.92495663289377
2024-10-23,-0.22624436345992435,-0.08261007489166788,-0.401362504462968,-0.5979687567925175,0.2676088874365837,1.3910550117043528,-0.6035158240574947,1.1039552824811376
2024-10-24,0.12392741581620166,-0.00024461484727152766,-0.4895691262226079,0.09063481812407011,0.6288178496880231,0.5145205794615485,-0.15875682223041984,-1.915569826847073
2024-10-25,-0.3993802890258065,-0.2703407577435138,-0.26785046542109725,-0.36115591966461713,-0.8044662848191677,-0.08468566149240095,-0.46876646257499693,0.5162357518980668
2024-10-28,0.8189904196908465,0.5198534941115379,0.18364385370206612,0.2244538155612286,0.3244525059228087,-0.0596740625804516,-0.15791358988654464,-0.32592802107337826
2024-10-29,-2.1253473906303735,-2.0046220337703162,-2.0756341033841914,-2.0738647817959266,-1.471410265123737,-1.3652338422409689,-1.5362393036544735,1.5780623647888454
2024-10-30,-0.9614485300010227,-0.46111349011480074,0.02831783327011702,-0.449723150817346,-2.1978160754892486,-1.3401809081982916,2.1744243963554357,1.7094447456403152
2024-10-31,2.0606553237714427,0.9939074346715343,-0.03958155445366728,0.11269344464505357,0.9350067583491859,-1.481058721435771,-1.2344589612175343,-0.563749087014038
2024-11-01,-0.8530333160187398,-0.7200488798742167,-0.6896354019759737,-0.6116699358523882,1.153935495439864,2.382864867252208,-0.5499495162493687,0.21722399845782198
2024-11-04,-1.0068225557475756,-0.46313845079821625,-0.7254723886776724,-0.8749234134732062,0.19958365615429427,1.0498285849461277,-0.23063588871724167,1.063932491040356
2024-11-05,1.6173353875759109,1.5678117969955414,0.675294335161948,1.0080151857749193,-1.1294561867622441,-2.995691126357085,-1.5571809392304596,-1.7429518031481401
2024-11-06,0.4684663037425835,1.3202582379834447,2.1021360346626854,1.9237585310773533,2.265777682262809,2.9323473814566516,2.2775911863056857,-0.9818178009160369
2024-11-07,-1.654183635918557,-1.7888990575787524,-1.2174943940800416,-1.421890117914596,-0.7798918703709974,1.0308198908774797,-0.5006990054620192,1.6518654109139213
2024-11-08,0.18525569981861442,0.2297839799287522,0.2716702339874208,0.29848618788387127,0.24283053279204464,0.1844596437478216,0.17985948007856076,-0.32213663004422294
2024-11-11,-0.2361107924001654,-0.5735002037925853,-0.4527485654973761,-0.5343580661940961,-0.7500111003668155,-1.3851903758316075,-0.250032862046257,0.6081061291278004
2024-11-12,1.610515162087481,2.016279700211961,1.8180356928216337,2.1573805254136253,-0.5663596382513851,0.10791722115168546,0.24730996752653323,-2.6475449938339035
2024-11-13,-1.1039628892781554,-1.3118248862522328,-1.281806309278275,-1.2810185900850437,0.5798892361986714,0.5395015972553372,-1.1143693311749618,1.0075186309209756
2024-11-14,1.033505476308303,1.1560493747142673,1.1642889768995461,1.2814898317165337,1.361300711560393,0.49874416415272815,1.8918975545798131,-1.3446144406852616
2024-11-15,0.33065275633916297,0.7937618571237427,0.9725838535273225,0.8924483366792929,0.46336604570779305,0.857257843614609,-0.40619024831733347,-0.5744636637621793
2024-11-18,-0.12038849289336266,-0.6157790246830145,-0.7977198425318449,-0.5062465922753968,0.7353673767557481,0.4005530002168834,1.0734474493663895,-0.3390917233118522
2024-11-19,-0.23417477603284936,0.17988402270164988,0.052303808353686476,-0.003379515107175636,1.0376429602894377,-0.09202140883932541,-1.1149823700932195,0.13966859389883496
2024-11-20,-0.44683827192753134,-0.6274300641261575,-0.5749059773153246,-0.3145074935885744,-0.3023811405828713,0.2615271011327265,1.2916047969141218,-0.3667408160406206
2024-11-21,-0.35759708876637536,0.3301414444824086,0.7733631807026381,0.6552064630200766,1.1772487440248542,1.5650505339602612,0.8366752005531107,-0.24700429451999326
2024-11-22,0.12512772109593917,0.5385293923940565,1.2596419040250095,1.0403585270702007,1.5192850660303001,1.039243092510458,1.6302624877964274,-0.29010860089733437
2024-11-25,0.7102196090820194,-0.2331694624174187,-1.0356161969346287,-0.8070650893308151,-0.2673900273313914,-1.2802392910726685,-0.6826419652346385,0.06609599481381627
2024-11-26,0.1747103611917086,0.3157511793217426,0.35482433688287185,0.49083188207752754,2.45885873655734,0.9058148561793455,-0.3810603278569869,-0.7097265682399123
2024-11-27,0.888569188717968,0.3298941608071238,0.9815234476546809,-0.2541586848112474,-0.3388632069836352,0.8642025140931612,-0.8631441265907349,2.794380554338829
2024-11-28,-1.5469223110910635,0.210015625452642,-0.8475990954481325,2.5853730951993885,1.4016546123448195,0.5447684224923909,4.34276600141273,-4.6763890555490075
2024-11-29,0.32677682649546036,-0.1030764158155145,0.9234324725069316,-1.4781537068023727,-0.8396863262274369,-1.2106356164314587,-2.459196386225672,2.74731160529098
2024-12-02,0.6694299989056574,0.6810379768608384,0.2776966361817002,0.584465488072248,-1.1340814247412923,-0.18426125904432702,-0.21864722397073447,-0.5081749404096391
2024-12-03,0.08654882075617876,-0.3313628645569993,-0.5802361553431857,-0.5863048584832056,-0.9085709498802745,-1.0018980083787197,-0.797284785017345,0.2621564121768226
2024-12-04,-0.319289647859259,-0.24087316623011268,-0.1239787440652503,-0.0757908594119215,0.022863248492033635,-0.01980230745349924,0.4701801956251451,-0.003527519370432898
2024-12-05,0.9542499809543714,1.1910474699243396,1.4038052764311837,1.2087500028514286,0.7139789448742159,0.7764982060452601,0.6889621318142478,-0.35007722116790585
2024-12-06,0.3353597596890231,0.02126626291940898,-0.1576898918956244,-0.1633446054144139,-0.7523142904413345,-0.41211528873347675,-0.33111578977692546,0.08282322360179453
2024-12-09,-0.06872623105561157,0.2744190471582754,0.6346437430726831,0.5283752716883755,-0.49636008826281053,-0.27641972361547373,-0.25473293100982064,-0.12725928187165422
2024-12-10,0.38373379647821515,0.5116295850748563,0.608580889720056,0.6396367483445441,-1.0413678475315797,-0.5237692170126866,0.16170022216186342,-0.29870915554508987
2024-12-11,0.47428550389615004,-0.10321609431398002,0.3235402969722551,0.1933896661628567,-0.633500104377745,-0.21900562453996653,0.42135512958566584,0.03880390149807737
2024-12-12,-0.10234600935147255,-0.7966279459750486,-1.1859791915854117,-0.9957522713783423,-1.1113288445176839,-1.1615744668652086,-0.9484324700860862,0.2839143141744114
2024-12-13,-0.3530598653697993,-0.26620778815442225,0.10002438842333719,-0.001476171681428597,-1.1956614487353647,-0.01566931175610823,0.7538726019965434,0.1021944561228737
2024-12-16,-0.35924157868149714,-0.4849292470323283,-0.5334992932887507,-0.7297134960602824,-0.8487199387888466,-1.2035469174780171,-0.633397001999185,0.4934479446955306
2024-12-17,-1.6960974304389096,-1.8064314192832183,-2.0305099864796734,-1.6452540794612718,-2.3300657889206575,-1.7428497031112997,-0.5120756739663875,0.36242335788325847
2024-12-18,1.582679953458002,0.8034410466736581,-0.11305684734770476,0.18936190109947315,-1.6538831107864085,-2.406689223782473,-0.6421771074176768,-0.33318662776918473
2024-12-19,0.4978179400182587,1.2133417384299756,1.3608303562051567,0.6604928890254222,1.8704781669313477,0.8032674659903064,-1.1863234983712063,0.32619459493099245
2024-12-20,0.892279264775278,0.38110480187316914,-0.24410856512975576,0.035357181119639806,0.06841791985944873,-0.4029161115771302,1.0239116755758506,-0.2524339817370505
2024-12-23,-1.1339775534625989,-0.504421063749455,-2.8186428818628912,0.8068342995885188,-1.336404539644916,0.655906916370584,-0.9232770616657776,-3.0948905278944947
2024-12-24,2.0115352262789608,1.3101126611387532,2.8125327484479388,-0.7545551668990177,1.5331278737893654,-0.19363591493840704,1.5350000267487773,2.790257423534045
2024-12-26,0.432125593041306,0.7164453235192572,0.19124163364303884,0.21747861996542053,-0.6748551476672512,-1.051495857949875,-0.11627559284704617,-0.02874424187572851
2024-12-27,0.4401992329902411,1.380011926335069,0.8170581541442457,1.052624229075786,1.3146473021642895,1.343996304939108,0.05236261661092116,-0.21582620923561047
2024-12-30,0.6051124686244211,0.021198202009647615,-0.3651466312339905,-0.09777259063554934,0.20492786330957885,-0.7138990939224868,-0.38293642585421384,-0.19569875760293623
2024-12-31,-0.6974286743256017,-0.18186842589508015,0.620628841094731,0.4319264505677582,-0.24272642338226846,0.9787474685919837,0.6743558611287542,0.13290302603690304
2025-01-02,-0.45556323104734214,-0.7928872449488011,0.10525300100061893,0.08278946248224191,-0.1158478647455143,0.32833296853281807,-0.01679618361924953,0.015261136290481921
2025-01-03,0.9713512382761604,0.3268367382222195,-0.09994072652545918,-0.04485474088781052,-1.5488363651690775,0.027806862400803156,-0.02211380478515065,-0.035953564541375826
2025-01-06,1.0018096874765579,1.1136933219759393,0.34324412679769606,0.5241901775780787,0.009196314546613009,-0.47609578201477526,-0.33585037455813244,-0.14505055464745442
2025-01-07,0.5545178059247018,0.7783104872427582,0.20637643785797674,0.2364961564600146,-0.15684137078755733,0.6658010284106737,0.6112205027724026,-0.02401302262283897
2025-01-08,0.17496426672729234,0.001671401928724888,-0.05874947734750903,-0.06844839253491988,-0.24083969341766193,-0.12239219157098612,-0.580692562870523,0.01368550967999098
2025-01-09,-2.928235600230605,-3.8108044797297826,-2.7564522880295774,-3.1520433244239325,-1.2737007685864137,-2.055079275181112,-0.6079458715610213,0.5994568590276643
2025-01-10,-0.2922255105941219,0.2472297676361401,-0.35178829408496143,-0.09644665537173709,-0.5125802772257065,-0.7115944589050829,0.19120824118895977,-0.1989347089231305
2025-01-13,0.7385713563202172,0.2747374240919723,0.07615826397317497,-0.10443791913675693,0.7905195585617038,-0.2615811368339045,0.11495191520251662,0.1713381685879869
2025-01-14,0.8488317383434342,2.0352325810896628,1.7785559882795066,2.39481703650368,3.0015932016226916,3.26749240799473,1.7021199888693326,-0.6869088335852457
2025-01-15,0.71163561164985,0.8165314770225616,0.9163464181513096,1.1124916602900587,1.77094099318606,1.0890334652322635,0.03044646926286713,-0.2292191127437023
2025-01-16,-1.4636905387418349,-1.0791580373994183,-0.5000680491508337,-0.529915187785703,-0.17640126121985616,-0.11858495116645754,0.3784903641203131,0.03239596368819017
2025-01-17,-0.16611514563961385,-0.07325453357006188,-0.01322713969462582,-0.05192981404209616,0.2657885018820817,0.25857228480337197,-0.022411806746337925,0.049526989872212164
2025-01-20,-0.8425454346303958,-0.3086781967797665,0.23180821930399392,0.23636479570216665,0.6383491603687447,1.042210893901213,0.3456743012190983,0.004217193780460511
2025-01-21,-0.5680377474722653,-0.8308475702128916,-0.4723122398224173,-0.8584206903180989,-0.7258502732731331,-0.6043551222572254,-0.6723515690182397,0.43242801228621697
2025-01-22,0.8746528135544501,0.5828090942950671,0.24193191379908782,0.5198865085010563,-0.0750216427042997,0.07771184542123892,-0.08213914813753206,-0.3073279249779917
2025-01-23,-0.34080070239052446,0.14079475067264538,0.19156427968602352,0.1278892743676378,-0.4723036088094033,-0.4575793012729544,-0.034988188092005795,0.07459344292748857
2025-01-24,0.5578934229591594,0.36400598470816614,0.7255644896312469,0.6553034927647615,2.067810359598796,2.1137471471920324,0.5232464416782826,0.09386000746778476
2025-01-27,0.13612459190085896,0.31622101635918287,0.19122207700454225,0.450779690711857,0.14304254924948964,-0.018016063730625323,-0.14209299130306832,-0.280018536914059
2025-01-28,-0.7612079727020714,-0.537879989234484,0.06421909059446654,-0.06371348676088658,0.14616095143240662,0.45664753250068196,0.6549178583681902,0.14546761068124606
2025-01-29,0.14129299330871814,0.22547497319926998,0.1711399274383436,0.22818796683474993,0.9528962681755822,0.5294451141243557,-0.09429365167993453,-0.05224730646733551
2025-01-30,0.44031126067702997,0.06684075436072622,-0.1718440561568503,-0.3752158917787571,-0.5015793724532539,-0.8283605358348819,0.11453886386469658,0.20606798714262917
2025-01-31,-1.1416214053798885,-1.1731512013609706,-0.590583200787077,-0.8599867705125794,0.5523196625880306,-0.004766993566786302,-0.48570183959256674,0.2585291678766297
2025-02-03,-0.2503516548336584,0.06590728430717001,0.018557808691821207,0.17501058519027685,0.46051453102965867,0.41665068501242397,-0.05505458227487022,-0.15446158031209187
2025-02-04,-1.0396561537998803,-0.4857572341416295,-0.3462069524179068,-0.437013235648545,1.6211183410907906,0.8967097098145768,-0.4363985510509684,0.08471016059139891
2025-02-05,-0.32039137468835976,-0.08231045043258063,0.0034966108835953083,0.04229450826152755,-0.7436041531414856,-0.6074368257738082,0.00867059160336841,-0.05341244822141324
2025-02-06,-0.18796404851214843,-0.3593833144005505,-0.4080594609609838,-0.4021206375404952,-0.35866937269349863,-0.4570294506203325,-0.4742811645157299,0.2971687867153113
2025-02-07,0.8583135888657192,0.7502650367218591,0.3388849050180821,0.7437934743420448,0.4599950455662497,0.46316297589101957,0.9765982437790898,-1.6880908185241714
2025-02-10,0.5996116122180996,0.09164928264624463,0.28044455586377154,-0.1349940380082601,-0.7065310625327772,-0.4969034832944988,0.26139320404708916,1.217553351783495
2025-02-11,0.16587060938958906,0.02261770475941351,-0.18081331019726019,0.053644372466276874,-1.1498875554492871,-1.7202098118484723,-0.7516680237403417,-0.6729745484187242
2025-02-12,0.032411389753959456,0.441405195177806,0.9110626974613866,0.650403831302893,1.3060594298359904,2.1651801937134985,1.0569148308942482,0.2098972415758469
2025-02-13,0.3605675979050152,0.4347158675315399,0.8303268658912548,0.7120368883950084,0.5959107051340984,0.9399677401076896,0.6688074924167233,-0.22100751628202447
2025-02-14,-0.02086708333621455,-0.02931393893536151,-0.07427844577114086,-0.10153354664366311,-0.11546920289995216,-0.03740476458753629,-0.15058169297051877,0.14599613372895948
2025-02-17,-0.47570221249613165,-0.3825326329362126,-0.30593960819102195,-0.2323278573660525,-1.280694053026188,-0.683486367021255,-0.40515295172063126,-0.027200099115097187
2025-02-18,1.221149195922865,0.8735414697688079,0.8140077654695086,0.7931384421251844,-0.11890156533592582,-0.2555496632162896,-0.9680681363523737,-0.5364031266041586
2025-02-19,-0.3583205621509611,-0.1393802986430688,0.03550767900133906,0.30260106912407114,0.6985753385239226,0.621407102351294,0.21079372940766591,-0.9492920282130343
2025-02-20,0.2014325767263034,0.27840482366177166,0.4020307418954102,0.2746126195268996,-0.2044477661118976,0.18961628682194762,0.35264570528172706,0.1159784224864674
2025-02-21,0.12236976090385375,-0.03325073546406008,-0.6033180235228841,-0.19712878016345292,-0.24552007779488086,-0.019846255194945227,-0.815337726345455,-0.7272283246015344
2025-02-24,0.06685587040855873,0.05297101681261437,0.09261940515868328,-0.016341908414062006,1.9538966440606853,1.1332876074023337,-0.3462029857025349,0.26512214433988696
2025-02-25,-0.2187524255833814,0.21329432870919066,0.1767483732404752,0.24037403773332158,0.6388789503080311,0.370198080748739,0.5860085437917435,-0.2389147016715739
2025-02-26,0.6647501725185837,1.5915690941754728,1.773504639290454,1.4192033579344538,-0.012308711030025545,-0.2210385804334862,0.8863641214394034,0.002274824555911148
2025-02-27,0.2996537580372268,0.2592571238083527,0.3904444538182139,0.4715116821125448,-0.42682126569841455,0.5627014764854487,0.33309610566446485,-0.3747643279730922
2025-02-28,0.8438596110732149,1.0086106540128916,0.809068543608576,0.7211514467926631,0.5015790439156146,0.6903872680780988,-1.4652424505948283,-0.16812430437338013
2025-03-03,-0.4602905231388228,-1.0235300267872776,-1.346693872128263,-1.154415167281003,-2.554960831101639,-1.4116995411160826,1.1942002042379056,0.23897188862813373
2025-03-04,-0.08588464788363154,0.4089813831849693,-0.09401492973698228,-0.10029723336717312,-0.8771147540130189,-1.029532062814142,-0.825666838054639,0.08100961949597697
2025-03-05,2.4002826731671094,1.1921892226793394,-0.517519004072513,-0.17752718777934803,-1.1203622530450335,-1.0730794451670917,0.41768573675841875,-0.5865636275147788
2025-03-06,-1.1383819412147826,-0.41371753021947916,-0.40221392033508185,-1.0686821970845672,0.30326071468422794,-0.2174481686249622,-2.56441961135829,1.7721360435663998
2025-03-07,3.136401251577568,3.6224169244785713,3.5794900591399785,3.3493225019843322,1.225220203455715,1.6456664202418363,3.2542358464675654,-0.8923135164516338
2025-03-10,-0.8151532977332668,-1.0305758567891916,-1.462852787483789,-1.3458938894134693,-0.28373464884341065,-0.6674595015796633,-0.7994019330499257,0.32143993684590694
2025-03-11,-0.28861583078564146,-0.16077721429502076,0.2498657615852135,0.5569506554472028,-0.040712437684554424,0.10665610365068898,0.722053496144515,-1.030551229395119
2025-03-12,0.018163687787322174,-0.46629353943944807,-0.26817714461241327,-0.6096079045002953,0.03244321422831319,0.03709613060556109,0.09718002911115245,1.2043139390642732
2025-03-13,-0.8779248828181434,-1.197756588734415,-1.5868634780123305,-0.7919375210616825,0.6461653870526084,-0.31437145021485086,-1.037815302008378,-1.782354313662034
2025-03-14,-1.6951249928807834,-1.6648461676885649,-1.3193770423240005,-1.5699517111061256,-0.3884177664053395,0.04206513527409763,-0.39520354788418044,1.1612459198009955
2025-03-17,-0.03948344268725693,0.7251686535049459,0.6807200062421802,0.9450395693325572,0.897724969102505,0.6531207698823426,0.582075682162482,-1.004759114859988
2025-03-18,0.7705592644885783,0.1232289034864997,-0.47254027337769283,-0.21445448060257838,-0.3490992606450199,-0.32975574621909914,0.5137713029925566,-0.6182340703130178
2025-03-19,-0.2748796248387629,-0.3041649391267315,0.37255384816682374,0.08815421007147725,-0.40242123095801724,0.8278815993545429,0.9689162754574159,0.7135619411240762
2025-03-20,1.2081888531196479,1.5491038689703667,1.7060350701315523,1.855731706495773,-0.10934441461345831,0.11365974116692133,0.8016845347434176,-0.9887219675894103
2025-03-21,-0.7684684041805503,-1.829305033907338,-1.8243547094655606,-2.1027098349245894,-0.45999272891099346,-1.1482963202260128,-0.6541477914568582,1.6585539181909787
2025-03-24,0.09421850072871586,0.953222105876954,1.0187450498697603,1.045768533688922,0.780580806321675,0.3679911242938474,0.8775872112748345,-0.48791663225029697
2025-03-25,-0.12866740953533293,0.1281417308732839,0.06664325718206368,-0.11160312231270014,-0.13093910344347973,-1.0458882408002048,-0.9435787418173165,0.666611505986801
2025-03-26,1.9199728630558603,0.8192247830158578,-0.010695277753979202,0.2818748855572715,0.4681042461512063,-0.8493286170292603,-0.2947935867590405,-1.0740392371640273
2025-03-27,-0.6999992645110124,0.44653171103577577,1.4118555684562948,1.2795538559189377,0.6210581314441805,1.4391199235464402,3.0281290009234305,-0.13158829330340427
2025-03-28,-1.088637771644591,-1.2535797377730415,-1.2621055655962146,-1.1706735559098156,-0.21820560842731931,-0.02772968792457892,-1.9247618318402029,0.18985490111421338
2025-03-31,-1.0701172386568079,-0.9736054420659566,-0.8641523109604902,-0.9203194120575583,0.2975624160061614,0.9975987961142009,0.34804852889698956,0.5994196881137095
2025-04-01,0.8021891047410782,0.7407196834421899,0.9017136678714421,0.7881516426126787,0.021476177752586458,3.3354272879513385,-4.019742581555666,0.016745842896482527
2025-04-02,3.085381338859527,3.533521147998394,3.296572013884585,3.707020433894833,1.7715816173557077,-0.06843276899848946,3.629619876951867,-3.934841215081416
2025-04-03,-1.0227952267898093,-1.7773941926183192,-1.8777826537895912,-2.261027048744159,-1.553547152347822,0.1463082068777373,-1.1921961088109654,2.793486239229006
2025-04-04,1.8671427149605762,0.7106386856676812,-1.169197166912691,-0.5540466560101884,-1.668309993700658,-2.0504843754379816,-0.6217330125208589,-1.2941375936316972
2025-04-07,2.9350314189152136,2.599100020824584,1.4431981023976748,1.7099210160947418,-2.1118516228398008,-1.7008994746278279,-1.5537396523780207,-1.9679465991482983
2025-04-08,-4.0079478396719415,-3.2411475117683435,-2.727899629730229,-2.8552634499625906,-0.07412000376191655,-1.1531459668912665,0.6210601005538977,2.675348042349125
2025-04-09,2.304480314187796,1.5462270511824716,0.8436408133090391,1.186013032393438,-1.5180358560067417,0.04138413758535975,0.9909813588726931,-1.8136330139629153
2025-04-10,-1.0695323070192697,-1.0621931955798132,-2.364577632370888,-2.5155896537257805,0.11780693389975229,-1.2158429096374515,-2.067174983786768,2.542714477229398
2025-04-11,1.195277540580558,1.81958084643833,1.798575858384255,1.6274924468346432,2.2758448922462695,1.5434778880079247,0.808772752915781,-0.925761632890434
2025-04-14,-0.6722758640182485,-0.5852686545889895,0.22479852545517726,0.18547173115609186,0.8946891547020729,0.12283589021437918,0.6023773771002289,-0.06782641200645072
2025-04-15,0.683395278687135,0.31771124649132687,0.5317939134201776,0.17871800556761813,0.8354346030278045,0.8336346049991089,-0.33990161795736,0.7871107085431546
2025-04-16,0.0947980088045467,0.46926731268247623,0.07071957007233408,0.23739223645802393,-3.977464447556688,-0.08609642143150974,-0.6701476276533765,-0.6234411873534389
2025-04-17,1.318715623046055,0.33553279455309615,-0.18985086842619506,0.006919558037121132,3.284415357928713,-1.0949205638977253,0.8410981578869496,-0.5145257270468999
2025-04-21,-1.1948282442493754,-0.6992803352860664,-0.2650576615564782,-0.2790833720561187,-0.025808747234390052,-0.38754171111585306,0.38507318298653576,0.2894432169062081
2025-04-22,-1.4199834142823038,-1.6802892865852475,-0.8432022563312193,-1.08128129835943,0.060103904054362646,0.1586186363981322,-0.23845306064118696,1.5196047090262428
2025-04-23,0.8808726465798413,0.8688672850496719,0.9202557645864378,0.7856239414923673,0.5690348207503478,0.6895534728676239,0.46942663954986746,-0.3241447246335119
2025-04-24,-0.28767762577008016,-0.25468828160592705,0.08071221985019714,0.11152406397943317,0.3414271396575358,0.824889110190638,1.1910256205342151,-0.18705922279530243
2025-04-25,0.3370789350159301,0.5733896986585673,0.49641930332886985,0.3949870063982183,0.06274444745527442,0.2790736256840545,-1.2610547093354678,-0.10669141031881439
2025-04-28,0.16892520203699726,-0.04485805293656066,-0.10680510581646992,0.05818099482662135,0.16116198241070953,0.6258910956572961,-0.006406787212861412,-0.4833240783368648
2025-04-29,0.5190743907058167,0.9554347790124125,1.152277647008056,1.0399433962876972,-0.2660214933488806,1.0341431377813877,0.0977650740581584,-0.6450391440572097
2025-04-30,-0.9208328371351587,-1.1804289075760355,-1.2731079594723187,-1.150541012257398,0.009152600080302024,-0.3543269844079988,-0.02077297689728351,0.659086811827759
2025-05-01,-0.9656110091765316,-1.1188381278885993,-0.7917806806880183,-0.8211298866912379,-0.21619367843362305,0.17371305721888372,-0.15445607196397532,0.7935039801622193
2025-05-02,0.38802488916258826,0.11574891821410402,-0.094961323412566,-0.06140610938043969,0.0008369319146499972,-0.21171585462387016,-0.06687341976554789,-0.04815004408088148
2025-05-05,-0.26711478784603315,0.04216448152679697,0.18819904293690312,0.3061076779917358,-0.054382572330647666,-0.031040610005549068,0.180863200207788,-0.6009300935899372
2025-05-06,-0.2968662516661158,-0.061685387345858864,-0.17129417351938384,0.534842932722089,0.3543520923711945,0.5756846717597845,0.5625303297032652,-2.1104149295087216
2025-05-07,-0.42757621306967414,-0.918843482108108,-0.5762145522621851,-1.2712809402609488,-1.051886812168424,-1.236142288999591,-0.1581002667061152,2.4428613456212847
2025-05-08,-0.4804221035771718,-0.47747644726704097,-0.28629858813327,-0.25272136938362655,0.2822029858726399,-0.3816698864030296,0.18244673828208594,0.12880002822407613
2025-05-09,-0.5880595794379546,-0.8065921777528218,-0.63587112525722,-0.7083566351145425,-0.7789657629726837,-0.5105543044948564,-0.03680185457022453,0.6893460405137307
2025-05-12,-0.07358274727539878,-0.186517877985938,-0.2499614828500971,0.0013171106094262508,0.04888032378420454,-0.0393456798394406,-0.15998001922666483,-0.548782935181797
2025-05-13,-0.09081887223793589,-0.4630294852708793,-0.5055288688151246,-0.45645097856836814,-0.3573787492556534,-0.4549602490716819,-0.055883359823302135,0.22285099908801095
2025-05-14,0.2552481569130753,0.5344725988908047,0.7493639935490133,0.5715511123731044,0.426295844578784,1.1290155951398104,-0.3715405977622757,-0.13098694400847136
2025-05-15,0.10325591216126538,0.2689196826353215,-2.900986242121402,0.3576234272409752,0.3679067669593566,0.28940928042506264,1.7506337997602974,-4.393005567509247
2025-05-16,-0.190796715255511,-0.4967144254655508,2.7349654192861284,-0.4290412317259872,0.03168270372525944,-0.1435289390577049,-0.8703049492639412,3.5720193792110133
2025-05-19,0.6480219856809588,1.0447695111484532,0.6982436528095609,1.142256350616329,0.1334232093299314,0.24125554781039826,0.3898768290101747,-0.5127064207745997
2025-05-20,0.6285673359683953,0.30240793720435905,0.033013380370414964,-0.17214865221056666,-0.7636674771106096,-0.5180192648346456,-0.664193189938191,0.20961027124226897
2025-05-21,-0.028433068533100347,0.3880269138993219,0.47245910519137224,0.7531651771433936,0.5477976466369702,1.9850245115691996,1.0572585780791652,-0.25488255806081667
2025-05-22,0.1439495166285529,0.45583427670694154,0.8073354268893242,0.306515868291198,-0.4558166735611792,1.419609938348205,-1.2404082236011291,0.563513710890164
2025-05-23,-1.162018446544235,-1.0744340882506918,-0.7016288310882828,-0.5953671278308065,0.6640900296390067,0.04896941262891633,1.637495037439585,-0.22965844292484847
2025-05-27,-0.04273650202440016,-0.33559751939731963,-0.4820312629337775,-0.7460628528587019,0.24672290357332732,-0.8554053482508199,0.2376156370424818,0.08127792217770088
2025-05-28,-0.15092460552443054,-0.06205525122123829,-0.07756443055559209,0.02306318768220236,-0.14125884781859904,0.031275086853784474,-0.3822533372115948,-0.10510922598491729
2025-05-29,0.9920546831344431,1.3748066313737475,0.8182872642848362,1.1173630009452007,0.11617908036403683,0.5030518197370246,0.24478199640890758,-0.05903979852647103
2025-05-30,-0.051166755421306526,-0.36481027310942565,-0.19783703163233274,-0.6328431008336981,-0.2669008640680805,0.30490115541434964,-0.3193508803283091,0.28029067557216375
2025-06-02,-0.2792489238573677,0.05028637566413428,-0.09588960731010873,0.09646189425511659,-1.1510180740352103,-1.2907659275481944,-0.05181488840431404,-0.17882921807454621
2025-06-03,0.42839646616630467,0.009932421794986799,0.042540183268456835,0.11383982443657646,-0.2578466989255309,0.43432790688982237,-0.31458733031770136,-0.056600383385922375
2025-06-04,-1.708119241080839,-1.778956533073759,-0.9514972570283703,-1.6783399658007836,-1.9834190863904553,-1.7344887460750666,-0.2996839163659707,0.3444996715192653
2025-06-05,-1.145129059668001,-1.398024155283226,-0.9167094153145126,-1.450652957061893,-1.2628828129645784,-1.9159771471650278,0.03889889989747856,0.20928613838827478
2025-06-06,0.47893273669826997,0.3291912580329188,-0.07330866886030218,-0.08738993045926151,0.37980686563010285,-0.4296867412945186,-0.46392835415376094,-0.020424936924241403
2025-06-09,-0.5923024772391554,-0.34060867691256286,-0.15388700293715094,-0.34327941316807425,0.5821450044845852,-0.23750208527422065,0.11882637709479468,0.09439299548977367
2025-06-10,1.299397034861781,1.7855755403730016,1.2065951858388937,1.918362597803662,0.5080385977153127,0.6010023851104175,0.5786971481586334,-0.36812132120580243
2025-06-11,-0.3415629840776412,-0.7764144154739216,-0.44349283005698764,-0.8313153954963893,0.4640851400720901,0.6411570154841246,-0.35284113630418495,0.1931639603382028
2025-06-12,0.09092360201564975,0.2754279348478234,0.45185487979208644,0.5369036786307738,0.527465001767895,1.0114087642139573,0.6979765966601248,0.030041374965081687
2025-06-13,1.090424418019928,1.0106599061273953,0.260024166701334,0.641973019496778,0.3551177768766789,-0.24043410633104711,-0.5224546341646505,-0.23887213250200845
2025-06-16,-0.795045138679304,-0.6169294509491797,-0.3153966953781503,-0.683984350449619,-0.557720528992681,1.5226925084158038,0.6586392304217322,0.19351100569167065
2025-06-17,-0.46845840996520965,-0.5099115613612302,-0.24830531060338412,-0.08995460695289484,1.0103838108266496,-1.0853121292015848,0.9067575192786225,-0.18691958996102187
2025-06-18,0.1685658729502332,0.04478102210446308,-0.0895946681773979,0.2199229153668435,-0.4095750970324475,0.2202698265924393,-0.7981515237060386,-0.2647537852370851
2025-06-19,0.9176718333335069,0.8515384807953769,0.4589766226324228,0.6400971639985213,0.8673036756948977,0.44891417190310545,0.7799922136832986,0.005644257715975696
2025-06-20,1.0697880317340327,0.5641746142607025,0.2809177918915492,0.5166548821718947,0.8739468980479752,0.1530790753000169,-0.34483566396006177,-0.08947265868929755
2025-06-23,-0.731919284866584,0.3620954023084811,0.3927296641051879,0.5631051335283447,0.170783109781312,0.08021802108162521,-0.31997728231087297,0.0034034336015116755
2025-06-24,0.6919860262386335,0.17074552020944206,0.058639851684031116,0.1910553712692668,-0.653090370508901,-0.01523555435230296,-0.10394833368206789,-0.07721279741773167
2025-06-25,1.2685129070834213,1.0416549530802552,0.5180360397788599,0.8982302639606936,0.9693684618299793,1.7682710416955434,1.0501144804790175,-0.09712670959809613
2025-06-26,0.12640400496928986,0.3765780725441214,-0.09932629969304235,0.39119971313161706,-0.7599084364431755,-0.7947567240498864,-0.0947538034213825,-0.36689547896615277
2025-06-27,-1.0769246434413342,-0.8829917423692493,-0.685660333588402,-0.7478468911854731,-1.5633681922832292,-0.6000054959888049,-0.3291955842480826,-0.05150151392336965
2025-06-30,-1.2980944166937947,-1.336421824561671,-1.4068020664476866,-1.3760533462121747,-0.3317124650726636,-0.9793555122742058,-0.7895724220756309,0.6443857837506014
2025-07-01,0.49557680997417364,0.02940252828082258,-0.012127775143614511,0.05345881155157625,-0.5885450176821141,-0.4038707788272246,-0.07551302794783638,-0.17954082321647458
2025-07-02,-0.06252127461001486,0.014020593169835845,0.09515596682862645,-0.1310715477099219,0.5599808717101958,0.9580903344951721,-0.18016039260022126,0.5933697180090883
2025-07-03,-0.009576069790372595,-0.058947356780486564,-0.11048826686255386,-0.11083139745167682,-0.09285309804570431,-0.28427655665211266,-0.14749316589718378,0.03726312678453365
2025-07-04,0.74516320430349,1.1537814233333075,1.52474217626383,1.4388912300913874,0.12879247464249235,-0.4116403411396073,0.689026265061716,-0.6754014721664111
2025-07-07,0.048609375030830106,-0.13224269994415755,-0.7313760448862022,-0.5636404753594221,-0.6685018879955118,-1.4283369327371451,-2.8650869112021193,-0.08339685736719961
2025-07-08,-0.2970233178947453,0.42042070551424376,1.0449294138153964,1.1689716609791312,0.2351021187509697,1.6321803485229998,1.6766852870440971,-1.1574390038224602
2025-07-09,-0.6889145297632207,-0.9885676489772696,-0.9229632074367742,-1.0084745865278903,-0.6845643316341953,-0.7545433399287969,0.992682309168987,0.9893732101932138
2025-07-10,1.6374624310141679,1.0676917112956184,0.4859492790351637,0.7178370579798725,-0.5422823249086856,-0.5304033248705985,0.16449435665575549,-1.1196522320315718
2025-07-11,0.1209437347336263,0.04702106236693839,0.14138315043559946,0.21215669070805515,0.4519207706305131,-0.5420732489471938,0.4604892121263646,-0.3310658058003777
2025-07-14,-0.6591680910464189,-0.05638603048633307,-0.44887516474132233,-0.5385655212111468,-0.6612740699927173,-1.597422627168897,-2.359451420962935,0.6943391479492041
2025-07-15,1.4403954745678396,0.7747979076629471,0.974755731012066,1.1114416212754323,1.3041211206506635,0.6269549627352599,2.8945769630868834,-1.1969363141089657
2025-07-16,-0.2279794691011692,-0.14350324474167617,-0.07390144713421928,0.14448960216293996,-0.22294973717919941,0.5647976453353675,0.9922659410136492,-0.68195272922507
2025-07-17,0.4819873849309558,0.23893977273153597,0.26811331667478555,1.4852146267904893,1.9421115281412151,-2.2589548401669632,0.18134169992511484,-3.40148535946107
2025-07-18,-0.9081730425870674,-0.27207537880529,-0.10858158369338564,-1.2971181702031447,0.6001045850647001,2.921179753389913,0.6211375468940237,2.859378836902508
2025-07-21,0.4481868968212647,0.5526561237185527,-0.20368370667038826,-0.11362501957475053,0.2084278883033704,0.06418352413962052,-0.591729684043589,-0.06003899593837671
2025-07-22,-0.9560373733163836,-1.3588559249084184,-1.6810668535972502,-1.4737044645023987,0.22880238732025324,0.1728069306919932,-0.6557068607049065,0.538541590915075
2025-07-23,-2.0327227310596783,-1.9723142472073651,-1.417105947233686,-1.5105818588240147,-1.2112022180552033,-0.3669025410009372,0.625936876857676,1.028435268803637
2025-07-24,0.055449657390712934,-0.025586297957634018,-0.32070067405949454,0.00116342259504088,-0.05829211600287778,0.37737569568729634,-1.2608910162091052,-0.49009367321136105
2025-07-25,0.6855704639479006,0.4490311480262666,0.5029324087753558,0.10824190821796527,0.02921282592677259,-0.3059186338153932,-0.2978947102211841,0.5598182534151454
2025-07-28,-1.2935616706755078,-1.5263283098278584,-0.9828977324178434,-1.2599738641611666,0.31536190796832586,0.32704997556429943,-0.5260186187499604,1.1626516158575977
2025-07-29,-1.5130881281898005,-1.6599209822525927,-1.6468238490636282,-1.4229239130834306,0.40547019251504435,0.005241349086760288,-1.4158026032684219,0.4694711164775366
2025-07-30,-0.8488267894013709,-1.2308478030377499,-0.6198160649538077,-0.5343309138244621,-0.00527519515710618,-0.2529870233882734,1.1871510195831994,0.1751941473145565
2025-07-31,3.9055014979658615,4.156128270193821,3.995296904857124,3.881332071053418,-1.673418876870549,1.0097922740243637,0.5444124404027181,-2.528133738940701
2025-08-01,-0.5960879500013331,-0.42392721896934454,-0.14021725656107567,-0.2620247471060841,-0.4730794015883637,0.4981548220021086,-0.46000127180609185,0.4428122293811434
2025-08-04,-1.5917367543058765,-1.6878379628849822,-1.5996002999505563,-1.57723106255645,-0.8781277247091814,-0.8039176750783066,-0.7616403658455535,1.1300783823108702
2025-08-05,1.3147632391794475,1.4627678477406445,1.0526512357163595,1.3207142033248063,-0.8867534307892457,0.34629873249863263,0.21558416416266288,-1.5585528669015483
2025-08-06,-0.2997861837718038,-0.4917208285981392,0.24426015389192468,-0.4292797156597468,-0.342886820705067,-0.2911893085038399,0.2730710005805467,1.6645214843734835
2025-08-07,-0.46957541841894695,-0.48219823746099555,-0.7828515512143928,-0.4527787982832777,-0.9539031378526226,-0.27813129308876244,0.049546661903714546,-0.34577701949970624
2025-08-08,0.07406885927974116,0.1854873492388426,0.5139388978088114,0.1411152369956463,0.8025355907747712,0.00803261420074079,-0.13440733599594176,0.6664536586522092
2025-08-11,0.7588737495625352,0.9071047183474817,0.7839609527772887,0.7604793124230785,-1.1557360977400597,-0.9171433610996504,0.718469281178988,-0.4880736176059884
2025-08-12,0.4243279224374691,0.09113166239044035,-0.08767882314869588,0.14914737671917305,1.3320185813384868,0.7213136772895801,-0.7788843591006636,-0.5777556053160212
2025-08-13,-0.19019979591160008,-0.5533901075627934,-0.3805084643056478,-0.471258687335549,-0.4271332747778008,0.23556807856439524,0.4254237609678827,0.5167645768227512
2025-08-14,0.21088321089756992,0.5127370170202074,0.8370634001103826,0.5718322471443611,0.6765188017858116,-0.45094526151936326,0.7786027367248973,0.14815668035239205
2025-08-15,0.2509725125566471,0.019307591624308545,-0.27932304251616336,-0.24446081334148845,1.743641136863233,0.560130029896382,-1.2627493307944055,0.10376805296181275
2025-08-18,-0.44116777428980175,-0.11089318370653777,-0.013180274905116696,0.07615468013694422,0.06342977764416706,-0.27843433963530045,0.033434462444825744,-0.22966715439412647
2025-08-19,0.1314443602004385,0.02363398478060665,-0.033588903436585105,-0.13636187784026613,0.6600453138437841,0.17948713330288113,-0.7717871998508371,0.30080412795640904
2025-08-20,-0.8700470241167475,-0.9669972777846196,-0.9089410147277771,-1.0266705278029193,-1.2974733518701946,-0.9850285605648256,0.21988315047279813,0.9545092034035849
2025-08-21,1.3380637747726989,1.3592901568659141,1.7579628673148504,1.5503787331345298,0.24059712166272304,0.8316933472656612,1.5951574332277847,-0.6499959617667802
2025-08-22,-0.10221884599139398,-0.26712812805250746,-0.6721058864110518,-0.24875067891450547,0.6475688962480654,0.20715733865338973,-1.05957712943048,-0.7043884432398655
2025-08-25,1.4184450642428557,1.7391945637548079,1.8553488287888702,1.7504576667216427,0.7608634741305345,0.821428994552699,1.162725471798789,-0.9812324310880282
2025-08-26,0.6837145857785469,1.1272731128963662,1.301985409802287,1.2124330349409453,1.9883685490666871,2.3361134955271345,0.3117382681520802,-0.6327946623701096
2025-08-27,-1.5553181778837903,-1.0843106030835152,-0.7228565318924297,-0.5991783459326991,-0.9487318049407377,1.4922136962685195,2.469555291131429,0.13323407613169025
2025-08-28,0.9142103068149288,1.019055660712605,0.9667897916339304,1.0802750820474982,-0.14168655969252253,-0.10157610181369046,-0.30873229665263,-1.0758104205367842
2025-08-29,-0.16293053484087813,-0.22525845927525828,-0.2473086777504336,-0.2620950309258922,-0.046714840877278174,-0.5360940940842275,-0.08383916758015172,0.2334264015561193
2025-09-01,0.0009955726454411572,-0.020797865586177692,-0.1973018246600845,-0.12165752874922894,1.1602502987358976,-0.3467105068397625,1.4951655890005113,-0.11276342413262826
2025-09-02,-0.9407972024581049,-1.1075482646809858,-1.2873337107639677,-1.2287074198747994,-1.0250373055743789,-0.4599907436841062,-1.6720273475486251,0.7905407986159914
2025-09-03,-0.2514778729560561,-0.03088732906574995,0.6172227571270756,0.5140122985309752,0.5043191324925269,1.9839572540402832,2.4362749288569603,-0.11488532747354828
2025-09-04,-0.9973463173198802,-0.8463339171291323,-0.367878660637913,-0.41612244913147134,-2.5070342415275237,0.6818680893122105,1.2417374964866608,0.4668669408947882
2025-09-05,-0.6778677150535842,-1.2869474967126813,-1.7540774297139423,-1.7786448284015621,-1.9470664497203873,-2.4576548803240392,-2.4943501324299717,1.4773650228337467
2025-09-08,-0.45190362940111156,-0.7128634661772284,-0.48384517962859885,-0.9406713708247337,1.093529704983597,-1.0021415136194103,-0.7109911775971859,1.9672285167721493
2025-09-09,-1.2720148907494562,-0.4493229685991266,0.20718496747970463,0.3247552452651772,-1.2009163017940818,0.5159733489277594,1.3385482395301194,-0.6168741701634464
2025-09-10,-1.4765948168833205,-1.3863228811622357,-0.7748455780600672,-0.975337042433811,-1.811180527181366,-1.1810790508487048,0.9589796898200921,1.2678462313596297
2025-09-11,0.4011319463064677,-0.4874080218063043,-1.27094518106971,-1.129798545312358,-1.1017185862862946,-2.360077605551618,-1.5010148723006422,0.422766574135387
2025-09-12,0.14921608204094958,0.2897308071150306,0.48582578694537865,0.48771494483502087,0.6041591563090112,0.15689663060331555,-0.1477873597947707,-0.42334939681425543
2025-09-15,0.4890982307579605,-0.028511157452374983,-0.6480595797362434,-0.4383514059910662,0.27549708610690116,-1.4335668918580116,-0.8030315170775207,-0.24880871133019086
2025-09-16,-0.6689350215180209,-0.9086653495926953,-1.433470566015212,-1.3708603938404167,-2.021348663388402,-2.4748970683981466,-1.3583033301935912,0.7413440623319328
2025-09-17,0.7469186827711446,0.7109115624344414,0.7812423923375282,0.8179451083030392,0.008394167946022527,0.3329011898298798,0.9393907419639348,-0.7654651451758144
