,0
2016-10-20,100.00647575296821
2016-10-21,100.02404310602813
2016-10-24,99.96159447692128
2016-10-25,99.94583570203311
2016-10-26,99.95050910958031
2016-10-27,99.96178477722756
2016-10-28,99.94685803403243
2016-10-31,99.9231611014211
2016-11-01,99.94475490389539
2016-11-02,99.93731327838414
2016-11-03,100.00355199557869
2016-11-04,100.00913456689928
2016-11-07,100.00994916577304
2016-11-08,100.06111353453907
2016-11-10,100.24706929464502
2016-11-11,100.25844587314066
2016-11-14,100.39164153879739
2016-11-15,100.42747129198122
2016-11-16,100.5714705498414
2016-11-17,100.54746386815788
2016-11-21,100.61763364914826
2016-11-22,100.64800588391711
2016-11-24,100.7188366538015
2016-11-25,100.74092990412056
2016-11-30,101.01956156959461
2016-12-01,101.24940604705776
2016-12-02,101.16262538568972
2016-12-05,101.26578315198194
2016-12-06,101.21378016832365
2016-12-08,101.14680016599944
2016-12-09,101.28503469061354
2016-12-12,101.36840772238769
2016-12-14,101.5918229959912
2016-12-15,101.7789764167961
2016-12-16,101.82207696691563
2016-12-19,101.827125802821
2016-12-20,101.86681983415377
2016-12-21,101.53368996517808
2016-12-22,101.48062166582447
2016-12-26,101.62727260686786
2016-12-27,101.68350865608895
2016-12-28,101.73424988280908
2016-12-29,101.6915035114434
2017-01-03,101.7725991037833
2017-01-05,101.76052180070978
2017-01-06,101.77419805372135
2017-01-10,101.61139599912168
2017-01-17,101.64336303769639
2017-01-18,101.61201394393733
2017-01-19,101.58290592803041
2017-01-20,101.61456051503286
2017-01-26,101.8273611752298
2017-02-06,101.97169923996576
2017-02-07,101.99231529041882
2017-02-08,101.95283294871662
2017-02-09,101.90513092373494
2017-02-10,101.9272716921537
2017-02-15,102.00103672150458
2017-02-16,101.96764614512865
2017-02-21,102.0189106275168
2017-02-22,101.9556855005633
2017-02-27,101.94176970610714
2017-03-07,102.00780921508692
2017-03-10,102.02115353178094
2017-03-15,101.93763117493147
2017-03-16,101.7817364242141
2017-03-17,101.80662083066552
2017-03-20,101.74383168441653
2017-03-21,101.7321417104514
2017-03-22,101.77394914068412
2017-03-23,101.87603098256346
2017-03-24,101.91274537206647
2017-03-28,101.85811851960219
2017-03-29,101.9688540507246
2017-03-30,101.97518223031132
2017-03-31,102.00932975068018
2017-04-05,102.06980068162812
2017-04-06,102.06471364537171
2017-04-14,102.05177995748211
2017-04-18,102.05984926616311
2017-04-20,102.06354271479421
2017-05-02,101.99437938407544
2017-05-03,101.93628753761726
2017-05-04,101.9212090025392
2017-05-05,101.95461510547403
2017-05-08,102.00804741640329
2017-05-09,101.98065001010067
2017-05-10,101.97616284847058
2017-05-22,102.09229584140233
2017-05-23,102.177699791191
2017-05-24,102.16410231265691
2017-05-25,102.17275012761257
2017-05-31,102.2113101336074
2017-06-01,102.21915841519349
2017-06-05,102.1922768869656
2017-06-06,102.17754360611684
2017-06-07,102.18342969462553
2017-06-12,102.19310814654861
2017-06-26,102.48997771796327
2017-06-27,102.4750276194731
2017-06-28,102.45361730604546
2017-06-29,102.4062281977597
2017-06-30,102.44330917189615
2017-07-05,102.44116864361928
2017-07-06,102.44112195191992
2017-07-07,102.45216885226796
2017-07-11,102.43665817530443
2017-07-12,102.46063970470354
2017-07-13,102.51113504251256
2017-07-14,102.52880972561978
2017-07-17,102.53241820731813
2017-07-18,102.51515665456526
2017-07-19,102.5321679397402
2017-07-20,102.57283672384239
2017-07-25,102.58524227162427
2017-07-27,102.5851093429329
2017-07-28,102.58836027640285
2017-08-01,102.57131004867671
2017-08-02,102.57096257201287
2017-08-03,102.59916906668676
2017-08-04,102.5768797260069
2017-08-08,102.55586194141901
2017-08-09,102.55876129502437
2017-08-17,102.62945523660987
2017-08-18,102.61243549065058
2017-08-22,102.62423919000341
2017-08-23,102.62529054173221
2017-08-24,102.62907732278374
2017-08-25,102.60983847075367
2017-08-30,102.59736856125825
2017-08-31,102.60049352261191
2017-09-06,102.57717025164422
2017-09-07,102.58948720251641
2017-09-08,102.57606561946326
2017-12-28,102.48600357415366
2018-01-02,102.43804159487033
2018-01-04,102.4352285327252
2018-01-05,102.44975212727945
2018-01-10,102.45108220555134
2018-01-11,102.44531396128798
2018-01-15,102.45051591349319
2018-01-17,102.42856001352081
2018-01-18,102.42579904255737
2018-01-19,102.41094663648241
2018-01-22,102.41350604707269
2018-01-24,102.42171055781438
2018-01-25,102.42549050211498
2018-02-01,102.41536176389943
2018-02-02,102.4130374060208
2018-02-05,102.40450281785162
2018-02-06,102.41064838115904
2018-02-08,102.39746901765146
2018-02-09,102.40050697308432
2018-02-27,102.41238242967434
2018-02-28,102.44468868677143
2018-03-02,102.43677187951296
2018-03-06,102.44811412480412
2018-03-07,102.43679502178777
2018-03-09,102.41706399928785
2018-03-13,102.4363564317466
2018-03-14,102.42561343586854
2018-03-15,102.4299935869842
2018-03-16,102.42078660355286
2018-03-20,102.41441172362333
2018-03-21,102.42605979171854
2018-03-22,102.40738417415449
2018-03-23,102.44054055416332
2018-03-29,102.44571437758323
2018-03-30,102.44327360828255
2018-04-04,102.42021171951082
2018-04-09,102.43761605699828
2018-04-10,102.42280549923974
2018-04-11,102.42201843762957
2018-04-17,102.42832141432565
2018-04-18,102.51656739417542
2018-04-23,102.47550823376532
2018-04-24,102.45507257583651
2018-04-27,102.50196577091776
2018-05-02,102.4979602205343
2018-05-04,102.45137648751708
2018-05-07,102.39787819463308
2018-05-08,102.40996187830831
2018-05-09,102.43692450688908
2018-05-15,102.45617834564786
2018-05-16,102.47005185772151
2018-05-17,102.41864534300926
2018-05-18,102.40870965978684
2018-05-22,102.40486178384909
2018-05-24,102.39810032390486
2018-05-25,102.37069717408525
2018-05-30,102.47824091940889
2018-06-01,102.44231937274641
2018-06-04,102.42462691171825
2018-06-05,102.42735046765243
2018-06-07,102.41763458431737
2018-06-08,102.45976238317441
2018-06-11,102.4497239656286
2018-06-12,102.4485213016985
2018-06-13,102.48157805207066
2018-06-14,102.47362095349585
2018-06-15,102.49747620574541
2018-06-20,102.57372860973486
2018-06-21,102.58242557503563
2018-06-25,102.54043894568585
2018-06-26,102.51739388501223
2018-06-28,102.53519882709803
2018-06-29,102.47717416333177
2018-07-02,102.41939046145205
2018-07-05,102.28443171657753
2018-07-06,102.19047245085594
2018-07-09,102.27327529313628
2018-07-10,102.29778423091969
2018-07-20,102.26809328536659
2018-07-23,102.25320097144778
2018-07-24,102.24267495927985
2018-07-26,102.29824574223045
2018-07-27,102.24361294028196
2018-07-30,102.22988028209241
2018-07-31,102.18909959432736
2018-08-01,102.20057520680896
2018-08-02,102.15796399500734
2018-08-03,101.99331081641805
2018-08-06,101.86885765761564
2018-08-07,101.90015781231305
2018-08-08,102.02339708584405
2018-08-10,102.15603309843904
2018-08-13,102.22133597800745
2018-08-16,102.15572633941869
2018-08-17,102.21836888158083
2018-08-20,102.3031133365073
2018-08-21,102.36598668012458
2018-08-22,102.28985364338314
2018-08-23,102.26437712134226
2018-08-24,102.33632308962186
2018-08-27,102.449879871223
2018-08-28,102.41583084442748
2018-08-30,102.40361295333503
2018-08-31,102.41106412198475
2018-09-05,102.43872296179373
2018-09-06,102.47612781187519
2018-09-07,102.47445608091516
2018-09-10,102.55014671416458
2018-09-11,102.55908683849029
2018-09-12,102.57106186433535
2018-09-13,102.58231871595495
2018-09-14,102.59727449471208
2018-09-17,102.61675075916874
2018-09-18,102.61344708161393
2018-09-19,102.6160769951757
2018-10-09,102.5650456011171
2018-10-11,102.5385907303388
2018-10-12,102.54241224575944
2018-10-16,102.55030807473604
2018-10-17,102.56134167667005
2018-10-22,102.54310646276514
2018-10-30,102.49050922923351
2018-10-31,102.47101331664304
2018-11-01,102.46305973029446
2018-11-05,102.49063425158687
2018-11-09,102.51953298125342
2018-11-19,102.59342624940801
2018-11-22,102.58559984331326
2018-11-23,102.58023361637069
2018-11-28,102.58221137204471
2018-11-29,102.57566237710813
2018-12-04,102.56712336280005
2018-12-05,102.61010889994198
2018-12-12,102.59292493818066
2018-12-13,102.6133682778173
2018-12-19,102.52092398225172
2018-12-20,102.56319555812487
2018-12-21,102.56895727697275
2019-01-02,102.53078514910916
2019-01-04,102.55400888427721
2019-01-07,102.67472622917386
2019-01-08,102.7411983153971
2019-01-09,102.74371100058917
2019-01-10,102.6826172912853
2019-01-11,102.69323405868889
2019-01-15,102.67514259619726
2019-01-16,102.65900400991299
2019-01-17,102.60672219960976
2019-01-22,102.6186784496411
2019-01-23,102.64778366182736
2019-01-24,102.61861462388828
2019-01-25,102.64875581693809
2019-01-29,102.59223018000596
2019-01-30,102.59219590823004
2019-01-31,102.6118150583786
2019-02-01,102.60762247253471
2019-02-11,102.6196765250361
2019-02-12,102.6384574789287
2019-02-13,102.65647774028064
2019-02-14,102.75292700867449
2019-02-15,102.71823759343677
2019-02-19,102.70063051362361
2019-02-20,102.74931872558139
2019-02-21,102.73935216919625
2019-02-22,102.71738409351563
2019-02-25,102.6726656588352
2019-02-26,102.67006780543177
2019-02-27,102.64798562297885
2019-02-28,102.64880429049579
2019-03-01,102.71740830506855
2019-03-04,102.70922850245059
2019-03-05,102.70821873969922
2019-03-06,102.7390295623793
2019-03-07,102.73040070110378
2019-03-08,102.7057729974398
2019-03-12,102.71903791277177
2019-03-13,102.73487271306743
2019-03-14,102.68458488180019
2019-03-15,102.68672929336174
2019-03-18,102.69722698578683
2019-03-21,102.65974813903173
2019-03-22,102.64454852035006
2019-03-26,102.59125238824926
2019-03-27,102.58852132075549
2019-03-28,102.59419572266964
2019-03-29,102.61624983529269
2019-04-01,102.64908255147706
2019-04-02,102.67993009642713
2019-04-03,102.75508635001682
2019-04-04,102.76339455199415
2019-04-08,102.67580923999158
2019-04-09,102.71960692277456
2019-04-10,102.75318459132019
2019-04-11,102.78923622976244
2019-04-16,102.5380689809285
2019-04-17,102.50648454268172
2019-04-22,102.50839232214615
2019-04-23,102.48897631390032
2019-04-24,102.43022848714043
2019-04-25,102.49995463981934
2019-04-26,102.55679679238997
2019-04-30,102.59560702618585
2019-05-06,102.67531891454296
2019-05-07,102.71611087129615
2019-05-08,102.79805009969192
2019-05-09,102.82744797620884
2019-05-10,102.82482457305069
2019-05-15,102.82576798055014
2019-05-16,102.83057749917175
2019-05-17,102.82193071869624
2019-05-20,102.75748037662898
2019-05-21,102.76132745818187
2019-05-22,102.73785489522267
2019-05-23,102.78428939009349
2019-05-27,102.67934207654716
2019-05-28,102.69460720531372
2019-05-29,102.70230972225424
2019-05-30,102.71060675452408
2019-05-31,102.68289648004625
2019-06-03,102.7272293455695
2019-06-04,102.75177451150623
2019-06-05,102.77775839283791
2019-06-06,102.82012798443425
2019-06-11,102.76237256414169
2019-06-12,102.76607585835337
2019-06-13,102.83003685327212
2019-06-14,102.88495962499007
2019-06-17,102.98046825182672
2019-06-18,103.02121440365902
2019-06-19,103.05524427470571
2019-06-20,103.14533177328254
2019-06-21,103.45134762580734
2019-06-27,103.31156660508202
2019-06-28,103.36359455327249
2019-07-01,103.41781988948608
2019-07-02,103.49936068608787
2019-07-03,103.5136304060744
2019-07-08,103.4537310505215
2019-07-09,103.47565225463524
2019-07-10,103.46502346357396
2019-07-15,103.41497493881495
2019-07-16,103.43563016629321
2019-07-17,103.45342165943467
2019-07-18,103.45385891690992
2019-07-19,103.4683230125272
2019-07-23,103.48312170055296
2019-07-24,103.49255973153619
2019-07-25,103.49487841446357
2019-07-26,103.45302709967122
2019-07-29,103.48607078621683
2019-07-31,103.51953547078614
2019-08-01,103.50614317399808
2019-08-02,103.5070731303427
2019-08-05,103.48619867598639
2019-08-06,103.50795776617146
2019-08-07,103.50350535324664
2019-08-12,103.41903697791648
2019-08-13,103.36369069321496
2019-08-16,103.35978523097731
2019-08-21,103.3366101006926
2019-08-22,103.34348002993379
2019-08-23,103.33748235200677
2019-08-27,103.25990907228366
2019-08-28,103.25194901357668
2019-09-04,103.32242468578418
2019-09-05,103.39394989326327
2019-09-06,103.37858700547812
2019-09-25,103.34112218793511
2019-09-26,103.34910280226879
2019-09-27,103.39051929722476
2019-10-08,103.35215414397754
2019-10-09,103.34576373455823
2019-10-10,103.34369217807802
2019-10-11,103.35517588642978
2019-10-15,103.34035832935025
2019-10-16,103.34626783742054
2019-10-17,103.35086373029027
2019-10-21,103.2794241648912
2019-10-22,103.27798610496018
2019-10-23,103.23818046264593
2019-10-25,103.30293018586862
2019-10-31,103.14143000100738
2019-11-04,103.12804093254644
2019-11-05,103.11538718164527
2019-11-07,103.14311445645386
2019-11-12,103.13615574905693
2019-11-13,103.15481324999858
2019-11-18,102.98973372016766
2019-11-26,102.95355217266054
2019-11-27,102.95685174722647
2019-12-03,102.9182106229362
2019-12-04,102.95084465634106
2019-12-12,102.91941818186712
2019-12-13,102.90570452506253
2019-12-20,102.89020107879341
2019-12-23,102.87437920447928
2019-12-24,102.83853837671724
2019-12-25,102.85208790494057
2019-12-31,102.85024527886652
2020-01-03,102.8588899238506
2020-01-06,102.82218712316084
2020-01-13,102.87110253541533
2020-01-14,102.90536173426553
2020-01-15,102.95288632716986
2020-01-17,102.88583202313094
2020-02-10,102.62702786398191
2020-02-11,102.62422944616998
2020-02-12,102.63501498732303
2020-02-26,102.68703898028173
2020-02-27,102.7132355272026
2020-02-28,102.72311804303413
2020-03-03,102.68087529351726
2020-03-04,102.6538020394025
2020-03-05,102.63226099201732
2020-03-06,102.65192003621178
2020-03-09,102.69713916325452
2020-03-11,102.86123713739413
2020-03-13,102.87367457388574
2020-03-16,102.78798252634718
2020-03-17,102.79812811457747
2020-03-18,102.773491885893
2020-03-23,102.66585261125722
2020-03-24,102.55303352933352
2020-03-27,102.68426306920078
2020-04-01,102.6088853293428
2020-04-02,102.57846287783094
2020-04-03,102.30370149424093
2020-04-07,102.57607168869971
2020-04-14,102.59207819421033
2020-04-15,102.65832008796218
2020-04-17,102.68314277279991
2020-04-27,102.73363621208267
2020-04-28,102.75930987171277
2020-04-29,102.746976304832
2020-04-30,102.76927539314089
2020-05-07,102.74866075964242
2020-05-08,102.72956043104848
2020-05-18,102.76220579458742
2020-05-19,102.77666570733948
2020-05-22,102.78275210607637
2020-05-25,102.79962819787217
2020-05-26,102.90044625452981
2020-05-27,102.90644254523727
2020-05-29,102.95579393885612
2020-06-04,103.0071750076027
2020-06-09,103.11562236098509
2020-06-11,103.12716644133435
2020-06-12,103.1330505969434
2020-06-15,103.11556367920731
2020-06-17,103.24991023427476
2020-06-22,103.23888264533664
2020-06-23,103.5256765401548
2020-06-24,103.67261886438423
2020-06-30,103.66169068287108
2020-07-02,103.68352078670242
2020-07-03,103.69512971106599
2020-07-08,103.74944177989624
2020-07-09,103.88526334678676
2020-07-10,103.8830697783186
2020-07-16,103.85122196439951
2020-08-03,103.91437159166261
2020-08-04,103.91970164681217
2020-08-17,103.8958145869564
2020-08-21,103.92739826294628
2020-08-24,103.93509487995105
2020-08-25,103.97523981575038
2020-08-26,103.98887342717819
2020-09-01,103.9812910976256
2020-09-02,103.99060280697965
2020-09-07,103.97967970350363
2020-09-10,103.93473346457289
2020-09-11,103.94760004846803
2020-09-16,103.95772488971559
2020-09-30,103.97152014083213
2020-10-30,103.93904847960518
2020-11-02,103.90593136797783
2020-11-03,103.9551494720034
2020-11-04,103.96237964651725
2020-11-05,103.965510968251
2020-11-11,103.92054268001698
2020-11-12,103.9227379584504
2020-11-13,103.96236878613895
2020-11-26,103.9374135923552
2020-11-27,103.93837100061943
2020-11-30,103.94397386594375
2020-12-01,103.96006441071542
2020-12-08,103.97116563084981
2020-12-09,103.98971018148262
2020-12-10,103.97401694686417
2020-12-11,103.9889227516021
2020-12-18,103.98066008364046
2020-12-21,103.93928155355445
2020-12-22,103.92771621962429
2020-12-24,103.97422300860329
2020-12-28,103.96109512470102
2020-12-30,103.96315581840486
2021-01-06,103.97566292991523
2021-01-07,103.96412976135518
2021-01-08,103.97541273054789
2021-01-12,103.97463988778999
2021-01-13,103.98753318647127
2021-01-15,103.95559698491088
2021-01-18,103.96216667648301
2021-01-19,103.98964726369668
2021-01-20,103.96640489833516
2021-01-21,103.95601128005806
2021-01-25,103.96715443279501
2021-01-27,103.93622443682492
2021-01-28,103.96860126757947
2021-02-02,103.97522907056096
2021-02-03,104.00951632846353
2021-02-04,104.02852936820996
2021-02-05,104.04081878747841
2021-02-09,104.02431085740832
2021-02-10,104.04916833472393
2021-02-18,104.0782327547571
2021-02-19,104.07752933165287
2021-02-22,104.07746279967284
2021-02-23,104.07998415481107
2021-02-24,104.06298770249005
2021-02-25,104.07507104656692
2021-02-26,104.06757805802648
2021-03-01,104.06945025885426
2021-03-02,104.07416612988649
2021-03-03,104.06879083069272
2021-03-04,104.06513095026597
2021-03-05,104.07433081252276
2021-03-08,104.08496735981265
2021-03-09,104.08519273168278
2021-03-10,104.08867715521151
2021-03-11,104.08022543992314
2021-03-12,104.08360220879955
2021-03-15,104.08336610810906
2021-03-16,104.0912708535376
2021-03-17,104.08500833774073
2021-03-18,104.07671806808693
2021-03-22,104.08634768433768
2021-03-23,104.0927598767516
2021-03-24,104.1071314664499
2021-03-25,104.10239841151412
2021-03-26,104.10364538755621
2021-03-29,104.10447366808837
2021-03-30,104.09877235632878
2021-03-31,104.08922173394097
2021-04-01,104.0945348176334
2021-04-02,104.09000760539313
2021-04-06,104.0794741979935
2021-04-07,104.07917875589025
2021-04-08,104.07949517896864
2021-04-09,104.08308051623642
2021-04-12,104.08527814352621
2021-04-13,104.06082139921358
2021-04-14,104.05695251529737
2021-04-15,104.0502515878647
2021-04-16,104.06591505838072
2021-04-19,104.0577198288178
2021-04-20,104.04636177984865
2021-04-21,104.04103329336031
2021-04-22,104.03930745561463
2021-04-23,104.04651302390167
2021-04-26,104.05772974086635
2021-04-27,104.03548213809204
2021-04-28,104.0475036352504
2021-04-29,104.04196455626884
2021-04-30,104.04105764565092
2021-05-06,104.03842813792541
2021-05-07,104.0528617441711
2021-05-10,104.0606750467769
2021-05-11,104.05648610643577
2021-05-12,104.0490145019366
2021-05-13,104.07548716814733
2021-05-14,104.06458640876663
2021-05-17,104.08681947960801
2021-05-18,104.06497254673575
2021-05-19,104.07063967486356
2021-05-20,104.05935223309643
2021-05-21,104.05388033954095
2021-05-24,104.07579023487783
2021-05-25,104.05927168799013
2021-05-26,104.06330098047735
2021-05-27,104.05410133690813
2021-05-28,104.06724002017312
2021-05-31,104.07722042629071
2021-06-01,104.070594065235
2021-06-02,104.06603488071858
2021-06-03,104.05809381994595
2021-06-04,104.05118138853318
2021-06-07,104.08341136002468
2021-06-08,104.07126232113583
2021-06-09,104.08302512084717
2021-06-10,104.0735762311563
2021-06-11,104.08552204302563
2021-06-15,104.10088168285641
2021-06-16,104.07757123258892
2021-06-17,104.09255228603556
2021-06-18,104.08571720253619
2021-06-21,104.0536487488369
2021-06-22,104.04008602504022
2021-06-23,104.02238191920053
2021-06-24,104.00661702458717
2021-06-25,103.99895617016001
2021-06-28,104.01101602519908
2021-06-29,103.98814151123186
2021-06-30,104.03109511524474
2021-07-01,103.9949966795066
2021-07-02,103.95869244277647
2021-07-05,103.97051145083242
2021-07-06,103.95358797984724
2021-07-07,103.94609448617216
2021-07-08,103.87038320536934
2021-07-09,103.84644006974733
2021-07-12,103.83036692549254
2021-07-13,103.77319639497064
2021-07-14,103.79862227269616
2021-07-15,103.8437966574972
2021-07-16,103.81326323133146
2021-07-19,103.80831895933234
2021-07-20,103.80870101703867
2021-07-21,103.79644770011953
2021-07-22,103.79729024753377
2021-07-23,103.79568115256468
2021-07-26,103.74544668264707
2021-07-27,103.7650131629952
2021-07-28,103.74949128723578
2021-07-29,103.73867373832557
2021-07-30,103.71875166180797
2021-08-02,103.72472967817832
2021-08-03,103.73326859504151
2021-08-04,103.73945863133032
2021-08-05,103.70761399372823
2021-08-06,103.75340576338871
2021-08-09,103.75261193494431
2021-08-10,103.74526600992272
2021-08-11,103.7378876507004
2021-08-12,103.7158266330518
2021-08-13,103.78055489689572
2021-08-16,103.75929045748273
2021-08-17,103.7324415277551
2021-08-18,103.71904938587811
2021-08-19,103.68689145596734
2021-08-20,103.69783621971436
2021-08-23,103.68227496607257
2021-08-24,103.67630966982762
2021-08-25,103.66296199665382
2021-08-26,103.68325651004704
2021-08-27,103.65443151561595
2021-08-30,103.63528916178284
2021-08-31,103.6332838737885
2021-09-01,103.6167091406157
2021-09-02,103.60645761860354
2021-09-03,103.62735931177743
2021-09-06,103.61961323390632
2021-09-07,103.61897517405399
2021-09-08,103.6428739666097
2021-09-09,103.64503769678622
2021-09-10,103.63221838891315
2021-09-13,103.64747847105009
2021-09-14,103.63253663725045
2021-09-15,103.6440233758236
2021-09-16,103.62509955860921
2021-09-17,103.6283203623358
2021-09-22,103.56688745135088
2021-09-23,103.56199325432316
2021-09-24,103.55833424974898
2021-09-27,103.55418779993721
2021-09-28,103.5426627441665
2021-09-29,103.56085806899715
2021-09-30,103.4572424023136
2021-10-08,103.46780519806764
2021-10-11,103.43868729502985
2021-10-12,103.4380840143184
2021-10-13,103.43232050121343
2021-10-14,103.42448330952007
2021-10-15,103.30927507484395
2021-10-18,103.54022141697226
2021-10-19,103.54143251890507
2021-10-20,103.56982123370078
2021-10-21,103.5634763295899
2021-10-22,103.55766270432912
2021-10-25,103.55464534533895
2021-10-26,103.56973644080716
2021-10-27,103.57059918453845
2021-10-28,103.58934745105499
2021-10-29,103.55536390999949
2021-11-01,103.55068047449107
2021-11-02,103.57608953894774
2021-11-03,103.56843475117489
2021-11-04,103.55016327144475
2021-11-05,103.52035934583364
2021-11-08,103.53611656229913
2021-11-09,103.55100919725328
2021-11-10,103.53687953692953
2021-11-11,103.50946490457373
2021-11-12,103.50492600501191
2021-11-15,103.51361168772455
2021-11-16,103.53243112037356
2021-11-17,103.52714829615132
2021-11-18,103.49826020213312
2021-11-19,103.5032181009663
2021-11-22,103.51156970613789
2021-11-23,103.49388160819831
2021-11-24,103.47088340886961
2021-11-25,103.47035431733289
2021-11-26,103.48399596383689
2021-11-29,103.4551007243181
2021-11-30,103.44463852676749
2021-12-01,103.44481273412258
2021-12-02,103.43367047155962
2021-12-03,103.43429160854998
2021-12-06,103.39304840961383
2021-12-07,103.42664960278078
2021-12-08,103.42382049418038
2021-12-09,103.39503530479664
2021-12-10,103.39629738415879
2021-12-13,103.38994880404302
2021-12-14,103.34305435848296
2021-12-15,103.34222754726238
2021-12-16,103.35889968385558
2021-12-17,103.38614246068138
2021-12-20,103.42247093091197
2021-12-21,103.39678517711329
2021-12-22,103.40908081693341
2021-12-23,103.37848504595956
2021-12-24,103.37461275899412
2021-12-27,103.37230924262273
2021-12-28,103.39849272251078
2021-12-29,103.33071787020951
2021-12-30,103.33316563214179
2021-12-31,103.30187277406499
2022-01-04,103.29643389846466
2022-01-05,103.25871435035575
2022-01-06,103.22961162256219
2022-01-07,103.25004343631987
2022-01-10,103.25366763635027
2022-01-11,103.24543461716486
2022-01-12,103.2354171115062
2022-01-13,103.23279299081072
2022-01-14,103.24479704999092
2022-01-17,103.3485654759678
2022-01-18,103.45271785145933
2022-01-19,103.44539276476957
2022-01-20,103.45775989017429
2022-01-21,103.44834077679141
2022-01-24,103.49665533192207
2022-01-25,103.48371435321037
2022-01-26,103.4850606618073
2022-01-27,103.43524039654226
2022-01-28,103.48428009255535
2022-02-07,103.4563592054772
2022-02-08,103.46136990264037
2022-02-09,103.44428653060052
2022-02-10,103.3812260028788
2022-02-11,103.61723831905461
2022-02-14,103.61091360883617
2022-02-15,103.61781570840955
2022-02-16,103.60793923488939
2022-02-17,103.590232158746
2022-02-18,103.58508203255565
2022-02-21,103.63347404892289
2022-02-22,103.65617772304516
2022-02-23,103.59073260961227
2022-02-24,103.62956762563833
2022-02-25,103.60551042469662
2022-02-28,103.59451433451368
2022-03-01,103.55752568780143
2022-03-02,103.55248922872045
2022-03-03,103.48943727323874
2022-03-04,103.50919910509495
2022-03-07,103.53830167585376
2022-03-08,103.56394525039167
2022-03-09,103.58014379838501
2022-03-10,103.51443101183497
2022-03-11,103.58984388084956
2022-03-14,103.67703450478314
2022-03-15,103.7425969670297
2022-03-16,103.65040679685642
2022-03-17,103.68594804100357
2022-03-18,103.69145604254297
2022-03-21,103.71101461601778
2022-03-22,103.63477290251659
2022-03-23,103.67731086726933
2022-03-24,103.6748681875736
2022-03-25,103.69539288992222
2022-03-28,103.69083488170085
2022-03-29,103.69936971357501
2022-03-30,103.72961348690552
2022-03-31,103.64913858194986
2022-04-01,103.64389074526092
2022-04-06,103.66199270763798
2022-04-07,103.6643233555667
2022-04-08,103.64451888311493
2022-04-11,103.63315260188595
2022-04-12,103.65837642015741
2022-04-13,103.69287455817182
2022-04-14,103.78570157200477
2022-04-15,103.86366472446508
2022-04-18,103.90101952227052
2022-04-19,103.98058561167464
2022-04-20,103.96242932711093
2022-04-21,103.96271187098563
2022-04-22,103.94834933798052
2022-04-25,104.05149799872895
2022-04-26,103.99958470551236
2022-04-27,103.95721669699816
2022-04-28,103.95437048764147
2022-04-29,103.94432375579521
2022-05-05,103.98401409249927
2022-05-06,104.00588807214213
2022-05-09,104.03617068786207
2022-05-10,104.05746731212567
2022-05-11,104.043869234968
2022-05-12,104.10427034590906
2022-05-13,104.15747847141954
2022-05-16,104.21038933479159
2022-05-17,104.22703656250667
2022-05-18,104.1492721600445
2022-05-19,104.15508483604611
2022-05-20,104.21644981365405
2022-05-23,104.25859028100407
2022-05-24,104.1868132107363
2022-05-25,104.1638341052876
2022-05-26,104.26634293799002
2022-05-27,104.2378459316365
2022-05-30,104.30987941689516
2022-05-31,104.25136449987029
2022-06-01,104.30442876250456
2022-06-02,104.24736947229147
2022-06-06,104.21624136377501
2022-06-07,104.24198593741218
2022-06-08,104.25278648500766
2022-06-09,104.22767559819344
2022-06-10,104.25152086587433
2022-06-13,104.25290012072355
2022-06-14,104.22255894992169
2022-06-15,104.2214721106677
2022-06-16,104.22519381018019
2022-06-17,104.21533067729985
2022-06-20,104.2201646713653
2022-06-21,104.19472813697976
2022-06-22,104.2211872286532
2022-06-23,104.18999318625343
2022-06-24,104.24454311050373
2022-06-27,104.19685505540508
2022-06-28,104.24463971230942
2022-06-29,104.2737888028738
2022-06-30,104.27113494682858
2022-07-01,104.3199336607735
2022-07-04,104.23038685892485
2022-07-05,104.27960170888728
2022-07-06,104.30692071750131
2022-07-07,104.3262687762529
2022-07-08,104.33261430139329
2022-07-12,104.44806346877415
2022-07-13,104.45522034969952
2022-07-14,104.40913316885381
2022-07-15,104.42984303869815
2022-07-19,104.44719928608133
2022-07-20,104.46783655007434
2022-07-21,104.46372322727817
2022-07-22,104.4577213301605
2022-07-25,104.45183745552823
2022-07-26,104.47970866171623
2022-07-27,104.4698612253386
2022-07-28,104.50438618289158
2022-07-29,104.55799500919645
2022-08-01,104.60550216967465
2022-08-02,104.64748887593385
2022-08-03,104.79534144222609
2022-08-04,104.78876823770283
2022-08-05,104.81706681364078
2022-08-08,104.83118570416774
2022-08-09,104.70549503176399
2022-08-10,104.6520198608011
2022-08-11,104.62135424398109
2022-08-12,104.61819487896152
2022-08-15,104.70665386251969
2022-08-16,104.75189498627545
2022-08-17,104.74688369724178
2022-08-18,104.75396248746624
2022-08-19,104.76193943890009
2022-08-22,104.72948512693816
2022-08-23,104.70895518210584
2022-08-24,104.70469947609364
2022-08-25,104.69080863997442
2022-08-26,104.69544992879113
2022-08-29,104.738712409858
2022-08-30,104.72355335549264
2022-08-31,104.77501032198646
2022-09-01,104.75448178704984
2022-09-02,104.76936488933552
2022-09-05,104.77274508337764
2022-09-06,104.7606927606477
2022-09-07,104.77944743260757
2022-09-08,104.74933218608196
2022-09-09,104.75996816551536
2022-09-13,104.74248608091332
2022-09-14,104.74799059006455
2022-09-15,104.72134058057149
2022-09-16,104.69864296642713
2022-09-19,104.69908315420793
2022-09-20,104.70329040331421
2022-09-21,104.71146756006723
2022-09-22,104.67188467696813
2022-09-23,104.6887414267103
2022-09-26,104.70078468821735
2022-09-27,104.6735898833671
2022-09-28,104.69626437040145
2022-09-29,104.74342179127778
2022-09-30,104.80925759621948
2022-10-10,104.81713424565575
2022-10-11,104.83712970981843
2022-10-12,104.81580548236158
2022-10-13,104.82866620913482
2022-10-14,104.80522161949462
2022-10-17,104.79616336216739
2022-10-18,104.80768767327507
2022-10-19,104.78942359993519
2022-10-20,104.80794451869424
2022-10-21,104.79072108548868
2022-10-24,104.80217360774151
2022-10-25,104.85635223896593
2022-10-26,104.82408493429547
2022-10-27,104.80478662188608
2022-10-28,104.7717828109792
2022-10-31,104.76525600510939
2022-11-01,104.82414796966341
2022-11-02,104.8494367113547
2022-11-03,104.82428875821893
2022-11-04,104.81397821930014
2022-11-07,104.870205835961
2022-11-08,104.88749505127915
2022-11-09,104.94284549424493
2022-11-10,104.98518913838456
2022-11-11,104.99237701101765
2022-11-14,105.0923640886982
2022-11-15,105.13705228719625
2022-11-16,105.23677096059805
2022-11-17,105.10515476549283
2022-11-18,105.12402788716584
2022-11-21,105.12851111340562
2022-11-22,105.08470887059032
2022-11-23,104.95345325783126
2022-11-24,104.96387085827483
2022-11-25,105.09053135420892
2022-11-28,105.1908403730368
2022-11-29,105.22586679934413
2022-11-30,105.35672827055997
2022-12-01,105.18901465085646
2022-12-02,105.18500424764446
2022-12-05,105.291532252761
2022-12-06,105.43827913563682
2022-12-07,105.32854820891444
2022-12-08,105.34712277382894
2022-12-09,105.36349054213952
2022-12-12,105.34580199830825
2022-12-13,105.37184990322473
2022-12-14,105.23167391407569
2022-12-15,105.29999151621203
2022-12-16,105.29785343099532
2022-12-19,105.17071909300628
2022-12-20,105.22348008435438
2022-12-21,105.1880437899575
2022-12-22,105.10070171839942
2022-12-23,105.05189030558901
2022-12-26,105.09237181489175
2022-12-27,105.36907228331349
2022-12-28,105.35470653002639
2022-12-29,105.2995062288691
2022-12-30,105.32500686878628
2023-01-03,105.31969238585856
2023-01-04,105.26756117567375
2023-01-05,105.32165773995277
2023-01-06,105.36860105759385
2023-01-09,105.4267122066715
2023-01-10,105.53090326988526
2023-01-11,105.47791478595869
2023-01-12,105.51660777109196
2023-01-13,105.62392131971765
2023-01-16,105.714645658582
2023-01-17,105.60259132417633
2023-01-18,105.71068878338853
2023-01-19,105.6816813664209
2023-01-20,105.73665299621639
2023-01-30,105.72736645298933
2023-01-31,105.68929804489807
2023-02-01,105.7043416578388
2023-02-02,105.65935472302448
2023-02-03,105.64406789162871
2023-02-06,105.65051501009823
2023-02-07,105.6337211945421
2023-02-08,105.62396329796653
2023-02-09,105.57090623958871
2023-02-10,105.59481143794949
2023-02-13,105.59199880730523
2023-02-14,105.57504252532807
2023-02-15,105.56147584342494
2023-02-16,105.55656467036137
2023-02-17,105.54511035887492
2023-02-20,105.58763027782064
2023-02-21,105.5668093943852
2023-02-22,105.55060614746104
2023-02-23,105.58027450870138
2023-02-24,105.54979632013537
2023-02-27,105.59028179957888
2023-02-28,105.58993961301782
2023-03-01,105.5753647911621
2023-03-02,105.63324335190212
2023-03-03,105.62394807048723
2023-03-06,105.59912206086128
2023-03-07,105.57401177718464
2023-03-08,105.58580579281576
2023-03-09,105.55653105303035
2023-03-10,105.49890668141042
2023-03-14,105.50388917813223
2023-03-15,105.50256394964785
2023-03-22,105.59378034555212
2023-03-23,105.61363536208441
2023-03-27,105.59814615754219
2023-03-28,105.58256192323361
2023-03-29,105.58417736455905
2023-03-30,105.59267492373996
2023-03-31,105.63702620220823
2023-04-03,105.63539492451291
2023-04-04,105.64350332714703
2023-04-07,105.66924923737639
2023-04-11,105.7374037060314
2023-04-12,105.85185416816003
2023-04-13,105.85341702113689
2023-04-14,105.84877837918074
2023-04-17,105.85158740945477
2023-04-18,105.84712404504025
2023-04-19,105.8391506048018
2023-04-20,105.82019724298436
2023-04-21,105.81450808785584
2023-04-24,105.79597847782225
2023-04-25,105.79853656434166
2023-04-26,105.77467884073559
2023-04-27,105.82161968750874
2023-04-28,105.83543251421644
2023-05-04,105.88749933515393
2023-05-05,106.16405017955206
2023-05-08,106.12248528827853
2023-05-09,106.153310202997
2023-05-10,106.2332784445115
2023-05-11,106.37448122140323
2023-05-12,106.41506944468225
2023-05-15,106.44574342167645
2023-05-16,106.34148943909618
2023-05-17,106.26763945600234
2023-05-18,106.33205848945515
2023-05-19,106.56784341471834
2023-05-22,106.62327723748784
2023-05-23,106.81201982976245
2023-05-24,106.75436727922352
2023-05-25,106.77111092205607
2023-05-29,106.77960702827167
2023-05-30,106.74715399617342
2023-05-31,106.87492677095815
2023-06-01,106.92538874399709
2023-06-02,106.72305814164915
2023-06-06,106.88805821962922
2023-06-07,106.83858859942397
2023-06-08,106.87032563045243
2023-06-09,106.91642577980541
2023-06-12,106.92029720975185
2023-06-13,107.04549885847085
2023-06-14,107.00638294528122
2023-06-15,106.9098944537267
2023-06-16,106.80132715404187
2023-06-19,106.67195207861147
2023-06-20,106.76277298302195
2023-06-21,106.82678838844102
2023-06-26,106.83639475935989
2023-06-27,106.85613178404955
2023-06-28,106.85941277417473
2023-06-29,106.95405513352132
2023-06-30,107.14177014517598
2023-07-03,107.1119167439063
2023-07-04,107.02949168606453
2023-07-05,107.07477103303549
2023-07-06,107.05756497684564
2023-07-07,107.07399577942012
2023-07-10,107.07641832049535
2023-07-11,107.05603329158677
2023-07-12,107.04417962489758
2023-07-13,106.96107394337177
2023-07-14,107.01328366418079
2023-07-17,107.04162156171783
2023-07-18,107.07526675874696
2023-07-19,107.05136733419884
2023-07-20,107.05779404948326
2023-07-21,107.0851925251288
2023-07-24,107.06045451814201
2023-07-25,106.87033909710104
2023-07-26,106.88704868672119
2023-07-27,106.90021280946533
2023-07-28,106.85491407039862
2023-07-31,106.84517717969841
2023-08-01,106.84777749834969
2023-08-02,106.92092990141853
2023-08-03,107.00592123143451
2023-08-04,107.0040202238619
2023-08-07,107.01055478556908
2023-08-08,107.02327877980676
2023-08-09,107.00562699630514
2023-08-10,106.99465582582013
2023-08-11,107.02998866230828
2023-08-14,107.20740064343089
2023-08-15,107.33704109344511
2023-08-16,107.35535812531502
2023-08-17,107.36016942598926
2023-08-18,107.39682168522941
2023-08-21,107.47841147382164
2023-08-22,107.38516483404892
2023-08-23,107.4037341331045
2023-08-24,107.41372713186894
2023-08-25,107.3577536009899
2023-08-28,107.32708007271438
2023-08-29,107.3339027954769
2023-08-30,107.36686962936082
2023-08-31,107.34518190117642
2023-09-01,107.25588443728465
2023-09-04,107.17114011344147
2023-09-05,107.17925691204131
2023-09-06,107.21152925934263
2023-09-07,107.25754254786355
2023-09-08,107.22367885153604
2023-09-11,107.25889021975044
2023-09-12,107.26833562473166
2023-09-13,107.29436083841424
2023-09-14,107.30658825339772
2023-09-15,107.21384266854666
2023-09-18,107.29355469380448
2023-09-19,107.3273872895193
2023-09-20,107.31475891283628
2023-09-21,107.28929322192617
2023-09-22,107.23399405696736
2023-09-25,107.29942439666016
2023-09-26,107.25742242143386
2023-09-27,107.2940570481014
2023-09-28,107.34146411782275
2023-10-09,107.32089180554753
2023-10-10,107.37284860294581
2023-10-11,107.36023977349043
2023-10-12,107.31014644382229
2023-10-13,107.25923902849033
2023-10-16,107.29056860066414
2023-10-17,107.32366776768833
2023-10-18,107.3745702673976
2023-10-19,107.50970987539257
2023-10-20,107.55758348303908
2023-10-23,107.53854415729029
2023-10-24,107.58150714107776
2023-10-25,107.66970625004788
2023-10-26,107.62230400340145
2023-10-27,107.62147420106251
2023-10-30,107.6207640911636
2023-10-31,107.65393619051645
2023-11-01,107.65074008597506
2023-11-02,107.62933087741348
2023-11-03,107.57997964016606
2023-11-06,107.60883651652343
2023-11-07,107.6434470195059
2023-11-08,107.64090826830778
2023-11-09,107.64561358677756
2023-11-10,107.62199456110444
2023-11-13,107.65587029214103
2023-11-14,107.65473376409061
2023-11-15,107.65056282748873
2023-11-16,107.69126737333411
2023-11-17,107.68264803208167
2023-11-20,107.68594616685606
2023-11-21,107.6774636511106
2023-11-22,107.65152712486497
2023-11-23,107.67849254091686
2023-11-24,107.74641372308457
2023-11-27,107.79746379403343
2023-11-28,107.78735378593736
2023-11-29,107.79164852404008
2023-11-30,107.7641925418755
2023-12-01,107.74275091542287
2023-12-04,107.7439043087742
2023-12-05,107.71637533750082
2023-12-06,107.7136872975935
2023-12-07,107.8715556192684
2023-12-08,107.8386151582177
2023-12-11,107.8727663237175
2023-12-12,107.8903471757332
2023-12-13,107.9650998859788
2023-12-14,107.94198867985472
2023-12-15,107.97912512090937
2023-12-18,107.95862336291984
2023-12-19,107.93738994161882
2023-12-20,107.89224447628469
2023-12-21,107.9750827268781
2023-12-22,108.01360000300342
2023-12-25,108.05901134911147
2023-12-26,108.03526156182667
2023-12-27,108.07341774129557
2023-12-28,108.20627032715102
2023-12-29,108.23408252398335
2024-01-02,108.15848425636203
2024-01-03,108.1227142780126
2024-01-04,108.15802876204685
2024-01-05,108.13651603262613
2024-01-08,108.13936297122927
2024-01-09,108.18889283929562
2024-01-10,108.11815190716452
2024-01-11,108.19233332260818
2024-01-12,108.14392380578796
2024-01-15,108.20278203477325
2024-01-16,108.18223529304511
2024-01-17,108.19709446523309
2024-01-18,108.15823645281222
2024-01-19,108.19235289648006
2024-01-22,108.20695481186308
2024-01-23,108.18430250257876
2024-01-24,108.26291096120903
2024-01-25,108.2900129748041
2024-01-26,108.27589826614906
2024-01-29,108.34718566597408
2024-01-30,108.38610469011003
2024-01-31,108.34679637265803
2024-02-01,108.35085939962627
2024-02-02,108.35507777085371
2024-02-05,108.3719221687165
2024-02-06,108.38949690971025
2024-02-07,108.44246938518384
2024-02-08,108.42184851651153
2024-02-09,108.41598277042613
2024-02-13,108.40208778719476
2024-02-14,108.40036905280581
2024-02-15,108.3998900724187
2024-02-16,108.3993106536198
2024-02-19,108.36067807411327
2024-02-20,108.48667406240959
2024-02-21,108.48819823249647
2024-02-22,108.52280915697989
2024-02-23,108.46304438277434
2024-02-26,108.43609746855456
2024-02-27,108.47232597871401
2024-02-28,108.48201547003973
2024-02-29,108.4961761963813
2024-03-01,108.44811376103745
2024-03-04,108.43554022750446
2024-03-05,108.43150692409526
2024-03-06,108.39666634430341
2024-03-07,108.40713198681368
2024-03-08,108.38281678075658
2024-03-11,108.39806668661602
2024-03-12,108.40883302940294
2024-03-13,108.42738712984286
2024-03-14,108.41217973133239
2024-03-15,108.41016614982833
2024-03-18,108.43998585922043
2024-03-19,108.38322136572333
2024-03-20,108.49376851312695
2024-03-21,108.45819389218599
2024-03-22,108.46637997855271
2024-03-25,108.48142506912832
2024-03-26,108.52895196865605
2024-03-27,108.62699774882132
2024-03-28,108.59820061633201
2024-03-29,108.62210184139789
2024-04-01,108.62080433138355
2024-04-02,108.7154423472016
2024-04-03,108.71845230312762
2024-04-08,108.70250989912758
2024-04-09,108.69725703953938
2024-04-10,108.69482328144412
2024-04-11,108.69900678775019
2024-04-12,108.71313756896726
2024-04-15,108.65957301676686
2024-04-16,108.65648040496725
2024-04-17,108.6531208865302
2024-04-18,108.64455797755348
2024-04-19,108.64059753762403
2024-04-22,108.62734711260357
2024-04-23,108.64605484799526
2024-04-24,108.62475538030438
2024-04-25,108.56384105131794
2024-04-26,108.59813220158134
2024-04-29,108.56616613474192
2024-04-30,108.6005162498423
2024-05-06,108.60588705845822
2024-05-07,108.71086261729279
2024-05-08,108.70206057592493
2024-05-09,108.5768767967364
2024-05-10,108.64992548624257
2024-05-13,108.87257837917608
2024-05-14,108.92028043430338
2024-05-15,108.888041693714
2024-05-16,108.8275948950156
2024-05-17,108.92928396505283
2024-05-20,108.95622664102673
2024-05-21,108.94909974070808
2024-05-22,108.94381663743702
2024-05-23,108.9491024045877
2024-05-24,108.92846499830975
2024-05-27,108.94120590753272
2024-05-28,108.97869146248873
2024-05-29,108.96847596947894
2024-05-30,108.97271883665589
2024-05-31,108.98122757845054
2024-06-03,108.97934680543719
2024-06-04,108.98012981298024
2024-06-05,108.92310600172135
2024-06-06,108.94213406406432
2024-06-07,108.95161540365153
2024-06-11,108.93087762673032
2024-06-12,108.95845138027455
2024-06-13,108.97039070867152
2024-06-14,108.9674019676157
2024-06-17,109.00569350678084
2024-06-18,108.9730684638451
2024-06-19,108.90299647944795
2024-06-20,108.90082625156141
2024-06-21,108.97007567686853
2024-06-24,108.95053567514124
2024-06-25,108.90364135804191
2024-06-26,108.86545516636855
2024-06-27,108.82352807080005
2024-06-28,108.86197401747215
2024-07-01,109.02286547463245
2024-07-02,108.91218496089839
2024-07-03,108.89687582027912
2024-07-04,108.95010992445077
2024-07-05,109.03650570066752
2024-07-08,109.08048278047657
2024-07-09,108.97305368175503
2024-07-10,108.95994248280245
2024-07-11,108.91399764651251
2024-07-12,108.86963569566855
2024-07-15,108.88282342932378
2024-07-16,108.90121886343273
2024-07-17,108.88198862092024
2024-07-18,108.86512970840035
2024-07-19,108.83220684654691
2024-07-22,108.6851174559875
2024-07-23,108.56226428283158
2024-07-24,108.56979557483304
2024-07-25,108.48634748542267
2024-07-26,108.53777528528616
2024-07-29,108.52525740858836
2024-07-30,108.50801329570565
2024-07-31,108.50124233613232
2024-08-01,108.48954668898291
2024-08-02,108.48599660740257
2024-08-05,108.49961794235871
2024-08-06,108.48130430971213
2024-08-07,108.47000174217334
2024-08-08,108.52923841418236
2024-08-09,108.5335839557994
2024-08-12,108.60371400991879
2024-08-13,108.52374520823076
2024-08-14,108.47323449742974
2024-08-15,108.52480317948023
2024-08-16,108.54135559735553
2024-08-19,108.54169258461795
2024-08-20,108.57328077866859
2024-08-21,108.52400970456799
2024-08-22,108.56024696246172
2024-08-23,108.55773212134538
2024-08-26,108.50804141742245
2024-08-27,108.51481066874393
2024-08-28,108.54038076927554
2024-08-29,108.57703170341814
2024-08-30,108.55562037358347
2024-09-02,108.4489922746438
2024-09-03,108.44739014899632
2024-09-04,108.45801238664343
2024-09-05,108.40674279866893
2024-09-06,108.40188361799734
2024-09-09,108.37974686545904
2024-09-10,108.37401898410897
2024-09-11,108.3535825397012
2024-09-12,108.40399072212617
2024-09-13,108.44172282126341
2024-09-17,108.46065567848495
2024-09-18,108.4534099300555
2024-09-19,108.44429444138297
2024-09-20,108.39582075169419
2024-09-23,108.40792727960596
2024-09-24,108.44678251772075
2024-09-25,108.3970528554198
2024-09-26,108.4972453647023
2024-09-27,108.70277915206015
2024-09-30,109.00479773495199
2024-10-08,108.99342919960553
2024-10-09,109.056844911245
2024-10-10,108.91083583459458
2024-10-11,108.86161649403215
2024-10-14,108.84726954065145
2024-10-15,108.7908150902539
2024-10-16,108.87087695641493
2024-10-17,108.82023256659208
2024-10-18,108.88336816852097
2024-10-21,108.87594926935434
2024-10-22,108.9409421468847
2024-10-23,108.92984522383
2024-10-24,109.02015388147007
2024-10-25,108.97516311754147
2024-10-28,109.01357440320024
2024-10-29,108.98512574179684
2024-10-30,108.99181366697567
2024-10-31,108.95363203076644
2024-11-01,108.99431382268685
2024-11-04,109.01931994624026
2024-11-05,108.994731672222
2024-11-06,108.98373937156028
2024-11-07,108.93171842273621
2024-11-08,108.89621887679436
2024-11-11,108.822059796729
2024-11-12,108.77345921284875
2024-11-13,108.8893371385857
2024-11-14,108.84496049704062
2024-11-15,108.91546826907455
2024-11-18,108.92047435281178
2024-11-19,108.8821111754689
2024-11-20,108.87220603478231
2024-11-21,108.82040500011558
2024-11-25,108.83023528082072
2024-11-26,108.86701736980164
2024-11-27,108.8843749958518
2024-11-28,108.79819986911285
2024-11-29,108.79620005124222
2024-12-02,108.78277091155249
2024-12-03,108.80463357370277
2024-12-04,108.77431202849121
2024-12-05,108.7825950006496
2024-12-06,108.76867378346651
2024-12-09,108.75111721295659
2024-12-10,108.76338101322472
2024-12-11,108.76472960855861
2024-12-12,108.79663023626296
2024-12-13,108.76423940289801
2024-12-16,108.7490966235139
2024-12-17,108.68320443539162
2024-12-18,108.71338105739183
2024-12-19,108.69399434153482
2024-12-20,108.59665269458682
2024-12-23,108.61228013385688
2024-12-24,108.65355675185447
2024-12-25,108.64491661965485
2024-12-26,108.60607185171114
2024-12-27,108.56748844988067
2024-12-30,108.6585915313344
2024-12-31,108.63311042806983
2025-01-02,108.57495114549364
2025-01-03,108.55165134526905
2025-01-06,108.57187438388823
2025-01-07,108.48247983506299
2025-01-08,108.4633121035342
2025-01-09,108.43619228810711
2025-01-10,108.46575480906999
2025-01-13,108.37978896122225
2025-01-14,108.4254396508846
2025-01-15,108.41782609604098
2025-01-16,108.26511633356328
2025-01-17,108.30900587687997
2025-01-20,108.2862028863542
2025-01-21,108.3818511246954
2025-01-22,108.33377745635448
2025-01-23,108.3477174850111
2025-01-24,108.374123569926
2025-01-27,108.39214013300528
2025-02-05,108.41164302378952
2025-02-06,108.3839975357346
2025-02-07,108.38613008457045
2025-02-10,108.41759632217578
2025-02-11,108.43909615346878
2025-02-12,108.36500801883476
2025-02-13,108.40095716732078
2025-02-14,108.34922152098837
2025-02-17,108.25380737843207
2025-02-18,108.2764911133476
2025-02-19,108.36270184675286
2025-02-20,108.26665176051841
2025-02-21,108.13493099734765
2025-02-24,108.16251407926404
2025-02-25,108.23288910710114
2025-02-26,108.27451380815023
2025-02-27,108.24308413971654
2025-02-28,108.22257275111001
2025-03-03,108.2223494705514
2025-03-04,108.24419065126534
2025-03-05,108.25978609634619
2025-03-06,108.24719187231248
2025-03-07,108.10208450401011
2025-03-10,108.05620986771365
2025-03-11,107.97306000581214
2025-03-12,108.07490857251156
2025-03-13,108.08882266321547
2025-03-14,108.10129538104454
2025-03-17,107.94480317835358
2025-03-18,108.02486078875282
2025-03-19,108.05360025084352
2025-03-20,108.1419236466918
2025-03-21,108.08509303081127
2025-03-24,108.21565894841052
2025-03-25,108.1815772402233
2025-03-26,108.29355153686906
2025-03-27,108.2673593455539
2025-03-28,108.23795903403546
2025-03-31,108.23413224493056
2025-04-01,108.22738138406878
2025-04-02,108.25964592617375
2025-04-03,108.47978497675432
2025-04-07,108.69511302185477
2025-04-08,108.64934609716539
2025-04-09,108.79115662269886
2025-04-10,108.83101017692915
2025-04-11,108.832967320736
2025-04-14,108.79985628713933
2025-04-15,108.7759978711526
2025-04-16,108.76107123112095
2025-04-17,108.72474838575874
2025-04-18,108.74007160830888
2025-04-21,108.6792089814408
2025-04-22,108.7394733181334
2025-04-23,108.69776164281126
2025-04-24,108.7085069300031
2025-04-25,108.74214162523313
2025-04-28,108.75303297774947
2025-04-29,108.79235512752572
2025-04-30,108.79489463614453
2025-05-06,108.74481053009262
2025-05-07,108.73678204154132
2025-05-08,108.79729678148848
2025-05-09,108.770600530982
2025-05-12,108.60557946147279
2025-05-13,108.66725794150425
2025-05-14,108.60260310266445
2025-05-15,108.55658060109654
2025-05-16,108.56532076857633
2025-05-19,108.64422666164144
2025-05-20,108.60051507628627
2025-05-21,108.60105781257776
2025-05-22,108.6219983095646
2025-05-23,108.6182024042721
2025-05-26,108.60419791041951
2025-05-27,108.56092848026384
2025-05-28,108.59319463285854
2025-05-29,108.56061531012016
2025-05-30,108.60956755477953
2025-06-03,108.59906677375466
2025-06-04,108.61297999147372
2025-06-05,108.68467325622935
2025-06-06,108.70145978917733
2025-06-09,108.72140651987479
2025-06-10,108.64782949414749
2025-06-11,108.67111532901403
2025-06-12,108.63679702970084
2025-06-13,108.64622877613913
2025-06-16,108.65161623949429
2025-06-17,108.68580577353946
2025-06-18,108.66395053106434
2025-06-19,108.65494796169988
2025-06-20,108.651849152267
2025-06-23,108.62627210306457
2025-06-24,108.60530258288554
2025-06-25,108.59098357344354
2025-06-26,108.61423850018414
2025-06-27,108.61097532855146
2025-06-30,108.59462225532207
2025-07-01,108.58278801181991
2025-07-02,108.60063349069216
2025-07-03,108.59957567412124
2025-07-04,108.58820080770313
2025-07-07,108.61254459325254
2025-07-08,108.60866587866546
2025-07-09,108.6137381242114
2025-07-10,108.61093708262317
2025-07-11,108.6136807809595
2025-07-14,108.59808431649323
2025-07-15,108.62477513556561
2025-07-16,108.64291118918916
2025-07-17,108.63389789882716
2025-07-18,108.58915829230331
2025-07-21,108.56546028338133
2025-07-22,108.55428178863767
2025-07-23,108.58051688089661
2025-07-24,108.57828173069738
2025-07-25,108.56973412894114
2025-07-28,108.57358360624569
2025-07-29,108.54151308971178
2025-07-30,108.5536568854002
2025-07-31,108.57210943618922
2025-08-01,108.5478915281826
2025-08-04,108.56658703194395
2025-08-05,108.57827098336361
2025-08-06,108.570451331159
2025-08-07,108.53898104737432
2025-08-08,108.53247404682796
2025-08-11,108.5538665706981
2025-08-12,108.54924896445624
2025-08-13,108.53990855351292
2025-08-14,108.53636356062597
2025-08-15,108.52729373385208
2025-08-18,108.51262589433665
2025-08-19,108.52136716184538
2025-08-20,108.4984136567889
2025-08-21,108.51641751267387
2025-08-22,108.50270879076633
2025-08-25,108.52796870571495
2025-08-26,108.52872657447988
2025-08-27,108.52097342890788
2025-08-28,108.53748690298531
2025-08-29,108.54600026696701
2025-09-01,108.52386338732664
2025-09-02,108.52032109457753
2025-09-03,108.50339140468068
2025-09-04,108.53214602758467
2025-09-05,108.52630034170633
2025-09-08,108.56436384131108
2025-09-09,108.53371080458282
2025-09-10,108.59127501392862
2025-09-11,108.61796507335997
2025-09-12,108.58091009720212
2025-09-15,108.57133636552405
2025-09-16,108.56637123967671
2025-09-17,108.54837466405745
2025-09-18,108.58184413754965
2025-09-19,108.62420830865953
2025-09-22,108.61600994700382
2025-09-23,108.66676461707702
2025-09-24,108.67620709773061
2025-09-25,108.67862773356718
2025-09-26,108.65999117018687
2025-09-29,108.73799778403377
2025-09-30,108.73729033121893
2025-10-09,108.69075837829578
2025-10-10,108.67545743648807
2025-10-13,108.61649296639521
2025-10-14,108.53679987266129
2025-10-15,108.50710909256154
2025-10-16,108.50308453523871
2025-10-17,108.44067818159557
2025-10-20,108.56468976537047
2025-10-21,108.4605333702334
2025-10-22,108.44200061915892
2025-10-23,108.50875252264373
2025-10-24,108.54936659807383
2025-10-27,108.45282106431272
2025-10-28,108.48502744551283
2025-10-29,108.4492631299916
2025-10-30,108.46704392140944
2025-10-31,108.41360328648508
2025-11-03,108.45681405257052
2025-11-04,108.50715825774581
2025-11-05,108.49299309415612
2025-11-06,108.50718566509794
2025-11-07,108.51855802007786
2025-11-10,108.49242824600674
2025-11-11,108.48209644342413
2025-11-12,108.48380674880833
2025-11-13,108.51710064569917
2025-11-14,108.55764358951487
2025-11-17,108.54300907434262
2025-11-18,108.50514155978605
2025-11-19,108.48932479772984
2025-11-20,108.45811302801742
2025-11-21,108.46972327653064
2025-11-24,108.47818052721532
2025-11-25,108.50904141027588
2025-11-26,108.56424864548072
2025-11-27,108.59073191512559
2025-11-28,108.59535488238905
2025-12-01,108.56776497214062
2025-12-02,108.58526644684603
2025-12-03,108.59794494340144
2025-12-04,108.62070661250502
2025-12-05,108.58164012887389
2025-12-08,108.53334242821273
2025-12-09,108.52812872215742
2025-12-10,108.56777175038488
2025-12-11,108.55021892704106
2025-12-12,108.5633095662578
2025-12-15,108.54504388748303
2025-12-16,108.55768046843114
2025-12-17,108.50160335766981
2025-12-18,108.51007704499689
2025-12-19,108.4852221479599
2025-12-22,108.50321404585883
2025-12-23,108.48913498621309
2025-12-24,108.4602061856773
2025-12-25,108.46161129095258
2025-12-26,108.45336996275603
2025-12-29,108.46033735296778
2025-12-30,108.45762521477118
2025-12-31,108.47626090309339
